-- phpMyAdmin SQL Dump
-- version 5.2.0
-- https://www.phpmyadmin.net/
--
-- Host: 127.0.0.1
-- Generation Time: May 17, 2023 at 07:37 AM
-- Server version: 10.4.27-MariaDB
-- PHP Version: 8.2.0

SET SQL_MODE = "NO_AUTO_VALUE_ON_ZERO";
START TRANSACTION;
SET time_zone = "+00:00";


/*!40101 SET @OLD_CHARACTER_SET_CLIENT=@@CHARACTER_SET_CLIENT */;
/*!40101 SET @OLD_CHARACTER_SET_RESULTS=@@CHARACTER_SET_RESULTS */;
/*!40101 SET @OLD_COLLATION_CONNECTION=@@COLLATION_CONNECTION */;
/*!40101 SET NAMES utf8mb4 */;

--
-- Database: `graceerp(final)`
--

-- --------------------------------------------------------

--
-- Table structure for table `erp_attact`
--

CREATE TABLE `erp_attact` (
  `att_actid` bigint(20) NOT NULL COMMENT 'attendance activity id',
  `att_id` bigint(20) NOT NULL COMMENT 'attendance id',
  `stu_id` bigint(20) NOT NULL COMMENT 'student id(Register no)',
  `att_date` date NOT NULL COMMENT 'attendance date',
  `att_hour` varchar(10) NOT NULL COMMENT 'attendance hour(1,2,3,4,5,6,7,8)',
  `att_sub` varchar(50) NOT NULL COMMENT 'subcode of attendance taken',
  `att_status` varchar(10) NOT NULL COMMENT 'attendance status(P/A)',
  `cls_id` bigint(20) NOT NULL COMMENT 'class id',
  `att_act` varchar(30) NOT NULL COMMENT 'Activity (delete/update)',
  `attact_ts` timestamp NOT NULL DEFAULT current_timestamp() ON UPDATE current_timestamp() COMMENT 'Attendance Modified Timestamp'
) ENGINE=InnoDB DEFAULT CHARSET=utf8mb4 COLLATE=utf8mb4_general_ci;

--
-- Dumping data for table `erp_attact`
--

INSERT INTO `erp_attact` (`att_actid`, `att_id`, `stu_id`, `att_date`, `att_hour`, `att_sub`, `att_status`, `cls_id`, `att_act`, `attact_ts`) VALUES
(1, 129, 950320104003, '2023-04-03', '1,2', 'CS8601', 'P', 1, 'Update', '2023-04-03 04:19:03'),
(2, 130, 950320104005, '2023-04-03', '1,2', 'CS8601', 'P', 1, 'Update', '2023-04-03 04:19:03'),
(3, 131, 950320104006, '2023-04-03', '1,2', 'CS8601', 'P', 1, 'Update', '2023-04-03 04:19:03'),
(4, 132, 950320104007, '2023-04-03', '1,2', 'CS8601', 'P', 1, 'Update', '2023-04-03 04:19:03'),
(5, 133, 950320104012, '2023-04-03', '1,2', 'CS8601', 'P', 1, 'Update', '2023-04-03 04:19:03'),
(6, 134, 950320104013, '2023-04-03', '1,2', 'CS8601', 'P', 1, 'Update', '2023-04-03 04:19:03'),
(7, 135, 950320104014, '2023-04-03', '1,2', 'CS8601', 'P', 1, 'Update', '2023-04-03 04:19:03'),
(8, 136, 950320104015, '2023-04-03', '1,2', 'CS8601', 'P', 1, 'Update', '2023-04-03 04:19:03'),
(9, 137, 950320104018, '2023-04-03', '1,2', 'CS8601', 'P', 1, 'Update', '2023-04-03 04:19:03'),
(10, 138, 950320104022, '2023-04-03', '1,2', 'CS8601', 'P', 1, 'Update', '2023-04-03 04:19:03');

-- --------------------------------------------------------

--
-- Table structure for table `erp_attendance`
--

CREATE TABLE `erp_attendance` (
  `att_id` bigint(20) NOT NULL COMMENT 'attendance id',
  `stu_id` varchar(30) NOT NULL COMMENT 'student id(Register no)',
  `att_date` date NOT NULL COMMENT 'attendance date',
  `att_hour` varchar(10) NOT NULL COMMENT 'attendance hour(1,2,3,4,5,6,7,8)',
  `att_sub` varchar(50) NOT NULL COMMENT 'subcode of attendance taken',
  `att_status` varchar(10) NOT NULL COMMENT 'attendance status(P/A)',
  `att_sreason` varchar(500) NOT NULL COMMENT 'reason for absence',
  `cls_id` bigint(20) NOT NULL COMMENT 'class id'
) ENGINE=InnoDB DEFAULT CHARSET=utf8mb4 COLLATE=utf8mb4_general_ci;

--
-- Dumping data for table `erp_attendance`
--

INSERT INTO `erp_attendance` (`att_id`, `stu_id`, `att_date`, `att_hour`, `att_sub`, `att_status`, `att_sreason`, `cls_id`) VALUES
(1, '2022MBA101', '2023-04-03', '1', 'MBA101', 'P', 'Present', 6),
(2, '2022MBA102', '2023-04-03', '1', 'MBA101', 'P', 'Present', 6),
(3, '2022MBA103', '2023-04-03', '1', 'MBA101', 'P', 'Present', 6),
(4, '2022MBA104', '2023-04-03', '1', 'MBA101', 'P', 'Present', 6),
(5, '2022MBA105', '2023-04-03', '1', 'MBA101', 'P', 'Present', 6),
(6, '2022MBA106', '2023-04-03', '1', 'MBA101', 'P', 'Present', 6),
(7, '2022MBA107', '2023-04-03', '1', 'MBA101', 'P', 'Present', 6),
(8, '2022MBA108', '2023-04-03', '1', 'MBA101', 'P', 'Present', 6),
(9, '2022MBA109', '2023-04-03', '1', 'MBA101', 'P', 'Present', 6),
(10, '2022MBA110', '2023-04-03', '1', 'MBA101', 'P', 'Present', 6),
(11, '2022MBA101', '2023-04-03', '2', 'MBA102', 'P', 'Present', 6),
(12, '2022MBA102', '2023-04-03', '2', 'MBA102', 'P', 'Present', 6),
(13, '2022MBA103', '2023-04-03', '2', 'MBA102', 'P', 'Present', 6),
(14, '2022MBA104', '2023-04-03', '2', 'MBA102', 'P', 'Present', 6),
(15, '2022MBA105', '2023-04-03', '2', 'MBA102', 'P', 'Present', 6),
(16, '2022MBA106', '2023-04-03', '2', 'MBA102', 'P', 'Present', 6),
(17, '2022MBA107', '2023-04-03', '2', 'MBA102', 'P', 'Present', 6),
(18, '2022MBA108', '2023-04-03', '2', 'MBA102', 'P', 'Present', 6),
(19, '2022MBA109', '2023-04-03', '2', 'MBA102', 'P', 'Present', 6),
(20, '2022MBA110', '2023-04-03', '2', 'MBA102', 'P', 'Present', 6),
(21, '2022MBA101', '2023-04-03', '3', 'MBA103', 'P', 'Present', 6),
(22, '2022MBA102', '2023-04-03', '3', 'MBA103', 'P', 'Present', 6),
(23, '2022MBA103', '2023-04-03', '3', 'MBA103', 'P', 'Present', 6),
(24, '2022MBA104', '2023-04-03', '3', 'MBA103', 'P', 'Present', 6),
(25, '2022MBA105', '2023-04-03', '3', 'MBA103', 'P', 'Present', 6),
(26, '2022MBA106', '2023-04-03', '3', 'MBA103', 'P', 'Present', 6),
(27, '2022MBA107', '2023-04-03', '3', 'MBA103', 'P', 'Present', 6),
(28, '2022MBA108', '2023-04-03', '3', 'MBA103', 'P', 'Present', 6),
(29, '2022MBA109', '2023-04-03', '3', 'MBA103', 'P', 'Present', 6),
(30, '2022MBA110', '2023-04-03', '3', 'MBA103', 'P', 'Present', 6),
(31, '2022MBA101', '2023-04-03', '4', 'MBA102', 'P', 'Present', 6),
(32, '2022MBA102', '2023-04-03', '4', 'MBA102', 'P', 'Present', 6),
(33, '2022MBA103', '2023-04-03', '4', 'MBA102', 'P', 'Present', 6),
(34, '2022MBA104', '2023-04-03', '4', 'MBA102', 'P', 'Present', 6),
(35, '2022MBA105', '2023-04-03', '4', 'MBA102', 'P', 'Present', 6),
(36, '2022MBA106', '2023-04-03', '4', 'MBA102', 'P', 'Present', 6),
(37, '2022MBA107', '2023-04-03', '4', 'MBA102', 'P', 'Present', 6),
(38, '2022MBA108', '2023-04-03', '4', 'MBA102', 'P', 'Present', 6),
(39, '2022MBA109', '2023-04-03', '4', 'MBA102', 'P', 'Present', 6),
(40, '2022MBA110', '2023-04-03', '4', 'MBA102', 'P', 'Present', 6),
(41, '950320103003', '2023-04-03', '1', 'CE8601', 'P', 'Present', 20),
(42, '950320103005', '2023-04-03', '1', 'CE8601', 'P', 'Present', 20),
(43, '950320103006', '2023-04-03', '1', 'CE8601', 'P', 'Present', 20),
(44, '950320103007', '2023-04-03', '1', 'CE8601', 'P', 'Present', 20),
(45, '950320103012', '2023-04-03', '1', 'CE8601', 'P', 'Present', 20),
(46, '950320103013', '2023-04-03', '1', 'CE8601', 'P', 'Present', 20),
(47, '950320103014', '2023-04-03', '1', 'CE8601', 'P', 'Present', 20),
(48, '950320103015', '2023-04-03', '1', 'CE8601', 'P', 'Present', 20),
(49, '950320103018', '2023-04-03', '1', 'CE8601', 'P', 'Present', 20),
(50, '950320103020', '2023-04-03', '1', 'CE8601', 'P', 'Present', 20),
(51, '950320103025', '2023-04-03', '1', 'CE8601', 'P', 'Present', 20),
(52, '950320103003', '2023-04-03', '2', 'CE8602', 'P', 'Present', 20),
(53, '950320103005', '2023-04-03', '2', 'CE8602', 'P', 'Present', 20),
(54, '950320103006', '2023-04-03', '2', 'CE8602', 'P', 'Present', 20),
(55, '950320103007', '2023-04-03', '2', 'CE8602', 'P', 'Present', 20),
(56, '950320103012', '2023-04-03', '2', 'CE8602', 'P', 'Present', 20),
(57, '950320103013', '2023-04-03', '2', 'CE8602', 'P', 'Present', 20),
(58, '950320103014', '2023-04-03', '2', 'CE8602', 'P', 'Present', 20),
(59, '950320103015', '2023-04-03', '2', 'CE8602', 'P', 'Present', 20),
(60, '950320103018', '2023-04-03', '2', 'CE8602', 'P', 'Present', 20),
(61, '950320103020', '2023-04-03', '2', 'CE8602', 'P', 'Present', 20),
(62, '950320103025', '2023-04-03', '2', 'CE8602', 'P', 'Present', 20),
(63, '950320103003', '2023-04-03', '3', 'CE8602', 'P', 'Present', 20),
(64, '950320103005', '2023-04-03', '3', 'CE8602', 'P', 'Present', 20),
(65, '950320103006', '2023-04-03', '3', 'CE8602', 'P', 'Present', 20),
(66, '950320103007', '2023-04-03', '3', 'CE8602', 'P', 'Present', 20),
(67, '950320103012', '2023-04-03', '3', 'CE8602', 'P', 'Present', 20),
(68, '950320103013', '2023-04-03', '3', 'CE8602', 'P', 'Present', 20),
(69, '950320103014', '2023-04-03', '3', 'CE8602', 'P', 'Present', 20),
(70, '950320103015', '2023-04-03', '3', 'CE8602', 'P', 'Present', 20),
(71, '950320103018', '2023-04-03', '3', 'CE8602', 'P', 'Present', 20),
(72, '950320103020', '2023-04-03', '3', 'CE8602', 'P', 'Present', 20),
(73, '950320103025', '2023-04-03', '3', 'CE8602', 'P', 'Present', 20),
(74, '950320103003', '2023-04-03', '4', 'CE8604', 'P', 'Present', 20),
(75, '950320103005', '2023-04-03', '4', 'CE8604', 'P', 'Present', 20),
(76, '950320103006', '2023-04-03', '4', 'CE8604', 'P', 'Present', 20),
(77, '950320103007', '2023-04-03', '4', 'CE8604', 'P', 'Present', 20),
(78, '950320103012', '2023-04-03', '4', 'CE8604', 'P', 'Present', 20),
(79, '950320103013', '2023-04-03', '4', 'CE8604', 'P', 'Present', 20),
(80, '950320103014', '2023-04-03', '4', 'CE8604', 'P', 'Present', 20),
(81, '950320103015', '2023-04-03', '4', 'CE8604', 'P', 'Present', 20),
(82, '950320103018', '2023-04-03', '4', 'CE8604', 'P', 'Present', 20),
(83, '950320103020', '2023-04-03', '4', 'CE8604', 'P', 'Present', 20),
(84, '950320103025', '2023-04-03', '4', 'CE8604', 'P', 'Present', 20),
(85, '950320103003', '2023-04-03', '5', 'CE8611', 'P', 'Present', 20),
(86, '950320103005', '2023-04-03', '5', 'CE8611', 'P', 'Present', 20),
(87, '950320103006', '2023-04-03', '5', 'CE8611', 'P', 'Present', 20),
(88, '950320103007', '2023-04-03', '5', 'CE8611', 'P', 'Present', 20),
(89, '950320103012', '2023-04-03', '5', 'CE8611', 'P', 'Present', 20),
(90, '950320103013', '2023-04-03', '5', 'CE8611', 'P', 'Present', 20),
(91, '950320103014', '2023-04-03', '5', 'CE8611', 'P', 'Present', 20),
(92, '950320103015', '2023-04-03', '5', 'CE8611', 'P', 'Present', 20),
(93, '950320103018', '2023-04-03', '5', 'CE8611', 'P', 'Present', 20),
(94, '950320103020', '2023-04-03', '5', 'CE8611', 'P', 'Present', 20),
(95, '950320103025', '2023-04-03', '5', 'CE8611', 'P', 'Present', 20),
(96, '950320103003', '2023-04-03', '6', 'CE8611', 'P', 'Present', 20),
(97, '950320103005', '2023-04-03', '6', 'CE8611', 'P', 'Present', 20),
(98, '950320103006', '2023-04-03', '6', 'CE8611', 'P', 'Present', 20),
(99, '950320103007', '2023-04-03', '6', 'CE8611', 'P', 'Present', 20),
(100, '950320103012', '2023-04-03', '6', 'CE8611', 'P', 'Present', 20),
(101, '950320103013', '2023-04-03', '6', 'CE8611', 'P', 'Present', 20),
(102, '950320103014', '2023-04-03', '6', 'CE8611', 'P', 'Present', 20),
(103, '950320103015', '2023-04-03', '6', 'CE8611', 'P', 'Present', 20),
(104, '950320103018', '2023-04-03', '6', 'CE8611', 'P', 'Present', 20),
(105, '950320103020', '2023-04-03', '6', 'CE8611', 'P', 'Present', 20),
(106, '950320103025', '2023-04-03', '6', 'CE8611', 'P', 'Present', 20),
(107, '950320103003', '2023-04-03', '7', 'CE8611', 'P', 'Present', 20),
(108, '950320103005', '2023-04-03', '7', 'CE8611', 'P', 'Present', 20),
(109, '950320103006', '2023-04-03', '7', 'CE8611', 'P', 'Present', 20),
(110, '950320103007', '2023-04-03', '7', 'CE8611', 'P', 'Present', 20),
(111, '950320103012', '2023-04-03', '7', 'CE8611', 'P', 'Present', 20),
(112, '950320103013', '2023-04-03', '7', 'CE8611', 'P', 'Present', 20),
(113, '950320103014', '2023-04-03', '7', 'CE8611', 'P', 'Present', 20),
(114, '950320103015', '2023-04-03', '7', 'CE8611', 'P', 'Present', 20),
(115, '950320103018', '2023-04-03', '7', 'CE8611', 'P', 'Present', 20),
(116, '950320103020', '2023-04-03', '7', 'CE8611', 'P', 'Present', 20),
(117, '950320103025', '2023-04-03', '7', 'CE8611', 'P', 'Present', 20),
(118, '950320103003', '2023-04-03', '8', 'CE8602', 'P', 'Present', 20),
(119, '950320103005', '2023-04-03', '8', 'CE8602', 'P', 'Present', 20),
(120, '950320103006', '2023-04-03', '8', 'CE8602', 'P', 'Present', 20),
(121, '950320103007', '2023-04-03', '8', 'CE8602', 'P', 'Present', 20),
(122, '950320103012', '2023-04-03', '8', 'CE8602', 'P', 'Present', 20),
(123, '950320103013', '2023-04-03', '8', 'CE8602', 'P', 'Present', 20),
(124, '950320103014', '2023-04-03', '8', 'CE8602', 'P', 'Present', 20),
(125, '950320103015', '2023-04-03', '8', 'CE8602', 'P', 'Present', 20),
(126, '950320103018', '2023-04-03', '8', 'CE8602', 'P', 'Present', 20),
(127, '950320103020', '2023-04-03', '8', 'CE8602', 'P', 'Present', 20),
(128, '950320103025', '2023-04-03', '8', 'CE8602', 'P', 'Present', 20),
(129, '950320104003', '2023-04-03', '1', 'CS8601', 'P', 'Present', 1),
(130, '950320104005', '2023-04-03', '1', 'CS8601', 'P', 'Present', 1),
(131, '950320104006', '2023-04-03', '1', 'CS8601', 'A', 'Suffering from fever', 1),
(132, '950320104007', '2023-04-03', '1', 'CS8601', 'P', 'Present', 1),
(133, '950320104012', '2023-04-03', '1', 'CS8601', 'P', 'Present', 1),
(134, '950320104013', '2023-04-03', '1', 'CS8601', 'P', 'Present', 1),
(135, '950320104014', '2023-04-03', '1', 'CS8601', 'P', 'Present', 1),
(136, '950320104015', '2023-04-03', '1', 'CS8601', 'P', 'Present', 1),
(137, '950320104018', '2023-04-03', '1', 'CS8601', 'P', 'Present', 1),
(138, '950320104022', '2023-04-03', '1', 'CS8601', 'P', 'Present', 1),
(139, '950320104023', '2023-04-03', '1', 'CS8601', 'P', 'Present', 1),
(140, '950320104025', '2023-04-03', '1', 'CS8601', 'A', 'Going to temple', 1),
(141, '950320104027', '2023-04-03', '1', 'CS8601', 'P', 'Present', 1),
(142, '950320104028', '2023-04-03', '1', 'CS8601', 'A', 'fever', 1),
(143, '950320104303', '2023-04-03', '1', 'CS8601', 'P', 'Present', 1),
(144, '950320104305', '2023-04-03', '1', 'CS8601', 'P', 'Present', 1),
(145, '950320104701', '2023-04-03', '1', 'CS8601', 'P', 'Present', 1),
(146, '950320104003', '2023-04-03', '2', 'CS8602', 'P', 'Present', 1),
(147, '950320104005', '2023-04-03', '2', 'CS8602', 'P', 'Present', 1),
(148, '950320104006', '2023-04-03', '2', 'CS8602', 'P', 'Present', 1),
(149, '950320104007', '2023-04-03', '2', 'CS8602', 'P', 'Present', 1),
(150, '950320104012', '2023-04-03', '2', 'CS8602', 'P', 'Present', 1),
(151, '950320104013', '2023-04-03', '2', 'CS8602', 'P', 'Present', 1),
(152, '950320104014', '2023-04-03', '2', 'CS8602', 'P', 'Present', 1),
(153, '950320104015', '2023-04-03', '2', 'CS8602', 'P', 'Present', 1),
(154, '950320104018', '2023-04-03', '2', 'CS8602', 'P', 'Present', 1),
(155, '950320104022', '2023-04-03', '2', 'CS8602', 'P', 'Present', 1),
(156, '950320104023', '2023-04-03', '2', 'CS8602', 'P', 'Present', 1),
(157, '950320104025', '2023-04-03', '2', 'CS8602', 'A', 'Going to temple', 1),
(158, '950320104027', '2023-04-03', '2', 'CS8602', 'P', 'Present', 1),
(159, '950320104028', '2023-04-03', '2', 'CS8602', 'A', 'fever', 1),
(160, '950320104303', '2023-04-03', '2', 'CS8602', 'P', 'Present', 1),
(161, '950320104305', '2023-04-03', '2', 'CS8602', 'P', 'Present', 1),
(162, '950320104701', '2023-04-03', '2', 'CS8602', 'P', 'Present', 1),
(163, '950320104003', '2023-04-03', '3', 'CS8602 ', 'P', 'Present', 1),
(164, '950320104005', '2023-04-03', '3', 'CS8602 ', 'P', 'Present', 1),
(165, '950320104006', '2023-04-03', '3', 'CS8602', 'A', 'Suffering from fever', 1),
(166, '950320104007', '2023-04-03', '3', 'CS8602', 'P', 'Present', 1),
(167, '950320104012', '2023-04-03', '3', 'CS8602', 'P', 'Present', 1),
(168, '950320104013', '2023-04-03', '3', 'CS8602', 'P', 'Present', 1),
(169, '950320104014', '2023-04-03', '3', 'CS8602', 'P', 'Present', 1),
(170, '950320104015', '2023-04-03', '3', 'CS8602', 'P', 'Present', 1),
(171, '950320104018', '2023-04-03', '3', 'CS8602', 'P', 'Present', 1),
(172, '950320104022', '2023-04-03', '3', 'CS8602', 'P', 'Present', 1),
(173, '950320104023', '2023-04-03', '3', 'CS8602', 'P', 'Present', 1),
(174, '950320104025', '2023-04-03', '3', 'CS8602', 'A', 'Going to temple', 1),
(175, '950320104027', '2023-04-03', '3', 'CS8602', 'P', 'Present', 1),
(176, '950320104028', '2023-04-03', '3', 'CS8602', 'A', 'fever', 1),
(177, '950320104303', '2023-04-03', '3', 'CS8602', 'P', 'Present', 1),
(178, '950320104305', '2023-04-03', '3', 'CS8602', 'P', 'Present', 1),
(179, '950320104701', '2023-04-03', '3', 'CS8602', 'P', 'Present', 1),
(180, '950320104003', '2023-04-03', '4', 'CS8661', 'P', 'Present', 1),
(181, '950320104005', '2023-04-03', '4', 'CS8661', 'P', 'Present', 1),
(182, '950320104006', '2023-04-03', '4', 'CS8661', 'P', 'Present', 1),
(183, '950320104007', '2023-04-03', '4', 'CS8661', 'P', 'Present', 1),
(184, '950320104012', '2023-04-03', '4', 'CS8661', 'P', 'Present', 1),
(185, '950320104013', '2023-04-03', '4', 'CS8661', 'P', 'Present', 1),
(186, '950320104014', '2023-04-03', '4', 'CS8661', 'P', 'Present', 1),
(187, '950320104015', '2023-04-03', '4', 'CS8661', 'P', 'Present', 1),
(188, '950320104018', '2023-04-03', '4', 'CS8661', 'P', 'Present', 1),
(189, '950320104022', '2023-04-03', '4', 'CS8661', 'P', 'Present', 1),
(190, '950320104023', '2023-04-03', '4', 'CS8661', 'P', 'Present', 1),
(191, '950320104025', '2023-04-03', '4', 'CS8661', 'A', 'Going to temple', 1),
(192, '950320104027', '2023-04-03', '4', 'CS8661', 'P', 'Present', 1),
(193, '950320104028', '2023-04-03', '4', 'CS8661', 'A', 'fever', 1),
(194, '950320104305', '2023-04-03', '4', 'CS8661', 'P', 'Present', 1),
(195, '950320104305', '2023-04-03', '4', 'CS8661', 'P', 'Present', 1),
(196, '950320104701', '2023-04-03', '4', 'CS8661', 'P', 'Present', 1),
(197, '950320104003', '2023-04-03', '5', 'CS8661', 'P', 'Present', 1),
(198, '950320104005', '2023-04-03', '5', 'CS8661', 'P', 'Present', 1),
(199, '950320104006', '2023-04-03', '5', 'CS8661', 'A', 'Suffering from fever', 1),
(200, '950320104007', '2023-04-03', '5', 'CS8661', 'P', 'Present', 1),
(201, '950320104012', '2023-04-03', '5', 'CS8661', 'P', 'Present', 1),
(202, '950320104013', '2023-04-03', '5', 'CS8661', 'P', 'Present', 1),
(203, '950320104014', '2023-04-03', '5', 'CS8661', 'P', 'Present', 1),
(204, '950320104015', '2023-04-03', '5', 'CS8661', 'P', 'Present', 1),
(205, '950320104018', '2023-04-03', '5', 'CS8661', 'P', 'Present', 1),
(206, '950320104022', '2023-04-03', '5', 'CS8661', 'P', 'Present', 1),
(207, '950320104023', '2023-04-03', '5', 'CS8661', 'P', 'Present', 1),
(208, '950320104025', '2023-04-03', '5', 'CS8661', 'A', 'Going to temple', 1),
(209, '950320104027', '2023-04-03', '5', 'CS8661', 'P', 'Present', 1),
(210, '950320104028', '2023-04-03', '5', 'CS8661', 'A', 'fever', 1),
(211, '950320104305', '2023-04-03', '5', 'CS8661', 'P', 'Present', 1),
(212, '950320104305', '2023-04-03', '5', 'CS8661', 'P', 'Present', 1),
(213, '950320104701', '2023-04-03', '5', 'CS8661', 'P', 'Present', 1),
(214, '950320104003', '2023-04-03', '6', 'CS8661', 'P', 'Present', 1),
(215, '950320104005', '2023-04-03', '6', 'CS8661', 'P', 'Present', 1),
(216, '950320104006', '2023-04-03', '6', 'CS8661', 'P', 'Present', 1),
(217, '950320104007', '2023-04-03', '6', 'CS8661', 'P', 'Present', 1),
(218, '950320104012', '2023-04-03', '6', 'CS8661', 'P', 'Present', 1),
(219, '950320104013', '2023-04-03', '6', 'CS8661', 'P', 'Present', 1),
(220, '950320104014', '2023-04-03', '6', 'CS8661', 'P', 'Present', 1),
(221, '950320104015', '2023-04-03', '6', 'CS8661', 'P', 'Present', 1),
(222, '950320104018', '2023-04-03', '6', 'CS8661', 'P', 'Present', 1),
(223, '950320104022', '2023-04-03', '6', 'CS8661', 'P', 'Present', 1),
(224, '950320104023', '2023-04-03', '6', 'CS8661', 'P', 'Present', 1),
(225, '950320104025', '2023-04-03', '6', 'CS8661', 'A', 'Going to temple', 1),
(226, '950320104027', '2023-04-03', '6', 'CS8661', 'P', 'Present', 1),
(227, '950320104028', '2023-04-03', '6', 'CS8661', 'A', 'fever', 1),
(228, '950320104305', '2023-04-03', '6', 'CS8661', 'P', 'Present', 1),
(229, '950320104305', '2023-04-03', '6', 'CS8661', 'P', 'Present', 1),
(230, '950320104701', '2023-04-03', '6', 'CS8661', 'P', 'Present', 1),
(231, '950320104003', '2023-04-03', '7', 'CS8661', 'P', 'Present', 1),
(232, '950320104005', '2023-04-03', '7', 'CS8661', 'P', 'Present', 1),
(233, '950320104006', '2023-04-03', '7', 'CS8661', 'A', 'Suffering from fever', 1),
(234, '950320104007', '2023-04-03', '7', 'CS8661', 'P', 'Present', 1),
(235, '950320104012', '2023-04-03', '7', 'CS8661', 'P', 'Present', 1),
(236, '950320104013', '2023-04-03', '7', 'CS8661', 'P', 'Present', 1),
(237, '950320104014', '2023-04-03', '7', 'CS8661', 'P', 'Present', 1),
(238, '950320104015', '2023-04-03', '7', 'CS8661', 'P', 'Present', 1),
(239, '950320104018', '2023-04-03', '7', 'CS8661', 'P', 'Present', 1),
(240, '950320104022', '2023-04-03', '7', 'CS8661', 'P', 'Present', 1),
(241, '950320104023', '2023-04-03', '7', 'CS8661', 'P', 'Present', 1),
(242, '950320104025', '2023-04-03', '7', 'CS8661', 'A', 'Going to temple', 1),
(243, '950320104027', '2023-04-03', '7', 'CS8661', 'P', 'Present', 1),
(244, '950320104028', '2023-04-03', '7', 'CS8661', 'A', 'fever', 1),
(245, '950320104305', '2023-04-03', '7', 'CS8661', 'P', 'Present', 1),
(246, '950320104305', '2023-04-03', '7', 'CS8661', 'P', 'Present', 1),
(247, '950320104701', '2023-04-03', '7', 'CS8661', 'P', 'Present', 1),
(248, '950320104003', '2023-04-03', '8', 'CS8602', 'P', 'Present', 1),
(249, '950320104005', '2023-04-03', '8', 'CS8602', 'P', 'Present', 1),
(250, '950320104006', '2023-04-03', '8', 'CS8602', 'P', 'Present', 1),
(251, '950320104007', '2023-04-03', '8', 'CS8602', 'P', 'Present', 1),
(252, '950320104012', '2023-04-03', '8', 'CS8602', 'P', 'Present', 1),
(253, '950320104013', '2023-04-03', '8', 'CS8602', 'P', 'Present', 1),
(254, '950320104014', '2023-04-03', '8', 'CS8602', 'P', 'Present', 1),
(255, '950320104015', '2023-04-03', '8', 'CS8602', 'P', 'Present', 1),
(256, '950320104018', '2023-04-03', '8', 'CS8602', 'P', 'Present', 1),
(257, '950320104022', '2023-04-03', '8', 'CS8602', 'P', 'Present', 1),
(258, '950320104023', '2023-04-03', '8', 'CS8602', 'P', 'Present', 1),
(259, '950320104025', '2023-04-03', '8', 'CS8602', 'A', 'Going to temple', 1),
(260, '950320104027', '2023-04-03', '8', 'CS8602', 'P', 'Present', 1),
(261, '950320104028', '2023-04-03', '8', 'CS8602', 'A', 'fever', 1),
(262, '950320104305', '2023-04-03', '8', 'CS8602', 'P', 'Present', 1),
(263, '950320104305', '2023-04-03', '8', 'CS8602', 'P', 'Present', 1),
(264, '950320104701', '2023-04-03', '8', 'CS8602', 'P', 'Present', 1),
(265, '950320105003', '2023-04-03', '1', 'EE8601', 'P', 'Present', 16),
(266, '950320105005', '2023-04-03', '1', 'EE8601', 'P', 'Present', 16),
(267, '950320105006', '2023-04-03', '1', 'EE8601', 'P', 'Present', 16),
(268, '950320105007', '2023-04-03', '1', 'EE8601', 'P', 'Present', 16),
(269, '950320105012', '2023-04-03', '1', 'EE8601', 'P', 'Present', 16),
(270, '950320105013', '2023-04-03', '1', 'EE8601', 'P', 'Present', 16),
(271, '950320105014', '2023-04-03', '1', 'EE8601', 'P', 'Present', 16),
(272, '950320105015', '2023-04-03', '1', 'EE8601', 'P', 'Present', 16),
(273, '950320105018', '2023-04-03', '1', 'EE8601', 'P', 'Present', 16),
(274, '950320105022', '2023-04-03', '1', 'EE8601', 'P', 'Present', 16),
(275, '950320105023', '2023-04-03', '1', 'EE8601', 'P', 'Present', 16),
(276, '950320105025', '2023-04-03', '1', 'EE8601', 'P', 'Present', 16),
(277, '950320105028', '2023-04-03', '1', 'EE8601', 'P', 'Present', 16),
(278, '950320105305', '2023-04-03', '1', 'EE8601', 'P', 'Present', 16),
(279, '950320105003', '2023-04-03', '2', 'EE8602', 'P', 'Present', 16),
(280, '950320105005', '2023-04-03', '2', 'EE8602', 'P', 'Present', 16),
(281, '950320105006', '2023-04-03', '2', 'EE8602', 'P', 'Present', 16),
(282, '950320105007', '2023-04-03', '2', 'EE8602', 'P', 'Present', 16),
(283, '950320105012', '2023-04-03', '2', 'EE8602', 'P', 'Present', 16),
(284, '950320105013', '2023-04-03', '2', 'EE8602', 'P', 'Present', 16),
(285, '950320105014', '2023-04-03', '2', 'EE8602', 'P', 'Present', 16),
(286, '950320105015', '2023-04-03', '2', 'EE8602', 'P', 'Present', 16),
(287, '950320105018', '2023-04-03', '2', 'EE8602', 'P', 'Present', 16),
(288, '950320105022', '2023-04-03', '2', 'EE8602', 'P', 'Present', 16),
(289, '950320105023', '2023-04-03', '2', 'EE8602', 'P', 'Present', 16),
(290, '950320105025', '2023-04-03', '2', 'EE8602', 'P', 'Present', 16),
(291, '950320105028', '2023-04-03', '2', 'EE8602', 'P', 'Present', 16),
(292, '950320105305', '2023-04-03', '2', 'EE8602', 'P', 'Present', 16),
(293, '950320105003', '2023-04-03', '3', 'EE8602', 'P', 'Present', 16),
(294, '950320105005', '2023-04-03', '3', 'EE8602', 'P', 'Present', 16),
(295, '950320105006', '2023-04-03', '3', 'EE8602', 'P', 'Present', 16),
(296, '950320105007', '2023-04-03', '3', 'EE8602', 'P', 'Present', 16),
(297, '950320105012', '2023-04-03', '3', 'EE8602', 'P', 'Present', 16),
(298, '950320105013', '2023-04-03', '3', 'EE8602', 'P', 'Present', 16),
(299, '950320105014', '2023-04-03', '3', 'EE8602', 'P', 'Present', 16),
(300, '950320105015', '2023-04-03', '3', 'EE8602', 'P', 'Present', 16),
(301, '950320105018', '2023-04-03', '3', 'EE8602', 'P', 'Present', 16),
(302, '950320105022', '2023-04-03', '3', 'EE8602', 'P', 'Present', 16),
(303, '950320105023', '2023-04-03', '3', 'EE8602', 'P', 'Present', 16),
(304, '950320105025', '2023-04-03', '3', 'EE8602', 'P', 'Present', 16),
(305, '950320105028', '2023-04-03', '3', 'EE8602', 'P', 'Present', 16),
(306, '950320105305', '2023-04-03', '3', 'EE8602', 'P', 'Present', 16),
(307, '950320105003', '2023-04-03', '4', 'EE8603', 'P', 'Present', 16),
(308, '950320105005', '2023-04-03', '4', 'EE8603', 'P', 'Present', 16),
(309, '950320105006', '2023-04-03', '4', 'EE8603', 'P', 'Present', 16),
(310, '950320105007', '2023-04-03', '4', 'EE8603', 'P', 'Present', 16),
(311, '950320105012', '2023-04-03', '4', 'EE8603', 'P', 'Present', 16),
(312, '950320105013', '2023-04-03', '4', 'EE8603', 'P', 'Present', 16),
(313, '950320105014', '2023-04-03', '4', 'EE8603', 'P', 'Present', 16),
(314, '950320105015', '2023-04-03', '4', 'EE8603', 'P', 'Present', 16),
(315, '950320105018', '2023-04-03', '4', 'EE8603', 'P', 'Present', 16),
(316, '950320105022', '2023-04-03', '4', 'EE8603', 'P', 'Present', 16),
(317, '950320105023', '2023-04-03', '4', 'EE8603', 'P', 'Present', 16),
(318, '950320105025', '2023-04-03', '4', 'EE8603', 'P', 'Present', 16),
(319, '950320105028', '2023-04-03', '4', 'EE8603', 'P', 'Present', 16),
(320, '950320105305', '2023-04-03', '4', 'EE8603', 'P', 'Present', 16),
(321, '950320105003', '2023-04-03', '5', 'EE8681', 'P', 'Present', 16),
(322, '950320105005', '2023-04-03', '5', 'EE8681', 'P', 'Present', 16),
(323, '950320105006', '2023-04-03', '5', 'EE8681', 'P', 'Present', 16),
(324, '950320105007', '2023-04-03', '5', 'EE8681', 'P', 'Present', 16),
(325, '950320105012', '2023-04-03', '5', 'EE8681', 'P', 'Present', 16),
(326, '950320105013', '2023-04-03', '5', 'EE8681', 'P', 'Present', 16),
(327, '950320105014', '2023-04-03', '5', 'EE8681', 'P', 'Present', 16),
(328, '950320105015', '2023-04-03', '5', 'EE8681', 'P', 'Present', 16),
(329, '950320105018', '2023-04-03', '5', 'EE8681', 'P', 'Present', 16),
(330, '950320105022', '2023-04-03', '5', 'EE8681', 'P', 'Present', 16),
(331, '950320105023', '2023-04-03', '5', 'EE8681', 'P', 'Present', 16),
(332, '950320105025', '2023-04-03', '5', 'EE8681', 'P', 'Present', 16),
(333, '950320105028', '2023-04-03', '5', 'EE8681', 'P', 'Present', 16),
(334, '950320105305', '2023-04-03', '5', 'EE8681', 'P', 'Present', 16),
(335, '950320105003', '2023-04-03', '6', 'EE8681', 'P', 'Present', 16),
(336, '950320105005', '2023-04-03', '6', 'EE8681', 'P', 'Present', 16),
(337, '950320105006', '2023-04-03', '6', 'EE8681', 'P', 'Present', 16),
(338, '950320105007', '2023-04-03', '6', 'EE8681', 'P', 'Present', 16),
(339, '950320105012', '2023-04-03', '6', 'EE8681', 'P', 'Present', 16),
(340, '950320105013', '2023-04-03', '6', 'EE8681', 'P', 'Present', 16),
(341, '950320105014', '2023-04-03', '6', 'EE8681', 'P', 'Present', 16),
(342, '950320105015', '2023-04-03', '6', 'EE8681', 'P', 'Present', 16),
(343, '950320105018', '2023-04-03', '6', 'EE8681', 'P', 'Present', 16),
(344, '950320105022', '2023-04-03', '6', 'EE8681', 'P', 'Present', 16),
(345, '950320105023', '2023-04-03', '6', 'EE8681', 'P', 'Present', 16),
(346, '950320105025', '2023-04-03', '6', 'EE8681', 'P', 'Present', 16),
(347, '950320105028', '2023-04-03', '6', 'EE8681', 'P', 'Present', 16),
(348, '950320105305', '2023-04-03', '6', 'EE8681', 'P', 'Present', 16),
(349, '950320105003', '2023-04-03', '7', 'EE8681', 'P', 'Present', 16),
(350, '950320105005', '2023-04-03', '7', 'EE8681', 'P', 'Present', 16),
(351, '950320105006', '2023-04-03', '7', 'EE8681', 'P', 'Present', 16),
(352, '950320105007', '2023-04-03', '7', 'EE8681', 'P', 'Present', 16),
(353, '950320105012', '2023-04-03', '7', 'EE8681', 'P', 'Present', 16),
(354, '950320105013', '2023-04-03', '7', 'EE8681', 'P', 'Present', 16),
(355, '950320105014', '2023-04-03', '7', 'EE8681', 'P', 'Present', 16),
(356, '950320105015', '2023-04-03', '7', 'EE8681', 'P', 'Present', 16),
(357, '950320105018', '2023-04-03', '7', 'EE8681', 'P', 'Present', 16),
(358, '950320105022', '2023-04-03', '7', 'EE8681', 'P', 'Present', 16),
(359, '950320105023', '2023-04-03', '7', 'EE8681', 'P', 'Present', 16),
(360, '950320105025', '2023-04-03', '7', 'EE8681', 'P', 'Present', 16),
(361, '950320105028', '2023-04-03', '7', 'EE8681', 'P', 'Present', 16),
(362, '950320105305', '2023-04-03', '7', 'EE8681', 'P', 'Present', 16),
(363, '950320105003', '2023-04-03', '8', 'EE8602', 'P', 'Present', 16),
(364, '950320105005', '2023-04-03', '8', 'EE8602', 'P', 'Present', 16),
(365, '950320105006', '2023-04-03', '8', 'EE8602', 'P', 'Present', 16),
(366, '950320105007', '2023-04-03', '8', 'EE8602', 'P', 'Present', 16),
(367, '950320105012', '2023-04-03', '8', 'EE8602', 'P', 'Present', 16),
(368, '950320105013', '2023-04-03', '8', 'EE8602', 'P', 'Present', 16),
(369, '950320105014', '2023-04-03', '8', 'EE8602', 'P', 'Present', 16),
(370, '950320105015', '2023-04-03', '8', 'EE8602', 'P', 'Present', 16),
(371, '950320105018', '2023-04-03', '8', 'EE8602', 'P', 'Present', 16),
(372, '950320105022', '2023-04-03', '8', 'EE8602', 'P', 'Present', 16),
(373, '950320105023', '2023-04-03', '8', 'EE8602', 'P', 'Present', 16),
(374, '950320105025', '2023-04-03', '8', 'EE8602', 'P', 'Present', 16),
(375, '950320105028', '2023-04-03', '8', 'EE8602', 'P', 'Present', 16),
(376, '950320105305', '2023-04-03', '8', 'EE8602', 'P', 'Present', 16),
(377, '950320106003', '2023-04-03', '1', 'EC3401', 'P', 'Present', 2),
(378, '950320106005', '2023-04-03', '1', 'EC3401', 'P', 'Present', 2),
(379, '950320106006', '2023-04-03', '1', 'EC3401', 'P', 'Present', 2),
(380, '950320106007', '2023-04-03', '1', 'EC3401', 'P', 'Present', 2),
(381, '950320106012', '2023-04-03', '1', 'EC3401', 'P', 'Present', 2),
(382, '950320106013', '2023-04-03', '1', 'EC3401', 'P', 'Present', 2),
(383, '950320106014', '2023-04-03', '1', 'EC3401', 'P', 'Present', 2),
(384, '950320106015', '2023-04-03', '1', 'EC3401', 'P', 'Present', 2),
(385, '950320106018', '2023-04-03', '1', 'EC3401', 'P', 'Present', 2),
(386, '950320106022', '2023-04-03', '1', 'EC3401', 'P', 'Present', 2),
(387, '950320106023', '2023-04-03', '1', 'EC3401', 'P', 'Present', 2),
(388, '950320106025', '2023-04-03', '1', 'EC3401', 'P', 'Present', 2),
(389, '950320106028', '2023-04-03', '1', 'EC3401', 'P', 'Present', 2),
(390, '950320106305', '2023-04-03', '1', 'EC3401', 'P', 'Present', 2),
(391, '950320106701', '2023-04-03', '1', 'EC3401', 'P', 'Present', 2),
(392, '950320106003', '2023-04-03', '2', 'EC3401', 'P', 'Present', 2),
(393, '950320106005', '2023-04-03', '2', 'EC3401', 'P', 'Present', 2),
(394, '950320106006', '2023-04-03', '2', 'EC3401', 'P', 'Present', 2),
(395, '950320106007', '2023-04-03', '2', 'EC3401', 'P', 'Present', 2),
(396, '950320106012', '2023-04-03', '2', 'EC3401', 'P', 'Present', 2),
(397, '950320106013', '2023-04-03', '2', 'EC3401', 'P', 'Present', 2),
(398, '950320106014', '2023-04-03', '2', 'EC3401', 'P', 'Present', 2),
(399, '950320106015', '2023-04-03', '2', 'EC3401', 'P', 'Present', 2),
(400, '950320106018', '2023-04-03', '2', 'EC3401', 'P', 'Present', 2),
(401, '950320106022', '2023-04-03', '2', 'EC3401', 'P', 'Present', 2),
(402, '950320106023', '2023-04-03', '2', 'EC3401', 'P', 'Present', 2),
(403, '950320106025', '2023-04-03', '2', 'EC3401', 'P', 'Present', 2),
(404, '950320106028', '2023-04-03', '2', 'EC3401', 'P', 'Present', 2),
(405, '950320106305', '2023-04-03', '2', 'EC3401', 'P', 'Present', 2),
(406, '950320106701', '2023-04-03', '2', 'EC3401', 'P', 'Present', 2),
(407, '950320106003', '2023-04-03', '3', 'EC3401', 'P', 'Present', 2),
(408, '950320106005', '2023-04-03', '3', 'EC3401', 'P', 'Present', 2),
(409, '950320106006', '2023-04-03', '3', 'EC3401', 'P', 'Present', 2),
(410, '950320106007', '2023-04-03', '3', 'EC3401', 'P', 'Present', 2),
(411, '950320106012', '2023-04-03', '3', 'EC3401', 'P', 'Present', 2),
(412, '950320106013', '2023-04-03', '3', 'EC3401', 'P', 'Present', 2),
(413, '950320106014', '2023-04-03', '3', 'EC3401', 'P', 'Present', 2),
(414, '950320106015', '2023-04-03', '3', 'EC3401', 'P', 'Present', 2),
(415, '950320106018', '2023-04-03', '3', 'EC3401', 'P', 'Present', 2),
(416, '950320106022', '2023-04-03', '3', 'EC3401', 'P', 'Present', 2),
(417, '950320106023', '2023-04-03', '3', 'EC3401', 'P', 'Present', 2),
(418, '950320106025', '2023-04-03', '3', 'EC3401', 'P', 'Present', 2),
(419, '950320106028', '2023-04-03', '3', 'EC3401', 'P', 'Present', 2),
(420, '950320106305', '2023-04-03', '3', 'EC3401', 'P', 'Present', 2),
(421, '950320106701', '2023-04-03', '3', 'EC3401', 'P', 'Present', 2),
(422, '950320106003', '2023-04-03', '4', 'EC3451', 'P', 'Present', 2),
(423, '950320106005', '2023-04-03', '4', 'EC3451', 'P', 'Present', 2),
(424, '950320106006', '2023-04-03', '4', 'EC3451', 'P', 'Present', 2),
(425, '950320106007', '2023-04-03', '4', 'EC3451', 'P', 'Present', 2),
(426, '950320106012', '2023-04-03', '4', 'EC3451', 'P', 'Present', 2),
(427, '950320106013', '2023-04-03', '4', 'EC3451', 'P', 'Present', 2),
(428, '950320106014', '2023-04-03', '4', 'EC3451', 'P', 'Present', 2),
(429, '950320106015', '2023-04-03', '4', 'EC3451', 'P', 'Present', 2),
(430, '950320106018', '2023-04-03', '4', 'EC3451', 'P', 'Present', 2),
(431, '950320106022', '2023-04-03', '4', 'EC3451', 'P', 'Present', 2),
(432, '950320106023', '2023-04-03', '4', 'EC3451', 'P', 'Present', 2),
(433, '950320106025', '2023-04-03', '4', 'EC3451', 'P', 'Present', 2),
(434, '950320106028', '2023-04-03', '4', 'EC3451', 'P', 'Present', 2),
(435, '950320106305', '2023-04-03', '4', 'EC3451', 'P', 'Present', 2),
(436, '950320106701', '2023-04-03', '4', 'EC3451', 'P', 'Present', 2),
(437, '950320106003', '2023-04-03', '5', 'EC3461', 'P', 'Present', 2),
(438, '950320106005', '2023-04-03', '5', 'EC3461', 'P', 'Present', 2),
(439, '950320106006', '2023-04-03', '5', 'EC3461', 'P', 'Present', 2),
(440, '950320106007', '2023-04-03', '5', 'EC3461', 'P', 'Present', 2),
(441, '950320106012', '2023-04-03', '5', 'EC3461', 'P', 'Present', 2),
(442, '950320106013', '2023-04-03', '5', 'EC3461', 'P', 'Present', 2),
(443, '950320106014', '2023-04-03', '5', 'EC3461', 'P', 'Present', 2),
(444, '950320106015', '2023-04-03', '5', 'EC3461', 'P', 'Present', 2),
(445, '950320106018', '2023-04-03', '5', 'EC3461', 'P', 'Present', 2),
(446, '950320106022', '2023-04-03', '5', 'EC3461', 'P', 'Present', 2),
(447, '950320106023', '2023-04-03', '5', 'EC3461', 'P', 'Present', 2),
(448, '950320106025', '2023-04-03', '5', 'EC3461', 'P', 'Present', 2),
(449, '950320106028', '2023-04-03', '5', 'EC3461', 'P', 'Present', 2),
(450, '950320106305', '2023-04-03', '5', 'EC3461', 'P', 'Present', 2),
(451, '950320106701', '2023-04-03', '5', 'EC3461', 'P', 'Present', 2),
(452, '950320106003', '2023-04-03', '6', 'EC3461', 'P', 'Present', 2),
(453, '950320106005', '2023-04-03', '6', 'EC3461', 'P', 'Present', 2),
(454, '950320106006', '2023-04-03', '6', 'EC3461', 'P', 'Present', 2),
(455, '950320106007', '2023-04-03', '6', 'EC3461', 'P', 'Present', 2),
(456, '950320106012', '2023-04-03', '6', 'EC3461', 'P', 'Present', 2),
(457, '950320106013', '2023-04-03', '6', 'EC3461', 'P', 'Present', 2),
(458, '950320106014', '2023-04-03', '6', 'EC3461', 'P', 'Present', 2),
(459, '950320106015', '2023-04-03', '6', 'EC3461', 'P', 'Present', 2),
(460, '950320106018', '2023-04-03', '6', 'EC3461', 'P', 'Present', 2),
(461, '950320106022', '2023-04-03', '6', 'EC3461', 'P', 'Present', 2),
(462, '950320106023', '2023-04-03', '6', 'EC3461', 'P', 'Present', 2),
(463, '950320106025', '2023-04-03', '6', 'EC3461', 'P', 'Present', 2),
(464, '950320106028', '2023-04-03', '6', 'EC3461', 'P', 'Present', 2),
(465, '950320106305', '2023-04-03', '6', 'EC3461', 'P', 'Present', 2),
(466, '950320106701', '2023-04-03', '6', 'EC3461', 'P', 'Present', 2),
(467, '950320106003', '2023-04-03', '7', 'EC3461', 'P', 'Present', 2),
(468, '950320106005', '2023-04-03', '7', 'EC3461', 'P', 'Present', 2),
(469, '950320106006', '2023-04-03', '7', 'EC3461', 'P', 'Present', 2),
(470, '950320106007', '2023-04-03', '7', 'EC3461', 'P', 'Present', 2),
(471, '950320106012', '2023-04-03', '7', 'EC3461', 'P', 'Present', 2),
(472, '950320106013', '2023-04-03', '7', 'EC3461', 'P', 'Present', 2),
(473, '950320106014', '2023-04-03', '7', 'EC3461', 'P', 'Present', 2),
(474, '950320106015', '2023-04-03', '7', 'EC3461', 'P', 'Present', 2),
(475, '950320106018', '2023-04-03', '7', 'EC3461', 'P', 'Present', 2),
(476, '950320106022', '2023-04-03', '7', 'EC3461', 'P', 'Present', 2),
(477, '950320106023', '2023-04-03', '7', 'EC3461', 'P', 'Present', 2),
(478, '950320106025', '2023-04-03', '7', 'EC3461', 'P', 'Present', 2),
(479, '950320106028', '2023-04-03', '7', 'EC3461', 'P', 'Present', 2),
(480, '950320106305', '2023-04-03', '7', 'EC3461', 'P', 'Present', 2),
(481, '950320106701', '2023-04-03', '7', 'EC3461', 'P', 'Present', 2),
(482, '950320106003', '2023-04-03', '8', 'EC3401', 'P', 'Present', 2),
(483, '950320106005', '2023-04-03', '8', 'EC3401', 'P', 'Present', 2),
(484, '950320106006', '2023-04-03', '8', 'EC3401', 'P', 'Present', 2),
(485, '950320106007', '2023-04-03', '8', 'EC3401', 'P', 'Present', 2),
(486, '950320106012', '2023-04-03', '8', 'EC3401', 'P', 'Present', 2),
(487, '950320106013', '2023-04-03', '8', 'EC3401', 'P', 'Present', 2),
(488, '950320106014', '2023-04-03', '8', 'EC3401', 'P', 'Present', 2),
(489, '950320106015', '2023-04-03', '8', 'EC3401', 'P', 'Present', 2),
(490, '950320106018', '2023-04-03', '8', 'EC3401', 'P', 'Present', 2),
(491, '950320106022', '2023-04-03', '8', 'EC3401', 'P', 'Present', 2),
(492, '950320106023', '2023-04-03', '8', 'EC3401', 'P', 'Present', 2),
(493, '950320106025', '2023-04-03', '8', 'EC3401', 'P', 'Present', 2),
(494, '950320106028', '2023-04-03', '8', 'EC3401', 'P', 'Present', 2),
(495, '950320106305', '2023-04-03', '8', 'EC3401', 'P', 'Present', 2),
(496, '950320106701', '2023-04-03', '8', 'EC3401', 'P', 'Present', 2),
(497, '950321103001', '2023-04-03', '1', 'CE3401', 'P', 'Present', 8),
(498, '950321103002', '2023-04-03', '1', 'CE3401', 'A', 'Going to tour', 8),
(499, '950321103003', '2023-04-03', '1', 'CE3401', 'P', 'Present', 8),
(500, '950321103004', '2023-04-03', '1', 'CE3401', 'P', 'Present', 8),
(501, '950321103005', '2023-04-03', '1', 'CE3401', 'P', 'Present', 8),
(502, '950321103006', '2023-04-03', '1', 'CE3401', 'A', 'Leg Pain', 8),
(503, '950321103007', '2023-04-03', '1', 'CE3401', 'P', 'Present', 8),
(504, '950321103008', '2023-04-03', '1', 'CE3401', 'P', 'Present', 8),
(505, '950321103009', '2023-04-03', '1', 'CE3401', 'P', 'Present', 8),
(506, '950321103010', '2023-04-03', '1', 'CE3401', 'P', 'Present', 8),
(507, '950321103011', '2023-04-03', '1', 'CE3401', 'P', 'Present', 8),
(508, '950321103001', '2023-04-03', '2', 'CE3402', 'P', 'Present', 8),
(509, '950321103002', '2023-04-03', '2', 'CE3402', 'A', 'Going to tour', 8),
(510, '950321103003', '2023-04-03', '2', 'CE3402', 'P', 'Present', 8),
(511, '950321103004', '2023-04-03', '2', 'CE3402', 'P', 'Present', 8),
(512, '950321103005', '2023-04-03', '2', 'CE3402', 'P', 'Present', 8),
(513, '950321103006', '2023-04-03', '2', 'CE3402', 'A', 'Leg Pain', 8),
(514, '950321103007', '2023-04-03', '2', 'CE3402', 'P', 'Present', 8),
(515, '950321103008', '2023-04-03', '2', 'CE3402', 'P', 'Present', 8),
(516, '950321103009', '2023-04-03', '2', 'CE3402', 'P', 'Present', 8),
(517, '950321103010', '2023-04-03', '2', 'CE3402', 'P', 'Present', 8),
(518, '950321103011', '2023-04-03', '2', 'CE3402', 'P', 'Present', 8),
(519, '950321103001', '2023-04-03', '3', 'CE3402', 'P', 'Present', 8),
(520, '950321103002', '2023-04-03', '3', 'CE3402', 'A', 'Going to tour', 8),
(521, '950321103003', '2023-04-03', '3', 'CE3402', 'P', 'Present', 8),
(522, '950321103004', '2023-04-03', '3', 'CE3402', 'P', 'Present', 8),
(523, '950321103005', '2023-04-03', '3', 'CE3402', 'P', 'Present', 8),
(524, '950321103006', '2023-04-03', '3', 'CE3402', 'A', 'Leg Pain', 8),
(525, '950321103007', '2023-04-03', '3', 'CE3402', 'P', 'Present', 8),
(526, '950321103008', '2023-04-03', '3', 'CE3402', 'P', 'Present', 8),
(527, '950321103009', '2023-04-03', '3', 'CE3402', 'P', 'Present', 8),
(528, '950321103010', '2023-04-03', '3', 'CE3402', 'P', 'Present', 8),
(529, '950321103011', '2023-04-03', '3', 'CE3402', 'P', 'Present', 8),
(530, '950321103001', '2023-04-03', '4', 'CE3403', 'P', 'Present', 8),
(531, '950321103002', '2023-04-03', '4', 'CE3403', 'A', 'Going to tour', 8),
(532, '950321103003', '2023-04-03', '4', 'CE3403', 'P', 'Present', 8),
(533, '950321103004', '2023-04-03', '4', 'CE3403', 'P', 'Present', 8),
(534, '950321103005', '2023-04-03', '4', 'CE3403', 'P', 'Present', 8),
(535, '950321103006', '2023-04-03', '4', 'CE3403', 'A', 'Leg Pain', 8),
(536, '950321103007', '2023-04-03', '4', 'CE3403', 'P', 'Present', 8),
(537, '950321103008', '2023-04-03', '4', 'CE3403', 'P', 'Present', 8),
(538, '950321103009', '2023-04-03', '4', 'CE3403', 'P', 'Present', 8),
(539, '950321103010', '2023-04-03', '4', 'CE3403', 'P', 'Present', 8),
(540, '950321103011', '2023-04-03', '4', 'CE3403', 'P', 'Present', 8),
(541, '950321103001', '2023-04-03', '5', 'CE3403', 'P', 'Present', 8),
(542, '950321103002', '2023-04-03', '5', 'CE3403', 'A', 'Going to tour', 8),
(543, '950321103003', '2023-04-03', '5', 'CE3403', 'P', 'Present', 8),
(544, '950321103004', '2023-04-03', '5', 'CE3403', 'P', 'Present', 8),
(545, '950321103005', '2023-04-03', '5', 'CE3403', 'P', 'Present', 8),
(546, '950321103006', '2023-04-03', '5', 'CE3403', 'A', 'Leg Pain', 8),
(547, '950321103007', '2023-04-03', '5', 'CE3403', 'P', 'Present', 8),
(548, '950321103008', '2023-04-03', '5', 'CE3403', 'P', 'Present', 8),
(549, '950321103009', '2023-04-03', '5', 'CE3403', 'P', 'Present', 8),
(550, '950321103010', '2023-04-03', '5', 'CE3403', 'P', 'Present', 8),
(551, '950321103011', '2023-04-03', '5', 'CE3403', 'P', 'Present', 8),
(552, '950321103001', '2023-04-03', '6', 'CE3404', 'P', 'Present', 8),
(553, '950321103002', '2023-04-03', '6', 'CE3404', 'A', 'Going to tour', 8),
(554, '950321103003', '2023-04-03', '6', 'CE3404', 'P', 'Present', 8),
(555, '950321103004', '2023-04-03', '6', 'CE3404', 'P', 'Present', 8),
(556, '950321103005', '2023-04-03', '6', 'CE3404', 'P', 'Present', 8),
(557, '950321103006', '2023-04-03', '6', 'CE3404', 'A', 'Leg Pain', 8),
(558, '950321103007', '2023-04-03', '6', 'CE3404', 'P', 'Present', 8),
(559, '950321103008', '2023-04-03', '6', 'CE3404', 'P', 'Present', 8),
(560, '950321103009', '2023-04-03', '6', 'CE3404', 'P', 'Present', 8),
(561, '950321103010', '2023-04-03', '6', 'CE3404', 'P', 'Present', 8),
(562, '950321103011', '2023-04-03', '6', 'CE3404', 'P', 'Present', 8),
(563, '950321103001', '2023-04-03', '7', 'CE3404', 'P', 'Present', 8),
(564, '950321103002', '2023-04-03', '7', 'CE3404', 'A', 'Going to tour', 8),
(565, '950321103003', '2023-04-03', '7', 'CE3404', 'P', 'Present', 8),
(566, '950321103004', '2023-04-03', '7', 'CE3404', 'P', 'Present', 8),
(567, '950321103005', '2023-04-03', '7', 'CE3404', 'P', 'Present', 8),
(568, '950321103006', '2023-04-03', '7', 'CE3404', 'A', 'Leg Pain', 8),
(569, '950321103007', '2023-04-03', '7', 'CE3404', 'P', 'Present', 8),
(570, '950321103008', '2023-04-03', '7', 'CE3404', 'P', 'Present', 8),
(571, '950321103009', '2023-04-03', '7', 'CE3404', 'P', 'Present', 8),
(572, '950321103010', '2023-04-03', '7', 'CE3404', 'P', 'Present', 8),
(573, '950321103011', '2023-04-03', '7', 'CE3404', 'P', 'Present', 8),
(574, '950321103001', '2023-04-03', '8', 'CE3402', 'P', 'Present', 8),
(575, '950321103002', '2023-04-03', '8', 'CE3402', 'A', 'Going to tour', 8),
(576, '950321103003', '2023-04-03', '8', 'CE3402', 'P', 'Present', 8),
(577, '950321103004', '2023-04-03', '8', 'CE3402', 'P', 'Present', 8),
(578, '950321103005', '2023-04-03', '8', 'CE3402', 'P', 'Present', 8),
(579, '950321103006', '2023-04-03', '8', 'CE3402', 'A', 'Leg Pain', 8),
(580, '950321103007', '2023-04-03', '8', 'CE3402', 'P', 'Present', 8),
(581, '950321103008', '2023-04-03', '8', 'CE3402', 'P', 'Present', 8),
(582, '950321103009', '2023-04-03', '8', 'CE3402', 'P', 'Present', 8),
(583, '950321103010', '2023-04-03', '8', 'CE3402', 'P', 'Present', 8),
(584, '950321103011', '2023-04-03', '8', 'CE3402', 'P', 'Present', 8),
(585, '950321104001', '2023-04-03', '1', 'CS3401', 'P', 'Present', 11),
(586, '950321104002', '2023-04-03', '1', 'CS3401', 'P', 'Present', 11),
(587, '950321104004', '2023-04-03', '1', 'CS3401', 'P', 'Present', 11),
(588, '950321104005', '2023-04-03', '1', 'CS3401', 'P', 'Present', 11),
(589, '950321104007', '2023-04-03', '1', 'CS3401', 'A', 'Fever', 11),
(590, '950321104010', '2023-04-03', '1', 'CS3401', 'P', 'Present', 11),
(591, '950321104011', '2023-04-03', '1', 'CS3401', 'P', 'Present', 11),
(592, '950321104012', '2023-04-03', '1', 'CS3401', 'P', 'Present', 11),
(593, '950321104015', '2023-04-03', '1', 'CS3401', 'P', 'Present', 11),
(594, '950321104028', '2023-04-03', '1', 'CS3401', 'P', 'Present', 11),
(595, '950321104001', '2023-04-03', '2', 'CS3452', 'P', 'Present', 11),
(596, '950321104002', '2023-04-03', '2', 'CS3452', 'P', 'Present', 11),
(597, '950321104004', '2023-04-03', '2', 'CS3452', 'P', 'Present', 11),
(598, '950321104005', '2023-04-03', '2', 'CS3452', 'P', 'Present', 11),
(599, '950321104007', '2023-04-03', '2', 'CS3452', 'A', 'Fever', 11),
(600, '950321104010', '2023-04-03', '2', 'CS3452', 'P', 'Present', 11),
(601, '950321104011', '2023-04-03', '2', 'CS3452', 'P', 'Present', 11),
(602, '950321104012', '2023-04-03', '2', 'CS3452', 'P', 'Present', 11),
(603, '950321104015', '2023-04-03', '2', 'CS3452', 'P', 'Present', 11),
(604, '950321104028', '2023-04-03', '2', 'CS3452', 'P', 'Present', 11),
(605, '950321104001', '2023-04-03', '3', 'CS3452', 'P', 'Present', 11),
(606, '950321104002', '2023-04-03', '3', 'CS3452', 'P', 'Present', 11),
(607, '950321104004', '2023-04-03', '3', 'CS3452', 'P', 'Present', 11),
(608, '950321104005', '2023-04-03', '3', 'CS3452', 'P', 'Present', 11),
(609, '950321104007', '2023-04-03', '3', 'CS3452', 'A', 'Fever', 11),
(610, '950321104010', '2023-04-03', '3', 'CS3452', 'P', 'Present', 11),
(611, '950321104011', '2023-04-03', '3', 'CS3452', 'P', 'Present', 11),
(612, '950321104012', '2023-04-03', '3', 'CS3452', 'P', 'Present', 11),
(613, '950321104015', '2023-04-03', '3', 'CS3452', 'P', 'Present', 11),
(614, '950321104028', '2023-04-03', '3', 'CS3452', 'P', 'Present', 11),
(615, '950321104001', '2023-04-03', '4', 'CS3492', 'P', 'Present', 11),
(616, '950321104002', '2023-04-03', '4', 'CS3492', 'P', 'Present', 11),
(617, '950321104004', '2023-04-03', '4', 'CS3492', 'P', 'Present', 11),
(618, '950321104005', '2023-04-03', '4', 'CS3492', 'P', 'Present', 11),
(619, '950321104007', '2023-04-03', '4', 'CS3492', 'A', 'Fever', 11),
(620, '950321104010', '2023-04-03', '4', 'CS3492', 'P', 'Present', 11),
(621, '950321104011', '2023-04-03', '4', 'CS3492', 'P', 'Present', 11),
(622, '950321104012', '2023-04-03', '4', 'CS3492', 'P', 'Present', 11),
(623, '950321104015', '2023-04-03', '4', 'CS3492', 'P', 'Present', 11),
(624, '950321104028', '2023-04-03', '4', 'CS3492', 'P', 'Present', 11),
(625, '950321104001', '2023-04-03', '5', 'CS3492', 'P', 'Present', 11),
(626, '950321104002', '2023-04-03', '5', 'CS3492', 'P', 'Present', 11),
(627, '950321104004', '2023-04-03', '5', 'CS3492', 'P', 'Present', 11),
(628, '950321104005', '2023-04-03', '5', 'CS3492', 'P', 'Present', 11),
(629, '950321104007', '2023-04-03', '5', 'CS3492', 'A', 'Fever', 11),
(630, '950321104010', '2023-04-03', '5', 'CS3492', 'P', 'Present', 11),
(631, '950321104011', '2023-04-03', '5', 'CS3492', 'P', 'Present', 11),
(632, '950321104012', '2023-04-03', '5', 'CS3492', 'P', 'Present', 11),
(633, '950321104015', '2023-04-03', '5', 'CS3492', 'P', 'Present', 11),
(634, '950321104028', '2023-04-03', '5', 'CS3492', 'P', 'Present', 11),
(635, '950321104001', '2023-04-03', '6', 'GE3451', 'P', 'Present', 11),
(636, '950321104002', '2023-04-03', '6', 'GE3451', 'P', 'Present', 11),
(637, '950321104004', '2023-04-03', '6', 'GE3451', 'P', 'Present', 11),
(638, '950321104005', '2023-04-03', '6', 'GE3451', 'P', 'Present', 11),
(639, '950321104007', '2023-04-03', '6', 'GE3451', 'A', 'Fever', 11),
(640, '950321104010', '2023-04-03', '6', 'GE3451', 'P', 'Present', 11),
(641, '950321104011', '2023-04-03', '6', 'GE3451', 'P', 'Present', 11),
(642, '950321104012', '2023-04-03', '6', 'GE3451', 'P', 'Present', 11),
(643, '950321104015', '2023-04-03', '6', 'GE3451', 'P', 'Present', 11),
(644, '950321104028', '2023-04-03', '6', 'GE3451', 'P', 'Present', 11),
(645, '950321104001', '2023-04-03', '7', 'GE3451', 'P', 'Present', 11),
(646, '950321104002', '2023-04-03', '7', 'GE3451', 'P', 'Present', 11),
(647, '950321104004', '2023-04-03', '7', 'GE3451', 'P', 'Present', 11),
(648, '950321104005', '2023-04-03', '7', 'GE3451', 'P', 'Present', 11),
(649, '950321104007', '2023-04-03', '7', 'GE3451', 'A', 'Fever', 11),
(650, '950321104010', '2023-04-03', '7', 'GE3451', 'P', 'Present', 11),
(651, '950321104011', '2023-04-03', '7', 'GE3451', 'P', 'Present', 11),
(652, '950321104012', '2023-04-03', '7', 'GE3451', 'P', 'Present', 11),
(653, '950321104015', '2023-04-03', '7', 'GE3451', 'P', 'Present', 11),
(654, '950321104028', '2023-04-03', '7', 'GE3451', 'P', 'Present', 11),
(655, '950321104001', '2023-04-03', '8', 'CS3452', 'P', 'Present', 11),
(656, '950321104002', '2023-04-03', '8', 'CS3452', 'P', 'Present', 11),
(657, '950321104004', '2023-04-03', '8', 'CS3452', 'P', 'Present', 11),
(658, '950321104005', '2023-04-03', '8', 'CS3452', 'P', 'Present', 11),
(659, '950321104007', '2023-04-03', '8', 'CS3452', 'A', 'Fever', 11),
(660, '950321104010', '2023-04-03', '8', 'CS3452', 'P', 'Present', 11),
(661, '950321104011', '2023-04-03', '8', 'CS3452', 'P', 'Present', 11),
(662, '950321104012', '2023-04-03', '8', 'CS3452', 'P', 'Present', 11),
(663, '950321104015', '2023-04-03', '8', 'CS3452', 'P', 'Present', 11),
(664, '950321104028', '2023-04-03', '8', 'CS3452', 'P', 'Present', 11),
(665, '950321105003', '2023-04-03', '1', 'EE3402', 'P', 'Present', 9),
(666, '950321105005', '2023-04-03', '1', 'EE3402', 'P', 'Present', 9),
(667, '950321105006', '2023-04-03', '1', 'EE3402', 'P', 'Present', 9),
(668, '950321105007', '2023-04-03', '1', 'EE3402', 'P', 'Present', 9),
(669, '950321105008', '2023-04-03', '1', 'EE3402', 'A', 'Fever', 9),
(670, '950321105009', '2023-04-03', '1', 'EE3402', 'P', 'Present', 9),
(671, '950321105010', '2023-04-03', '1', 'EE3402', 'P', 'Present', 9),
(672, '950321105011', '2023-04-03', '1', 'EE3402', 'P', 'Present', 9),
(673, '950321105012', '2023-04-03', '1', 'EE3402', 'P', 'Present', 9),
(674, '950321105013', '2023-04-03', '1', 'EE3402', 'P', 'Present', 9),
(675, '950321105014', '2023-04-03', '1', 'EE3402', 'A', 'Going to temple', 9),
(676, '950321105015', '2023-04-03', '1', 'EE3402', 'P', 'Present', 9),
(677, '950321105016', '2023-04-03', '1', 'EE3402', 'P', 'Present', 9),
(678, '950321105017', '2023-04-03', '1', 'EE3402', 'P', 'Present', 9),
(679, '950321105018', '2023-04-03', '1', 'EE3402', 'P', 'Present', 9),
(680, '950321105003', '2023-04-03', '2', 'EE3401', 'P', 'Present', 9),
(681, '950321105005', '2023-04-03', '2', 'EE3401', 'P', 'Present', 9),
(682, '950321105006', '2023-04-03', '2', 'EE3401', 'P', 'Present', 9),
(683, '950321105007', '2023-04-03', '2', 'EE3401', 'P', 'Present', 9),
(684, '950321105008', '2023-04-03', '2', 'EE3401', 'A', 'Fever', 9),
(685, '950321105009', '2023-04-03', '2', 'EE3401', 'P', 'Present', 9),
(686, '950321105010', '2023-04-03', '2', 'EE3401', 'P', 'Present', 9),
(687, '950321105011', '2023-04-03', '2', 'EE3401', 'P', 'Present', 9),
(688, '950321105012', '2023-04-03', '2', 'EE3401', 'P', 'Present', 9),
(689, '950321105013', '2023-04-03', '2', 'EE3401', 'P', 'Present', 9),
(690, '950321105014', '2023-04-03', '2', 'EE3401', 'A', 'Going to temple', 9),
(691, '950321105015', '2023-04-03', '2', 'EE3401', 'P', 'Present', 9),
(692, '950321105016', '2023-04-03', '2', 'EE3401', 'P', 'Present', 9),
(693, '950321105017', '2023-04-03', '2', 'EE3401', 'P', 'Present', 9),
(694, '950321105018', '2023-04-03', '2', 'EE3401', 'P', 'Present', 9),
(695, '950321105003', '2023-04-03', '3', 'EE3401', 'P', 'Present', 9),
(696, '950321105005', '2023-04-03', '3', 'EE3401', 'P', 'Present', 9),
(697, '950321105006', '2023-04-03', '3', 'EE3401', 'P', 'Present', 9),
(698, '950321105007', '2023-04-03', '3', 'EE3401', 'P', 'Present', 9),
(699, '950321105008', '2023-04-03', '3', 'EE3401', 'A', 'Fever', 9),
(700, '950321105009', '2023-04-03', '3', 'EE3401', 'P', 'Present', 9),
(701, '950321105010', '2023-04-03', '3', 'EE3401', 'P', 'Present', 9),
(702, '950321105011', '2023-04-03', '3', 'EE3401', 'P', 'Present', 9),
(703, '950321105012', '2023-04-03', '3', 'EE3401', 'P', 'Present', 9),
(704, '950321105013', '2023-04-03', '3', 'EE3401', 'P', 'Present', 9),
(705, '950321105014', '2023-04-03', '3', 'EE3401', 'A', 'Going to temple', 9),
(706, '950321105015', '2023-04-03', '3', 'EE3401', 'P', 'Present', 9),
(707, '950321105016', '2023-04-03', '3', 'EE3401', 'P', 'Present', 9),
(708, '950321105017', '2023-04-03', '3', 'EE3401', 'P', 'Present', 9),
(709, '950321105018', '2023-04-03', '3', 'EE3401', 'P', 'Present', 9),
(710, '950321105003', '2023-04-03', '4', 'EE3402', 'P', 'Present', 9),
(711, '950321105005', '2023-04-03', '4', 'EE3402', 'P', 'Present', 9),
(712, '950321105006', '2023-04-03', '4', 'EE3402', 'P', 'Present', 9),
(713, '950321105007', '2023-04-03', '4', 'EE3402', 'P', 'Present', 9),
(714, '950321105008', '2023-04-03', '4', 'EE3402', 'A', 'Fever', 9),
(715, '950321105009', '2023-04-03', '4', 'EE3402', 'P', 'Present', 9),
(716, '950321105010', '2023-04-03', '4', 'EE3402', 'P', 'Present', 9),
(717, '950321105011', '2023-04-03', '4', 'EE3402', 'P', 'Present', 9),
(718, '950321105012', '2023-04-03', '4', 'EE3402', 'P', 'Present', 9),
(719, '950321105013', '2023-04-03', '4', 'EE3402', 'P', 'Present', 9);
INSERT INTO `erp_attendance` (`att_id`, `stu_id`, `att_date`, `att_hour`, `att_sub`, `att_status`, `att_sreason`, `cls_id`) VALUES
(720, '950321105014', '2023-04-03', '4', 'EE3402', 'A', 'Going to temple', 9),
(721, '950321105015', '2023-04-03', '4', 'EE3402', 'P', 'Present', 9),
(722, '950321105016', '2023-04-03', '4', 'EE3402', 'P', 'Present', 9),
(723, '950321105017', '2023-04-03', '4', 'EE3402', 'P', 'Present', 9),
(724, '950321105018', '2023-04-03', '4', 'EE3402', 'P', 'Present', 9),
(725, '950321105003', '2023-04-03', '5', 'EE3402', 'P', 'Present', 9),
(726, '950321105005', '2023-04-03', '5', 'EE3402', 'P', 'Present', 9),
(727, '950321105006', '2023-04-03', '5', 'EE3402', 'P', 'Present', 9),
(728, '950321105007', '2023-04-03', '5', 'EE3402', 'P', 'Present', 9),
(729, '950321105008', '2023-04-03', '5', 'EE3402', 'A', 'Fever', 9),
(730, '950321105009', '2023-04-03', '5', 'EE3402', 'P', 'Present', 9),
(731, '950321105010', '2023-04-03', '5', 'EE3402', 'P', 'Present', 9),
(732, '950321105011', '2023-04-03', '5', 'EE3402', 'P', 'Present', 9),
(733, '950321105012', '2023-04-03', '5', 'EE3402', 'P', 'Present', 9),
(734, '950321105013', '2023-04-03', '5', 'EE3402', 'P', 'Present', 9),
(735, '950321105014', '2023-04-03', '5', 'EE3402', 'A', 'Going to temple', 9),
(736, '950321105015', '2023-04-03', '5', 'EE3402', 'P', 'Present', 9),
(737, '950321105016', '2023-04-03', '5', 'EE3402', 'P', 'Present', 9),
(738, '950321105017', '2023-04-03', '5', 'EE3402', 'P', 'Present', 9),
(739, '950321105018', '2023-04-03', '5', 'EE3402', 'P', 'Present', 9),
(740, '950321105003', '2023-04-03', '6', 'EE3403', 'P', 'Present', 9),
(741, '950321105005', '2023-04-03', '6', 'EE3403', 'P', 'Present', 9),
(742, '950321105006', '2023-04-03', '6', 'EE3403', 'P', 'Present', 9),
(743, '950321105007', '2023-04-03', '6', 'EE3403', 'P', 'Present', 9),
(744, '950321105008', '2023-04-03', '6', 'EE3403', 'A', 'Fever', 9),
(745, '950321105009', '2023-04-03', '6', 'EE3403', 'P', 'Present', 9),
(746, '950321105010', '2023-04-03', '6', 'EE3403', 'P', 'Present', 9),
(747, '950321105011', '2023-04-03', '6', 'EE3403', 'P', 'Present', 9),
(748, '950321105012', '2023-04-03', '6', 'EE3403', 'P', 'Present', 9),
(749, '950321105013', '2023-04-03', '6', 'EE3403', 'P', 'Present', 9),
(750, '950321105014', '2023-04-03', '6', 'EE3403', 'A', 'Going to temple', 9),
(751, '950321105015', '2023-04-03', '6', 'EE3403', 'P', 'Present', 9),
(752, '950321105016', '2023-04-03', '6', 'EE3403', 'P', 'Present', 9),
(753, '950321105017', '2023-04-03', '6', 'EE3403', 'P', 'Present', 9),
(754, '950321105018', '2023-04-03', '6', 'EE3403', 'P', 'Present', 9),
(755, '950321105003', '2023-04-03', '7', 'EE3403', 'P', 'Present', 9),
(756, '950321105005', '2023-04-03', '7', 'EE3403', 'P', 'Present', 9),
(757, '950321105006', '2023-04-03', '7', 'EE3403', 'P', 'Present', 9),
(758, '950321105007', '2023-04-03', '7', 'EE3403', 'P', 'Present', 9),
(759, '950321105008', '2023-04-03', '7', 'EE3403', 'A', 'Fever', 9),
(760, '950321105009', '2023-04-03', '7', 'EE3403', 'P', 'Present', 9),
(761, '950321105010', '2023-04-03', '7', 'EE3403', 'P', 'Present', 9),
(762, '950321105011', '2023-04-03', '7', 'EE3403', 'P', 'Present', 9),
(763, '950321105012', '2023-04-03', '7', 'EE3403', 'P', 'Present', 9),
(764, '950321105013', '2023-04-03', '7', 'EE3403', 'P', 'Present', 9),
(765, '950321105014', '2023-04-03', '7', 'EE3403', 'A', 'Going to temple', 9),
(766, '950321105015', '2023-04-03', '7', 'EE3403', 'P', 'Present', 9),
(767, '950321105016', '2023-04-03', '7', 'EE3403', 'P', 'Present', 9),
(768, '950321105017', '2023-04-03', '7', 'EE3403', 'P', 'Present', 9),
(769, '950321105018', '2023-04-03', '7', 'EE3403', 'P', 'Present', 9),
(770, '950321105003', '2023-04-03', '8', 'EE3401', 'P', 'Present', 9),
(771, '950321105005', '2023-04-03', '8', 'EE3401', 'P', 'Present', 9),
(772, '950321105006', '2023-04-03', '8', 'EE3401', 'P', 'Present', 9),
(773, '950321105007', '2023-04-03', '8', 'EE3401', 'P', 'Present', 9),
(774, '950321105008', '2023-04-03', '8', 'EE3401', 'A', 'Fever', 9),
(775, '950321105009', '2023-04-03', '8', 'EE3401', 'P', 'Present', 9),
(776, '950321105010', '2023-04-03', '8', 'EE3401', 'P', 'Present', 9),
(777, '950321105011', '2023-04-03', '8', 'EE3401', 'P', 'Present', 9),
(778, '950321105012', '2023-04-03', '8', 'EE3401', 'P', 'Present', 9),
(779, '950321105013', '2023-04-03', '8', 'EE3401', 'P', 'Present', 9),
(780, '950321105014', '2023-04-03', '8', 'EE3401', 'A', 'Going to temple', 9),
(781, '950321105015', '2023-04-03', '8', 'EE3401', 'P', 'Present', 9),
(782, '950321105016', '2023-04-03', '8', 'EE3401', 'P', 'Present', 9),
(783, '950321105017', '2023-04-03', '8', 'EE3401', 'P', 'Present', 9),
(784, '950321105018', '2023-04-03', '8', 'EE3401', 'P', 'Present', 9),
(785, '950321106003', '2023-04-03', '1', 'EC3452', 'P', 'Present', 10),
(786, '950321106005', '2023-04-03', '1', 'EC3452', 'P', 'Present', 10),
(787, '950321106006', '2023-04-03', '1', 'EC3452', 'P', 'Present', 10),
(788, '950321106007', '2023-04-03', '1', 'EC3452', 'P', 'Present', 10),
(789, '950321106012', '2023-04-03', '1', 'EC3452', 'P', 'Present', 10),
(790, '950321106013', '2023-04-03', '1', 'EC3452', 'P', 'Present', 10),
(791, '950321106014', '2023-04-03', '1', 'EC3452', 'P', 'Present', 10),
(792, '950321106015', '2023-04-03', '1', 'EC3452', 'P', 'Present', 10),
(793, '950321106018', '2023-04-03', '1', 'EC3452', 'P', 'Present', 10),
(794, '950321106022', '2023-04-03', '1', 'EC3452', 'P', 'Present', 10),
(795, '950321106023', '2023-04-03', '1', 'EC3452', 'P', 'Present', 10),
(796, '950321106025', '2023-04-03', '1', 'EC3452', 'P', 'Present', 10),
(797, '950321106028', '2023-04-03', '1', 'EC3452', 'P', 'Present', 10),
(798, '950321106305', '2023-04-03', '1', 'EC3452', 'P', 'Present', 10),
(799, '950321106701', '2023-04-03', '1', 'EC3452', 'P', 'Present', 10),
(800, '950321106003', '2023-04-03', '2', 'EC3401', 'P', 'Present', 10),
(801, '950321106005', '2023-04-03', '2', 'EC3401', 'P', 'Present', 10),
(802, '950321106006', '2023-04-03', '2', 'EC3401', 'P', 'Present', 10),
(803, '950321106007', '2023-04-03', '2', 'EC3401', 'P', 'Present', 10),
(804, '950321106012', '2023-04-03', '2', 'EC3401', 'P', 'Present', 10),
(805, '950321106013', '2023-04-03', '2', 'EC3401', 'P', 'Present', 10),
(806, '950321106014', '2023-04-03', '2', 'EC3401', 'P', 'Present', 10),
(807, '950321106015', '2023-04-03', '2', 'EC3401', 'P', 'Present', 10),
(808, '950321106018', '2023-04-03', '2', 'EC3401', 'P', 'Present', 10),
(809, '950321106022', '2023-04-03', '2', 'EC3401', 'P', 'Present', 10),
(810, '950321106023', '2023-04-03', '2', 'EC3401', 'P', 'Present', 10),
(811, '950321106025', '2023-04-03', '2', 'EC3401', 'P', 'Present', 10),
(812, '950321106028', '2023-04-03', '2', 'EC3401', 'P', 'Present', 10),
(813, '950321106305', '2023-04-03', '2', 'EC3401', 'P', 'Present', 10),
(814, '950321106701', '2023-04-03', '2', 'EC3401', 'P', 'Present', 10),
(815, '950321106003', '2023-04-03', '3', 'EC3401', 'P', 'Present', 10),
(816, '950321106005', '2023-04-03', '3', 'EC3401', 'P', 'Present', 10),
(817, '950321106006', '2023-04-03', '3', 'EC3401', 'P', 'Present', 10),
(818, '950321106007', '2023-04-03', '3', 'EC3401', 'P', 'Present', 10),
(819, '950321106012', '2023-04-03', '3', 'EC3401', 'P', 'Present', 10),
(820, '950321106013', '2023-04-03', '3', 'EC3401', 'P', 'Present', 10),
(821, '950321106014', '2023-04-03', '3', 'EC3401', 'P', 'Present', 10),
(822, '950321106015', '2023-04-03', '3', 'EC3401', 'P', 'Present', 10),
(823, '950321106018', '2023-04-03', '3', 'EC3401', 'P', 'Present', 10),
(824, '950321106022', '2023-04-03', '3', 'EC3401', 'P', 'Present', 10),
(825, '950321106023', '2023-04-03', '3', 'EC3401', 'P', 'Present', 10),
(826, '950321106025', '2023-04-03', '3', 'EC3401', 'P', 'Present', 10),
(827, '950321106028', '2023-04-03', '3', 'EC3401', 'P', 'Present', 10),
(828, '950321106305', '2023-04-03', '3', 'EC3401', 'P', 'Present', 10),
(829, '950321106701', '2023-04-03', '3', 'EC3401', 'P', 'Present', 10),
(830, '950321106003', '2023-04-03', '4', 'EC3451', 'P', 'Present', 10),
(831, '950321106005', '2023-04-03', '4', 'EC3451', 'P', 'Present', 10),
(832, '950321106006', '2023-04-03', '4', 'EC3451', 'P', 'Present', 10),
(833, '950321106007', '2023-04-03', '4', 'EC3451', 'P', 'Present', 10),
(834, '950321106012', '2023-04-03', '4', 'EC3451', 'P', 'Present', 10),
(835, '950321106013', '2023-04-03', '4', 'EC3451', 'P', 'Present', 10),
(836, '950321106014', '2023-04-03', '4', 'EC3451', 'P', 'Present', 10),
(837, '950321106015', '2023-04-03', '4', 'EC3451', 'P', 'Present', 10),
(838, '950321106018', '2023-04-03', '4', 'EC3451', 'P', 'Present', 10),
(839, '950321106022', '2023-04-03', '4', 'EC3451', 'P', 'Present', 10),
(840, '950321106023', '2023-04-03', '4', 'EC3451', 'P', 'Present', 10),
(841, '950321106025', '2023-04-03', '4', 'EC3451', 'P', 'Present', 10),
(842, '950321106028', '2023-04-03', '4', 'EC3451', 'P', 'Present', 10),
(843, '950321106305', '2023-04-03', '4', 'EC3451', 'P', 'Present', 10),
(844, '950321106701', '2023-04-03', '4', 'EC3451', 'P', 'Present', 10),
(845, '950321106003', '2023-04-03', '5', 'EC3461', 'P', 'Present', 10),
(846, '950321106005', '2023-04-03', '5', 'EC3461', 'P', 'Present', 10),
(847, '950321106006', '2023-04-03', '5', 'EC3461', 'P', 'Present', 10),
(848, '950321106007', '2023-04-03', '5', 'EC3461', 'P', 'Present', 10),
(849, '950321106012', '2023-04-03', '5', 'EC3461', 'P', 'Present', 10),
(850, '950321106013', '2023-04-03', '5', 'EC3461', 'P', 'Present', 10),
(851, '950321106014', '2023-04-03', '5', 'EC3461', 'P', 'Present', 10),
(852, '950321106015', '2023-04-03', '5', 'EC3461', 'P', 'Present', 10),
(853, '950321106018', '2023-04-03', '5', 'EC3461', 'P', 'Present', 10),
(854, '950321106022', '2023-04-03', '5', 'EC3461', 'P', 'Present', 10),
(855, '950321106023', '2023-04-03', '5', 'EC3461', 'P', 'Present', 10),
(856, '950321106025', '2023-04-03', '5', 'EC3461', 'P', 'Present', 10),
(857, '950321106028', '2023-04-03', '5', 'EC3461', 'P', 'Present', 10),
(858, '950321106305', '2023-04-03', '5', 'EC3461', 'P', 'Present', 10),
(859, '950321106701', '2023-04-03', '5', 'EC3461', 'P', 'Present', 10),
(860, '950321106003', '2023-04-03', '6', 'EC3461', 'P', 'Present', 10),
(861, '950321106005', '2023-04-03', '6', 'EC3461', 'P', 'Present', 10),
(862, '950321106006', '2023-04-03', '6', 'EC3461', 'P', 'Present', 10),
(863, '950321106007', '2023-04-03', '6', 'EC3461', 'P', 'Present', 10),
(864, '950321106012', '2023-04-03', '6', 'EC3461', 'P', 'Present', 10),
(865, '950321106013', '2023-04-03', '6', 'EC3461', 'P', 'Present', 10),
(866, '950321106014', '2023-04-03', '6', 'EC3461', 'P', 'Present', 10),
(867, '950321106015', '2023-04-03', '6', 'EC3461', 'P', 'Present', 10),
(868, '950321106018', '2023-04-03', '6', 'EC3461', 'P', 'Present', 10),
(869, '950321106022', '2023-04-03', '6', 'EC3461', 'P', 'Present', 10),
(870, '950321106023', '2023-04-03', '6', 'EC3461', 'P', 'Present', 10),
(871, '950321106025', '2023-04-03', '6', 'EC3461', 'P', 'Present', 10),
(872, '950321106028', '2023-04-03', '6', 'EC3461', 'P', 'Present', 10),
(873, '950321106305', '2023-04-03', '6', 'EC3461', 'P', 'Present', 10),
(874, '950321106701', '2023-04-03', '6', 'EC3461', 'P', 'Present', 10),
(875, '950321106003', '2023-04-03', '7', 'EC3461', 'P', 'Present', 10),
(876, '950321106005', '2023-04-03', '7', 'EC3461', 'P', 'Present', 10),
(877, '950321106006', '2023-04-03', '7', 'EC3461', 'P', 'Present', 10),
(878, '950321106007', '2023-04-03', '7', 'EC3461', 'P', 'Present', 10),
(879, '950321106012', '2023-04-03', '7', 'EC3461', 'P', 'Present', 10),
(880, '950321106013', '2023-04-03', '7', 'EC3461', 'P', 'Present', 10),
(881, '950321106014', '2023-04-03', '7', 'EC3461', 'P', 'Present', 10),
(882, '950321106015', '2023-04-03', '7', 'EC3461', 'P', 'Present', 10),
(883, '950321106018', '2023-04-03', '7', 'EC3461', 'P', 'Present', 10),
(884, '950321106022', '2023-04-03', '7', 'EC3461', 'P', 'Present', 10),
(885, '950321106023', '2023-04-03', '7', 'EC3461', 'P', 'Present', 10),
(886, '950321106025', '2023-04-03', '7', 'EC3461', 'P', 'Present', 10),
(887, '950321106028', '2023-04-03', '7', 'EC3461', 'P', 'Present', 10),
(888, '950321106305', '2023-04-03', '7', 'EC3461', 'P', 'Present', 10),
(889, '950321106701', '2023-04-03', '7', 'EC3461', 'P', 'Present', 10),
(890, '950321106003', '2023-04-03', '8', 'EC3401', 'P', 'Present', 10),
(891, '950321106005', '2023-04-03', '8', 'EC3401', 'P', 'Present', 10),
(892, '950321106006', '2023-04-03', '8', 'EC3401', 'P', 'Present', 10),
(893, '950321106007', '2023-04-03', '8', 'EC3401', 'P', 'Present', 10),
(894, '950321106012', '2023-04-03', '8', 'EC3401', 'P', 'Present', 10),
(895, '950321106013', '2023-04-03', '8', 'EC3401', 'P', 'Present', 10),
(896, '950321106014', '2023-04-03', '8', 'EC3401', 'P', 'Present', 10),
(897, '950321106015', '2023-04-03', '8', 'EC3401', 'P', 'Present', 10),
(898, '950321106018', '2023-04-03', '8', 'EC3401', 'P', 'Present', 10),
(899, '950321106022', '2023-04-03', '8', 'EC3401', 'P', 'Present', 10),
(900, '950321106023', '2023-04-03', '8', 'EC3401', 'P', 'Present', 10),
(901, '950321106025', '2023-04-03', '8', 'EC3401', 'P', 'Present', 10),
(902, '950321106028', '2023-04-03', '8', 'EC3401', 'P', 'Present', 10),
(903, '950321106305', '2023-04-03', '8', 'EC3401', 'P', 'Present', 10),
(904, '950321106701', '2023-04-03', '8', 'EC3401', 'P', 'Present', 10),
(905, '950321114003', '2023-04-03', '1', 'ME3491', 'P', 'Present', 18),
(906, '950321114005', '2023-04-03', '1', 'ME3491', 'P', 'Present', 18),
(907, '950321114006', '2023-04-03', '1', 'ME3491', 'P', 'Present', 18),
(908, '950321114007', '2023-04-03', '1', 'ME3491', 'P', 'Present', 18),
(909, '950321114012', '2023-04-03', '1', 'ME3491', 'A', 'Fever', 18),
(910, '950321114013', '2023-04-03', '1', 'ME3491', 'P', 'Present', 18),
(911, '950321114014', '2023-04-03', '1', 'ME3491', 'P', 'Present', 18),
(912, '950321114015', '2023-04-03', '1', 'ME3491', 'P', 'Present', 18),
(913, '950321114018', '2023-04-03', '1', 'ME3491', 'P', 'Present', 18),
(914, '950321114022', '2023-04-03', '1', 'ME3491', 'P', 'Present', 18),
(915, '950321114023', '2023-04-03', '1', 'ME3491', 'P', 'Present', 18),
(916, '950321114025', '2023-04-03', '1', 'ME3491', 'P', 'Present', 18),
(917, '950321114003', '2023-04-03', '2', 'ME3451', 'P', 'Present', 18),
(918, '950321114005', '2023-04-03', '2', 'ME3451', 'P', 'Present', 18),
(919, '950321114006', '2023-04-03', '2', 'ME3451', 'P', 'Present', 18),
(920, '950321114007', '2023-04-03', '2', 'ME3451', 'P', 'Present', 18),
(921, '950321114012', '2023-04-03', '2', 'ME3451', 'A', 'Fever', 18),
(922, '950321114013', '2023-04-03', '2', 'ME3451', 'P', 'Present', 18),
(923, '950321114014', '2023-04-03', '2', 'ME3451', 'P', 'Present', 18),
(924, '950321114015', '2023-04-03', '2', 'ME3451', 'P', 'Present', 18),
(925, '950321114018', '2023-04-03', '2', 'ME3451', 'P', 'Present', 18),
(926, '950321114022', '2023-04-03', '2', 'ME3451', 'P', 'Present', 18),
(927, '950321114023', '2023-04-03', '2', 'ME3451', 'P', 'Present', 18),
(928, '950321114025', '2023-04-03', '2', 'ME3451', 'P', 'Present', 18),
(929, '950321114003', '2023-04-03', '3', 'ME3451', 'P', 'Present', 18),
(930, '950321114005', '2023-04-03', '3', 'ME3451', 'P', 'Present', 18),
(931, '950321114006', '2023-04-03', '3', 'ME3451', 'P', 'Present', 18),
(932, '950321114007', '2023-04-03', '3', 'ME3451', 'P', 'Present', 18),
(933, '950321114012', '2023-04-03', '3', 'ME3451', 'A', 'Fever', 18),
(934, '950321114013', '2023-04-03', '3', 'ME3451', 'P', 'Present', 18),
(935, '950321114014', '2023-04-03', '3', 'ME3451', 'P', 'Present', 18),
(936, '950321114015', '2023-04-03', '3', 'ME3451', 'P', 'Present', 18),
(937, '950321114018', '2023-04-03', '3', 'ME3451', 'P', 'Present', 18),
(938, '950321114022', '2023-04-03', '3', 'ME3451', 'P', 'Present', 18),
(939, '950321114023', '2023-04-03', '3', 'ME3451', 'P', 'Present', 18),
(940, '950321114025', '2023-04-03', '3', 'ME3451', 'P', 'Present', 18),
(941, '950321114003', '2023-04-03', '4', 'ME3492', 'P', 'Present', 18),
(942, '950321114005', '2023-04-03', '4', 'ME3492', 'P', 'Present', 18),
(943, '950321114006', '2023-04-03', '4', 'ME3492', 'P', 'Present', 18),
(944, '950321114007', '2023-04-03', '4', 'ME3492', 'P', 'Present', 18),
(945, '950321114012', '2023-04-03', '4', 'ME3492', 'A', 'Fever', 18),
(946, '950321114013', '2023-04-03', '4', 'ME3492', 'P', 'Present', 18),
(947, '950321114014', '2023-04-03', '4', 'ME3492', 'P', 'Present', 18),
(948, '950321114015', '2023-04-03', '4', 'ME3492', 'P', 'Present', 18),
(949, '950321114018', '2023-04-03', '4', 'ME3492', 'P', 'Present', 18),
(950, '950321114022', '2023-04-03', '4', 'ME3492', 'P', 'Present', 18),
(951, '950321114023', '2023-04-03', '4', 'ME3492', 'P', 'Present', 18),
(952, '950321114025', '2023-04-03', '4', 'ME3492', 'P', 'Present', 18),
(953, '950321114003', '2023-04-03', '5', 'ME3492', 'P', 'Present', 18),
(954, '950321114005', '2023-04-03', '5', 'ME3492', 'P', 'Present', 18),
(955, '950321114006', '2023-04-03', '5', 'ME3492', 'P', 'Present', 18),
(956, '950321114007', '2023-04-03', '5', 'ME3492', 'P', 'Present', 18),
(957, '950321114012', '2023-04-03', '5', 'ME3492', 'A', 'Fever', 18),
(958, '950321114013', '2023-04-03', '5', 'ME3492', 'P', 'Present', 18),
(959, '950321114014', '2023-04-03', '5', 'ME3492', 'P', 'Present', 18),
(960, '950321114015', '2023-04-03', '5', 'ME3492', 'P', 'Present', 18),
(961, '950321114018', '2023-04-03', '5', 'ME3492', 'P', 'Present', 18),
(962, '950321114022', '2023-04-03', '5', 'ME3492', 'P', 'Present', 18),
(963, '950321114023', '2023-04-03', '5', 'ME3492', 'P', 'Present', 18),
(964, '950321114025', '2023-04-03', '5', 'ME3492', 'P', 'Present', 18),
(965, '950321114003', '2023-04-03', '6', 'ME3493', 'P', 'Present', 18),
(966, '950321114005', '2023-04-03', '6', 'ME3493', 'P', 'Present', 18),
(967, '950321114006', '2023-04-03', '6', 'ME3493', 'P', 'Present', 18),
(968, '950321114007', '2023-04-03', '6', 'ME3493', 'P', 'Present', 18),
(969, '950321114012', '2023-04-03', '6', 'ME3493', 'A', 'Fever', 18),
(970, '950321114013', '2023-04-03', '6', 'ME3493', 'P', 'Present', 18),
(971, '950321114014', '2023-04-03', '6', 'ME3493', 'P', 'Present', 18),
(972, '950321114015', '2023-04-03', '6', 'ME3493', 'P', 'Present', 18),
(973, '950321114018', '2023-04-03', '6', 'ME3493', 'P', 'Present', 18),
(974, '950321114022', '2023-04-03', '6', 'ME3493', 'P', 'Present', 18),
(975, '950321114023', '2023-04-03', '6', 'ME3493', 'P', 'Present', 18),
(976, '950321114025', '2023-04-03', '6', 'ME3493', 'P', 'Present', 18),
(977, '950321114003', '2023-04-03', '7', 'ME3493', 'P', 'Present', 18),
(978, '950321114005', '2023-04-03', '7', 'ME3493', 'P', 'Present', 18),
(979, '950321114006', '2023-04-03', '7', 'ME3493', 'P', 'Present', 18),
(980, '950321114007', '2023-04-03', '7', 'ME3493', 'P', 'Present', 18),
(981, '950321114012', '2023-04-03', '7', 'ME3493', 'A', 'Fever', 18),
(982, '950321114013', '2023-04-03', '7', 'ME3493', 'P', 'Present', 18),
(983, '950321114014', '2023-04-03', '7', 'ME3493', 'P', 'Present', 18),
(984, '950321114015', '2023-04-03', '7', 'ME3493', 'P', 'Present', 18),
(985, '950321114018', '2023-04-03', '7', 'ME3493', 'P', 'Present', 18),
(986, '950321114022', '2023-04-03', '7', 'ME3493', 'P', 'Present', 18),
(987, '950321114023', '2023-04-03', '7', 'ME3493', 'P', 'Present', 18),
(988, '950321114025', '2023-04-03', '7', 'ME3493', 'P', 'Present', 18),
(989, '950321114003', '2023-04-03', '8', 'ME3451', 'P', 'Present', 18),
(990, '950321114005', '2023-04-03', '8', 'ME3451', 'P', 'Present', 18),
(991, '950321114006', '2023-04-03', '8', 'ME3451', 'P', 'Present', 18),
(992, '950321114007', '2023-04-03', '8', 'ME3451', 'P', 'Present', 18),
(993, '950321114012', '2023-04-03', '8', 'ME3451', 'A', 'Fever', 18),
(994, '950321114013', '2023-04-03', '8', 'ME3451', 'P', 'Present', 18),
(995, '950321114014', '2023-04-03', '8', 'ME3451', 'P', 'Present', 18),
(996, '950321114015', '2023-04-03', '8', 'ME3451', 'P', 'Present', 18),
(997, '950321114018', '2023-04-03', '8', 'ME3451', 'P', 'Present', 18),
(998, '950321114022', '2023-04-03', '8', 'ME3451', 'P', 'Present', 18),
(999, '950321114023', '2023-04-03', '8', 'ME3451', 'P', 'Present', 18),
(1000, '950321114025', '2023-04-03', '8', 'ME3451', 'P', 'Present', 18);

-- --------------------------------------------------------

--
-- Table structure for table `erp_calender`
--

CREATE TABLE `erp_calender` (
  `cal_id` bigint(20) NOT NULL COMMENT 'Calender id',
  `cal_event` varchar(30) NOT NULL COMMENT 'Event name',
  `cal_timestamp` timestamp NOT NULL DEFAULT current_timestamp() COMMENT 'timestamp of Event creation',
  `cal_postby` varchar(30) NOT NULL COMMENT 'Posted by Whom',
  `cal_sdate` date NOT NULL COMMENT 'Event Starting date',
  `cal_edate` date NOT NULL COMMENT 'Event Ending date'
) ENGINE=InnoDB DEFAULT CHARSET=utf8mb4 COLLATE=utf8mb4_general_ci;

--
-- Dumping data for table `erp_calender`
--

INSERT INTO `erp_calender` (`cal_id`, `cal_event`, `cal_timestamp`, `cal_postby`, `cal_sdate`, `cal_edate`) VALUES
(1, 'Sports Day', '2023-03-14 14:32:31', 'f001', '2023-03-14', '2023-03-14'),
(2, 'College Day', '2023-03-14 14:33:16', 'f001', '2023-03-14', '2023-03-14'),
(3, 'Annual Day', '2023-04-07 06:53:17', 'f012', '2023-04-11', '2023-04-11'),
(4, 'Science Day', '2023-04-07 06:53:17', 'f013', '2023-04-08', '2023-04-08'),
(1, 'Sports Day', '2023-03-14 14:32:31', 'f001', '2023-03-14', '2023-03-14'),
(2, 'College Day', '2023-03-14 14:33:16', 'f001', '2023-03-14', '2023-03-14'),
(3, 'Annual Day', '2023-04-07 06:53:17', 'f012', '2023-04-11', '2023-04-11'),
(4, 'Science Day', '2023-04-07 06:53:17', 'f013', '2023-04-08', '2023-04-08'),
(1, 'Sports Day', '2023-03-14 14:32:31', 'f001', '2023-03-14', '2023-03-14'),
(2, 'College Day', '2023-03-14 14:33:16', 'f001', '2023-03-14', '2023-03-14'),
(3, 'Annual Day', '2023-04-07 06:53:17', 'f012', '2023-04-11', '2023-04-11'),
(4, 'Science Day', '2023-04-07 06:53:17', 'f013', '2023-04-08', '2023-04-08'),
(1, 'Sports Day', '2023-03-14 14:32:31', 'f001', '2023-03-14', '2023-03-14'),
(2, 'College Day', '2023-03-14 14:33:16', 'f001', '2023-03-14', '2023-03-14'),
(3, 'Annual Day', '2023-04-07 06:53:17', 'f012', '2023-04-11', '2023-04-11'),
(4, 'Science Day', '2023-04-07 06:53:17', 'f013', '2023-04-08', '2023-04-08');

-- --------------------------------------------------------

--
-- Table structure for table `erp_category`
--

CREATE TABLE `erp_category` (
  `cat_id` bigint(20) NOT NULL COMMENT 'category id',
  `cat_name` varchar(30) NOT NULL COMMENT 'category name',
  `cat_desc` varchar(500) NOT NULL COMMENT 'category description',
  `cat_modname` varchar(30) NOT NULL COMMENT 'module name',
  `cat_pcat` varchar(30) NOT NULL COMMENT 'parent category'
) ENGINE=InnoDB DEFAULT CHARSET=utf8mb4 COLLATE=utf8mb4_general_ci;

--
-- Dumping data for table `erp_category`
--

INSERT INTO `erp_category` (`cat_id`, `cat_name`, `cat_desc`, `cat_modname`, `cat_pcat`) VALUES
(1, 'Acadamic', 'Acadamic purpose', 'Feedback type', ''),
(2, 'Account', 'Account related purpose', 'Complaint management System', ''),
(3, 'Admission module', 'Admission purpose', 'Admin module', ''),
(4, 'Art & Crafts', 'Art and Craft ', 'Library', ''),
(5, 'Books', 'Books purpose', 'Eclassfield', ''),
(6, 'Chair', 'Chair Assets', 'Assets', ''),
(1, 'Acadamic', 'Acadamic purpose', 'Feedback type', ''),
(2, 'Account', 'Account related purpose', 'Complaint management System', ''),
(3, 'Admission module', 'Admission purpose', 'Admin module', ''),
(4, 'Art & Crafts', 'Art and Craft ', 'Library', ''),
(5, 'Books', 'Books purpose', 'Eclassfield', ''),
(6, 'Chair', 'Chair Assets', 'Assets', ''),
(1, 'Acadamic', 'Acadamic purpose', 'Feedback type', ''),
(2, 'Account', 'Account related purpose', 'Complaint management System', ''),
(3, 'Admission module', 'Admission purpose', 'Admin module', ''),
(4, 'Art & Crafts', 'Art and Craft ', 'Library', ''),
(5, 'Books', 'Books purpose', 'Eclassfield', ''),
(6, 'Chair', 'Chair Assets', 'Assets', ''),
(1, 'Acadamic', 'Acadamic purpose', 'Feedback type', ''),
(2, 'Account', 'Account related purpose', 'Complaint management System', ''),
(3, 'Admission module', 'Admission purpose', 'Admin module', ''),
(4, 'Art & Crafts', 'Art and Craft ', 'Library', ''),
(5, 'Books', 'Books purpose', 'Eclassfield', ''),
(6, 'Chair', 'Chair Assets', 'Assets', '');

-- --------------------------------------------------------

--
-- Table structure for table `erp_class`
--

CREATE TABLE `erp_class` (
  `cls_id` bigint(20) NOT NULL COMMENT 'Class id',
  `cls_startyr` year(4) NOT NULL COMMENT 'Starting year',
  `cls_endyr` year(4) NOT NULL COMMENT 'Ending year',
  `cls_deptcode` varchar(20) NOT NULL COMMENT 'Department code',
  `cls_dept` varchar(50) NOT NULL COMMENT 'Department name(Abbreviation)',
  `cls_deptname` varchar(50) NOT NULL COMMENT 'dept name(full form)',
  `cls_sem` int(10) NOT NULL COMMENT 'Semester',
  `cls_course` varchar(20) NOT NULL COMMENT 'Course name',
  `cls_acdstyr` year(4) NOT NULL COMMENT 'academic start year',
  `cls_acdedyr` year(4) NOT NULL COMMENT 'academic end year'
) ENGINE=InnoDB DEFAULT CHARSET=utf8mb4 COLLATE=utf8mb4_general_ci;

--
-- Dumping data for table `erp_class`
--

INSERT INTO `erp_class` (`cls_id`, `cls_startyr`, `cls_endyr`, `cls_deptcode`, `cls_dept`, `cls_deptname`, `cls_sem`, `cls_course`, `cls_acdstyr`, `cls_acdedyr`) VALUES
(1, 2020, 2024, '104', 'CSE', 'Computer Science And Engineering', 6, 'B.E', 2022, 2023),
(2, 2020, 2024, '106', 'ECE', 'Electronics And Communication Engineering', 6, 'B.E', 2022, 2023),
(3, 2021, 2023, '401', 'AE', 'Applied Electronics', 4, 'M.E', 2022, 2023),
(4, 2021, 2023, '405', 'CSE', 'Computer Science And Engineering', 4, 'M.E', 2022, 2023),
(5, 2021, 2023, '411', 'PSE', 'Power System Engineering', 4, 'M.E', 2022, 2023),
(6, 2022, 2024, '631', 'MBA', 'Master Of Business Administration', 2, 'M.B.A', 2022, 2023),
(7, 2020, 2024, '114', 'MECH', 'Mechanical Engineering', 6, 'B.E', 2022, 2023),
(8, 2021, 2025, '103', 'CIVIL', 'Civil Engineering', 4, 'B.E', 2022, 2023),
(9, 2021, 2025, '105', 'EEE', 'Electrical And Elecronics Engineering', 4, 'B.E', 2022, 2023),
(10, 2021, 2025, '106', 'ECE', 'Electronics And Communication Engineering', 4, 'B.E', 2022, 2023),
(11, 2021, 2025, '104,', 'CSE', 'Computer Science and Engineering', 4, 'B.E', 2022, 2023),
(12, 2022, 2026, '104', 'CSE', 'Computer Science And Engineering', 2, 'B.E', 2022, 2023),
(13, 2022, 2026, '106', 'ECE', 'Electronics and Communication Engineering', 2, 'B.E', 2022, 2023),
(14, 2020, 2024, '104', 'CSE', 'Computer Science And Engineering', 5, 'B.E', 2021, 2022),
(15, 2020, 2024, '106', 'ECE', 'Electronics And Communication Engineering', 5, 'B.E', 2021, 2022),
(16, 2020, 2024, '105', 'EEE', 'Electrical And Elecronics Engineering', 6, 'B.E', 2022, 2023),
(17, 2022, 2026, '105', 'EEE', 'Electrical And Elecronics Engineering', 2, 'B.E', 2022, 2023),
(18, 2021, 2025, '114', 'MECH', 'Mechanical Engineering', 4, 'B.E', 2022, 2023),
(19, 2022, 2026, '114', 'MECH', 'Mechanical Engineering', 2, 'B.E', 2022, 2023),
(20, 2020, 2024, '103', 'CIVIL', 'Civil Engineering', 6, 'B.E', 2022, 2023),
(21, 2022, 2026, '103', 'CIVIL', 'Civil Engineering', 2, 'B.E', 2022, 2023),
(22, 2021, 2022, '411', 'PSE', 'Power System Engineering', 2, 'M.E', 2022, 2023),
(23, 2020, 2022, '401', 'AE', 'Applied Electronics', 4, 'M.E', 2022, 2023),
(24, 2022, 2024, '631', 'MBA', 'Master Of Business Administration', 2, 'M.B.A', 2022, 2023),
(25, 2020, 2030, '9503', 'AG', 'Admin-Grace', 0, 'All', 2020, 2030);

-- --------------------------------------------------------

--
-- Table structure for table `erp_createexam`
--

CREATE TABLE `erp_createexam` (
  `ce_id` bigint(20) NOT NULL COMMENT 'Create Exam id',
  `cls_id` bigint(20) NOT NULL COMMENT 'Class id',
  `ce_exam` varchar(30) NOT NULL COMMENT 'Exam name(Slip test/Unit test/IAT/University)',
  `ce_type` varchar(20) NOT NULL COMMENT 'create exam type(university/academic/other)',
  `ce_sdate` date DEFAULT NULL COMMENT 'create exam start date',
  `ce_edate` date DEFAULT NULL COMMENT 'create exam end date'
) ENGINE=InnoDB DEFAULT CHARSET=utf8mb4 COLLATE=utf8mb4_general_ci;

--
-- Dumping data for table `erp_createexam`
--

INSERT INTO `erp_createexam` (`ce_id`, `cls_id`, `ce_exam`, `ce_type`, `ce_sdate`, `ce_edate`) VALUES
(1, 1, 'Slip Test 1', 'academic', '2023-02-27', '2023-03-04'),
(2, 1, 'Slip Test 2', 'academic', '2023-03-06', '2023-03-10'),
(3, 1, 'Slip test 3', 'academic', '2023-03-13', '2023-03-18'),
(4, 1, 'Slip test 4', 'academic', '2023-03-20', '2023-03-24'),
(5, 1, 'IAT 1', 'academic', '2023-03-27', '2023-03-31'),
(6, 1, 'Slip test 5', 'academic', '2023-04-03', '2023-04-08'),
(7, 1, 'Slip test 6', 'academic', '2023-04-10', '2023-04-15'),
(8, 1, 'Slip test 7', 'academic', '2023-04-17', '2023-04-22'),
(9, 1, 'IAT 2', 'academic', '2023-04-24', '2023-04-29'),
(10, 1, 'Slip test 8', 'academic', '2023-05-02', '2023-05-06'),
(11, 1, 'Slip test 9', 'academic', '2023-05-08', '2023-05-11'),
(12, 1, 'Slip test 10', 'academic', '2023-03-15', '2023-05-20'),
(13, 1, 'Slip test 11', 'academic', '2023-05-22', '2023-05-26'),
(14, 1, 'IAT 3', 'academic', '2023-05-26', '2023-05-31'),
(15, 11, 'Slip Test 1', 'academic', '2023-02-27', '2023-03-04'),
(16, 11, 'Slip Test 2', 'academic', '2023-03-06', '2023-03-10'),
(17, 11, 'Slip test 3', 'academic', '2023-03-13', '2023-03-18'),
(18, 11, 'Slip test 4', 'academic', '2023-03-20', '2023-03-24'),
(19, 11, 'IAT 1', 'academic', '2023-03-27', '2023-03-31'),
(20, 11, 'Slip test 5', 'academic', '2023-04-03', '2023-04-08'),
(21, 11, 'Slip test 6', 'academic', '2023-04-10', '2023-04-15'),
(22, 11, 'Slip test 7', 'academic', '2023-04-17', '2023-04-22'),
(23, 11, 'IAT 2', 'academic', '2023-04-24', '2023-04-29'),
(24, 11, 'Slip test 8', 'academic', '2023-05-02', '2023-05-06'),
(25, 11, 'Slip test 9', 'academic', '2023-05-08', '2023-05-11'),
(26, 11, 'Slip test 10', 'academic', '2023-03-15', '2023-05-20'),
(27, 11, 'Slip test 11', 'academic', '2023-05-22', '2023-05-26'),
(28, 11, 'IAT 3', 'academic', '2023-05-26', '2023-05-31'),
(29, 2, 'Slip Test 1', 'academic', '2023-02-27', '2023-03-04'),
(30, 2, 'Slip Test 2', 'academic', '2023-03-06', '2023-03-10'),
(31, 2, 'Slip test 3', 'academic', '2023-03-13', '2023-03-18'),
(32, 2, 'Slip test 4', 'academic', '2023-03-20', '2023-03-24'),
(33, 2, 'IAT 1', 'academic', '2023-03-27', '2023-03-31'),
(34, 2, 'Slip test 5', 'academic', '2023-04-03', '2023-04-08'),
(35, 2, 'Slip test 6', 'academic', '2023-04-10', '2023-04-15'),
(36, 2, 'Slip test 7', 'academic', '2023-04-17', '2023-04-22'),
(37, 2, 'IAT 2', 'academic', '2023-04-24', '2023-04-29'),
(38, 2, 'Slip test 8', 'academic', '2023-05-02', '2023-05-06'),
(39, 2, 'Slip test 9', 'academic', '2023-05-08', '2023-05-11'),
(40, 2, 'Slip test 10', 'academic', '2023-03-15', '2023-05-20'),
(41, 2, 'Slip test 11', 'academic', '2023-05-22', '2023-05-26'),
(42, 2, 'IAT 3', 'academic', '2023-05-26', '2023-05-31'),
(43, 10, 'Slip Test 1', 'academic', '2023-02-27', '2023-03-04'),
(44, 10, 'Slip Test 2', 'academic', '2023-03-06', '2023-03-10'),
(45, 10, 'Slip test 3', 'academic', '2023-03-13', '2023-03-18'),
(46, 10, 'Slip test 4', 'academic', '2023-03-20', '2023-03-24'),
(47, 10, 'IAT 1', 'academic', '2023-03-27', '2023-03-31'),
(48, 10, 'Slip test 5', 'academic', '2023-04-03', '2023-04-08'),
(49, 10, 'Slip test 6', 'academic', '2023-04-10', '2023-04-15'),
(50, 10, 'Slip test 7', 'academic', '2023-04-17', '2023-04-22'),
(51, 10, 'IAT 2', 'academic', '2023-04-24', '2023-04-29'),
(52, 10, 'Slip test 8', 'academic', '2023-05-02', '2023-05-06'),
(53, 10, 'Slip test 9', 'academic', '2023-05-08', '2023-05-11'),
(54, 10, 'Slip test 10', 'academic', '2023-03-15', '2023-05-20'),
(55, 10, 'Slip test 11', 'academic', '2023-05-22', '2023-05-26'),
(56, 10, 'IAT 3', 'academic', '2023-05-26', '2023-05-31'),
(57, 9, 'Slip Test 1', 'academic', '2023-02-27', '2023-03-04'),
(58, 9, 'Slip Test 2', 'academic', '2023-03-06', '2023-03-10'),
(59, 9, 'Slip test 3', 'academic', '2023-03-13', '2023-03-18'),
(60, 9, 'Slip test 4', 'academic', '2023-03-20', '2023-03-24'),
(61, 9, 'IAT 1', 'academic', '2023-03-27', '2023-03-31'),
(62, 9, 'Slip test 5', 'academic', '2023-04-03', '2023-04-08'),
(63, 9, 'Slip test 6', 'academic', '2023-04-10', '2023-04-15'),
(64, 9, 'Slip test 7', 'academic', '2023-04-17', '2023-04-22'),
(65, 9, 'IAT 2', 'academic', '2023-04-24', '2023-04-29'),
(66, 9, 'Slip test 8', 'academic', '2023-05-02', '2023-05-06'),
(67, 9, 'Slip test 9', 'academic', '2023-05-08', '2023-05-11'),
(68, 9, 'Slip test 10', 'academic', '2023-03-15', '2023-05-20'),
(69, 9, 'Slip test 11', 'academic', '2023-05-22', '2023-05-26'),
(70, 9, 'IAT 3', 'academic', '2023-05-26', '2023-05-31'),
(71, 16, 'Slip Test 1', 'academic', '2023-02-27', '2023-03-04'),
(72, 16, 'Slip Test 2', 'academic', '2023-03-06', '2023-03-10'),
(73, 16, 'Slip test 3', 'academic', '2023-03-13', '2023-03-18'),
(74, 16, 'Slip test 4', 'academic', '2023-03-20', '2023-03-24'),
(75, 16, 'IAT 1', 'academic', '2023-03-27', '2023-03-31'),
(76, 16, 'Slip test 5', 'academic', '2023-04-03', '2023-04-08'),
(77, 16, 'Slip test 6', 'academic', '2023-04-10', '2023-04-15'),
(78, 16, 'Slip test 7', 'academic', '2023-04-17', '2023-04-22'),
(79, 16, 'IAT 2', 'academic', '2023-04-24', '2023-04-29'),
(80, 16, 'Slip test 8', 'academic', '2023-05-02', '2023-05-06'),
(81, 16, 'Slip test 9', 'academic', '2023-05-08', '2023-05-11'),
(82, 16, 'Slip test 10', 'academic', '2023-03-15', '2023-05-20'),
(83, 16, 'Slip test 11', 'academic', '2023-05-22', '2023-05-26'),
(84, 16, 'IAT 3', 'academic', '2023-05-26', '2023-05-31'),
(85, 18, 'Slip Test 1', 'academic', '2023-02-27', '2023-03-04'),
(86, 18, 'Slip Test 2', 'academic', '2023-03-06', '2023-03-10'),
(87, 18, 'Slip test 3', 'academic', '2023-03-13', '2023-03-18'),
(88, 18, 'Slip test 4', 'academic', '2023-03-20', '2023-03-24'),
(89, 18, 'IAT 1', 'academic', '2023-03-27', '2023-03-31'),
(90, 18, 'Slip test 5', 'academic', '2023-04-03', '2023-04-08'),
(91, 18, 'Slip test 6', 'academic', '2023-04-10', '2023-04-15'),
(92, 18, 'Slip test 7', 'academic', '2023-04-17', '2023-04-22'),
(93, 18, 'IAT 2', 'academic', '2023-04-24', '2023-04-29'),
(94, 18, 'Slip test 8', 'academic', '2023-05-02', '2023-05-06'),
(95, 18, 'Slip test 9', 'academic', '2023-05-08', '2023-05-11'),
(96, 18, 'Slip test 10', 'academic', '2023-03-15', '2023-05-20'),
(97, 18, 'Slip test 11', 'academic', '2023-05-22', '2023-05-26'),
(98, 18, 'IAT 3', 'academic', '2023-05-26', '2023-05-31'),
(99, 7, 'Slip Test 1', 'academic', '2023-02-27', '2023-03-04'),
(100, 7, 'Slip Test 2', 'academic', '2023-03-06', '2023-03-10'),
(101, 7, 'Slip test 3', 'academic', '2023-03-13', '2023-03-18'),
(102, 7, 'Slip test 4', 'academic', '2023-03-20', '2023-03-24'),
(103, 7, 'IAT 1', 'academic', '2023-03-27', '2023-03-31'),
(104, 7, 'Slip test 5', 'academic', '2023-04-03', '2023-04-08'),
(105, 7, 'Slip test 6', 'academic', '2023-04-10', '2023-04-15'),
(106, 7, 'Slip test 7', 'academic', '2023-04-17', '2023-04-22'),
(107, 7, 'IAT 2', 'academic', '2023-04-24', '2023-04-29'),
(108, 7, 'Slip test 8', 'academic', '2023-05-02', '2023-05-06'),
(109, 7, 'Slip test 9', 'academic', '2023-05-08', '2023-05-11'),
(110, 7, 'Slip test 10', 'academic', '2023-03-15', '2023-05-20'),
(111, 7, 'Slip test 11', 'academic', '2023-05-22', '2023-05-26'),
(112, 7, 'IAT 3', 'academic', '2023-05-26', '2023-05-31'),
(113, 20, 'Slip Test 1', 'academic', '2023-02-27', '2023-03-04'),
(114, 20, 'Slip Test 2', 'academic', '2023-03-06', '2023-03-10'),
(115, 20, 'Slip test 3', 'academic', '2023-03-13', '2023-03-18'),
(116, 20, 'Slip test 4', 'academic', '2023-03-20', '2023-03-24'),
(117, 20, 'IAT 1', 'academic', '2023-03-27', '2023-03-31'),
(118, 20, 'Slip test 5', 'academic', '2023-04-03', '2023-04-08'),
(119, 20, 'Slip test 6', 'academic', '2023-04-10', '2023-04-15'),
(120, 20, 'Slip test 7', 'academic', '2023-04-17', '2023-04-22'),
(121, 20, 'IAT 2', 'academic', '2023-04-24', '2023-04-29'),
(122, 20, 'Slip test 8', 'academic', '2023-05-02', '2023-05-06'),
(123, 20, 'Slip test 9', 'academic', '2023-05-08', '2023-05-11'),
(124, 20, 'Slip test 10', 'academic', '2023-03-15', '2023-05-20'),
(125, 20, 'Slip test 11', 'academic', '2023-05-22', '2023-05-26'),
(126, 20, 'IAT 3', 'academic', '2023-05-26', '2023-05-31'),
(127, 8, 'Slip Test 1', 'academic', '2023-02-27', '2023-03-04'),
(128, 8, 'Slip Test 2', 'academic', '2023-03-06', '2023-03-10'),
(129, 8, 'Slip test 3', 'academic', '2023-03-13', '2023-03-18'),
(130, 8, 'Slip test 4', 'academic', '2023-03-20', '2023-03-24'),
(131, 8, 'IAT 1', 'academic', '2023-03-27', '2023-03-31'),
(132, 8, 'Slip test 5', 'academic', '2023-04-03', '2023-04-08'),
(133, 8, 'Slip test 6', 'academic', '2023-04-10', '2023-04-15'),
(134, 8, 'Slip test 7', 'academic', '2023-04-17', '2023-04-22'),
(135, 8, 'IAT 2', 'academic', '2023-04-24', '2023-04-29'),
(136, 8, 'Slip test 8', 'academic', '2023-05-02', '2023-05-06'),
(137, 8, 'Slip test 9', 'academic', '2023-05-08', '2023-05-11'),
(138, 8, 'Slip test 10', 'academic', '2023-03-15', '2023-05-20'),
(139, 8, 'Slip test 11', 'academic', '2023-05-22', '2023-05-26'),
(140, 8, 'IAT 3', 'academic', '2023-05-26', '2023-05-31'),
(141, 6, 'Slip Test 1', 'academic', '2023-02-27', '2023-03-04'),
(142, 6, 'Slip Test 2', 'academic', '2023-03-06', '2023-03-10'),
(143, 6, 'Slip test 3', 'academic', '2023-03-13', '2023-03-18'),
(144, 6, 'Slip test 4', 'academic', '2023-03-20', '2023-03-24'),
(145, 6, 'IAT 1', 'academic', '2023-03-27', '2023-03-31'),
(146, 6, 'Slip test 5', 'academic', '2023-04-03', '2023-04-08'),
(147, 6, 'Slip test 6', 'academic', '2023-04-10', '2023-04-15'),
(148, 6, 'Slip test 7', 'academic', '2023-04-17', '2023-04-22'),
(149, 6, 'IAT 2', 'academic', '2023-04-24', '2023-04-29'),
(150, 6, 'Slip test 8', 'academic', '2023-05-02', '2023-05-06'),
(151, 6, 'Slip test 9', 'academic', '2023-05-08', '2023-05-11'),
(152, 6, 'Slip test 10', 'academic', '2023-03-15', '2023-05-20'),
(153, 6, 'Slip test 11', 'academic', '2023-05-22', '2023-05-26'),
(154, 6, 'IAT 3', 'academic', '2023-05-26', '2023-05-31'),
(155, 4, 'Slip Test 1', 'academic', '2023-02-27', '2023-03-04'),
(156, 4, 'Slip Test 2', 'academic', '2023-03-06', '2023-03-10'),
(157, 4, 'Slip test 3', 'academic', '2023-03-13', '2023-03-18'),
(158, 4, 'Slip test 4', 'academic', '2023-03-20', '2023-03-24'),
(159, 4, 'IAT 1', 'academic', '2023-03-27', '2023-03-31'),
(160, 4, 'Slip test 5', 'academic', '2023-04-03', '2023-04-08'),
(161, 4, 'Slip test 6', 'academic', '2023-04-10', '2023-04-15'),
(162, 4, 'Slip test 7', 'academic', '2023-04-17', '2023-04-22'),
(163, 4, 'IAT 2', 'academic', '2023-04-24', '2023-04-29'),
(164, 4, 'Slip test 8', 'academic', '2023-05-02', '2023-05-06'),
(165, 4, 'Slip test 9', 'academic', '2023-05-08', '2023-05-11'),
(166, 4, 'Slip test 10', 'academic', '2023-03-15', '2023-05-20'),
(167, 4, 'Slip test 11', 'academic', '2023-05-22', '2023-05-26'),
(168, 4, 'IAT 3', 'academic', '2023-05-26', '2023-05-31'),
(169, 5, 'Slip Test 1', 'academic', '2023-02-27', '2023-03-04'),
(170, 5, 'Slip Test 2', 'academic', '2023-03-06', '2023-03-10'),
(171, 5, 'Slip test 3', 'academic', '2023-03-13', '2023-03-18'),
(172, 5, 'Slip test 4', 'academic', '2023-03-20', '2023-03-24'),
(173, 5, 'IAT 1', 'academic', '2023-03-27', '2023-03-31'),
(174, 5, 'Slip test 5', 'academic', '2023-04-03', '2023-04-08'),
(175, 5, 'Slip test 6', 'academic', '2023-04-10', '2023-04-15'),
(176, 5, 'Slip test 7', 'academic', '2023-04-17', '2023-04-22'),
(177, 5, 'IAT 2', 'academic', '2023-04-24', '2023-04-29'),
(178, 5, 'Slip test 8', 'academic', '2023-05-02', '2023-05-06'),
(179, 5, 'Slip test 9', 'academic', '2023-05-08', '2023-05-11'),
(180, 5, 'Slip test 10', 'academic', '2023-03-15', '2023-05-20'),
(181, 5, 'Slip test 11', 'academic', '2023-05-22', '2023-05-26'),
(182, 5, 'IAT 3', 'academic', '2023-05-26', '2023-05-31');

-- --------------------------------------------------------

--
-- Table structure for table `erp_exam`
--

CREATE TABLE `erp_exam` (
  `exam_id` bigint(30) NOT NULL COMMENT 'Exam Id',
  `ce_id` bigint(20) NOT NULL COMMENT 'Create exam id',
  `test_id` bigint(20) NOT NULL COMMENT 'test id',
  `tt_subcode` varchar(50) NOT NULL COMMENT 'subject code of Exam',
  `exam_date` date NOT NULL COMMENT 'Exam date'
) ENGINE=InnoDB DEFAULT CHARSET=utf8mb4 COLLATE=utf8mb4_general_ci;

--
-- Dumping data for table `erp_exam`
--

INSERT INTO `erp_exam` (`exam_id`, `ce_id`, `test_id`, `tt_subcode`, `exam_date`) VALUES
(1, 1, 1, 'CS8601', '2023-02-23'),
(2, 1, 1, 'CS8602', '2023-02-24'),
(3, 1, 1, 'CS8603', '2023-02-27'),
(4, 1, 1, 'CS8651', '2023-02-28'),
(5, 1, 1, 'CS8691', '2023-03-01'),
(6, 1, 1, 'CS8611', '2023-03-02'),
(7, 2, 2, 'CS8601', '2023-03-06'),
(8, 2, 2, 'CS8602', '2023-03-07'),
(9, 2, 2, 'CS8603', '2023-03-08'),
(10, 2, 2, 'CS8651', '2023-03-09'),
(11, 2, 2, 'CS8691', '2023-03-10'),
(12, 2, 2, 'CS8611', '2023-03-11'),
(13, 3, 3, 'CS8601', '2023-03-13'),
(14, 3, 3, 'CS8602', '2023-03-14'),
(15, 3, 3, 'CS8603', '2023-03-15'),
(16, 3, 3, 'CS8651', '2023-03-16'),
(17, 3, 3, 'CS8691', '2023-03-17'),
(18, 3, 3, 'CS8611', '2023-03-18'),
(19, 4, 4, 'CS8601', '2023-03-20'),
(20, 4, 4, 'CS8602', '2023-03-21'),
(21, 4, 4, 'CS8603', '2023-03-22'),
(22, 4, 4, 'CS8651', '2023-03-23'),
(23, 4, 4, 'CS8691', '2023-03-24'),
(24, 4, 4, 'CS8611', '2023-03-25'),
(25, 5, 26, 'CS8601', '2023-03-27'),
(26, 5, 26, 'CS8602', '2023-03-28'),
(27, 5, 26, 'CS8603', '2023-03-29'),
(28, 5, 26, 'CS8651', '2023-03-30'),
(29, 5, 26, 'CS8691', '2023-03-31'),
(30, 5, 26, 'CS8611', '2023-04-01'),
(31, 6, 5, 'CS8601', '2023-04-03'),
(32, 6, 5, 'CS8602', '2023-04-04'),
(33, 6, 5, 'CS8603', '2023-04-05'),
(34, 6, 5, 'CS8651', '2023-04-06'),
(35, 6, 5, 'CS8691', '2023-04-07'),
(36, 6, 5, 'CS8611', '2023-04-08'),
(37, 7, 6, 'CS8601', '2023-04-10'),
(38, 7, 6, 'CS8602', '2023-04-11'),
(39, 7, 6, 'CS8603', '2023-04-12'),
(40, 7, 6, 'CS8651', '2023-04-13'),
(41, 7, 6, 'CS8691', '2023-04-14'),
(42, 7, 6, 'CS8611', '2023-04-15'),
(43, 8, 7, 'CS8601', '2023-04-17'),
(44, 8, 7, 'CS8602', '2023-04-18'),
(45, 8, 7, 'CS8603', '2023-04-19'),
(46, 8, 7, 'CS8651', '2023-04-20'),
(47, 8, 7, 'CS8691', '2023-04-21'),
(48, 8, 7, 'CS8611', '2023-04-22'),
(49, 9, 27, 'CS8601', '2023-04-24'),
(50, 9, 27, 'CS8602', '2023-04-25'),
(51, 9, 27, 'CS8603', '2023-04-26'),
(52, 9, 27, 'CS8651', '2023-04-27'),
(53, 9, 27, 'CS8691', '2023-04-28'),
(54, 9, 27, 'CS8611', '2023-04-29'),
(55, 15, 1, 'CS3401', '2023-02-23'),
(56, 15, 1, 'CS3452', '2023-02-24'),
(57, 15, 1, 'CS3492', '2023-02-27'),
(58, 15, 1, 'GE3451', '2023-02-28'),
(59, 15, 1, 'CS3462', '2023-03-01'),
(60, 15, 1, 'CS3468', '2023-03-02'),
(61, 16, 2, 'CS3401', '2023-03-06'),
(62, 16, 2, 'CS3452', '2023-03-07'),
(63, 16, 2, 'CS3492', '2023-03-08'),
(64, 16, 2, 'GE3451', '2023-03-09'),
(65, 16, 2, 'CS3462', '2023-03-10'),
(66, 16, 2, 'CS3468', '2023-03-11'),
(67, 17, 3, 'CS3401', '2023-03-13'),
(68, 17, 3, 'CS3452', '2023-03-14'),
(69, 17, 3, 'CS3492', '2023-03-15'),
(70, 17, 3, 'GE3451', '2023-03-16'),
(71, 17, 3, 'CS3462', '2023-03-17'),
(72, 17, 3, 'CS3468', '2023-03-18'),
(73, 18, 4, 'CS3401', '2023-03-20'),
(74, 18, 4, 'CS3452', '2023-03-21'),
(75, 18, 4, 'CS3492', '2023-03-22'),
(76, 18, 4, 'GE3451', '2023-03-23'),
(77, 18, 4, 'CS3462', '2023-03-24'),
(78, 18, 4, 'CS3468', '2023-03-25'),
(79, 19, 26, 'CS3401', '2023-03-27'),
(80, 19, 26, 'CS3452', '2023-03-28'),
(81, 19, 26, 'CS3492', '2023-03-29'),
(82, 19, 26, 'GE3451', '2023-03-30'),
(83, 19, 26, 'CS3462', '2023-03-31'),
(84, 19, 26, 'CS3468', '2023-04-01'),
(85, 20, 5, 'CS3401', '2023-04-03'),
(86, 20, 5, 'CS3452', '2023-04-04'),
(87, 20, 5, 'CS3492', '2023-04-05'),
(88, 20, 5, 'GE3451', '2023-04-06'),
(89, 20, 5, 'CS3462', '2023-04-07'),
(90, 20, 5, 'CS3468', '2023-04-08'),
(91, 21, 6, 'CS3401', '2023-04-10'),
(92, 21, 6, 'CS3452', '2023-04-11'),
(93, 21, 6, 'CS3492', '2023-04-12'),
(94, 21, 6, 'GE3451', '2023-04-13'),
(95, 21, 6, 'CS3462', '2023-04-14'),
(96, 21, 6, 'CS3468', '2023-04-15'),
(97, 22, 7, 'CS3401', '2023-04-17'),
(98, 22, 7, 'CS3452', '2023-04-18'),
(99, 22, 7, 'CS3492', '2023-04-19'),
(100, 22, 7, 'GE3451', '2023-04-20'),
(101, 22, 7, 'CS3462', '2023-04-21'),
(102, 22, 7, 'CS3468', '2023-04-22'),
(103, 23, 27, 'CS3401', '2023-04-24'),
(104, 23, 27, 'CS3452', '2023-04-25'),
(105, 23, 27, 'CS3492', '2023-04-26'),
(106, 23, 27, 'GE3451', '2023-04-27'),
(107, 23, 27, 'CS3462', '2023-04-28'),
(108, 23, 27, 'CS3468', '2023-04-29'),
(109, 29, 1, 'EC8095', '2023-02-23'),
(110, 29, 1, 'EC8611', '2023-02-24'),
(111, 29, 1, 'EC8651', '2023-02-27'),
(112, 29, 1, 'EC8652', '2023-02-28'),
(113, 29, 1, 'EC8691', '2023-03-01'),
(114, 29, 1, 'EC8645', '2023-03-02'),
(115, 30, 2, 'EC8095', '2023-03-06'),
(116, 30, 2, 'EC8611', '2023-03-07'),
(117, 30, 2, 'EC8651', '2023-03-08'),
(118, 30, 2, 'EC8652', '2023-03-09'),
(119, 30, 2, 'EC8691', '2023-03-10'),
(120, 30, 2, 'EC8645', '2023-03-11'),
(121, 31, 3, 'EC8095', '2023-03-13'),
(122, 31, 3, 'EC8611', '2023-03-14'),
(123, 31, 3, 'EC8651', '2023-03-15'),
(124, 31, 3, 'EC8652', '2023-03-16'),
(125, 31, 3, 'EC8691', '2023-03-17'),
(126, 31, 3, 'EC8645', '2023-03-18'),
(127, 32, 4, 'EC8095', '2023-03-20'),
(128, 32, 4, 'EC8611', '2023-03-21'),
(129, 32, 4, 'EC8651', '2023-03-22'),
(130, 32, 4, 'EC8652', '2023-03-23'),
(131, 32, 4, 'EC8691', '2023-03-24'),
(132, 32, 4, 'EC8645', '2023-03-25'),
(133, 33, 26, 'EC8095', '2023-03-27'),
(134, 33, 26, 'EC8611', '2023-03-28'),
(135, 33, 26, 'EC8651', '2023-03-29'),
(136, 33, 26, 'EC8652', '2023-03-30'),
(137, 33, 26, 'EC8691', '2023-03-31'),
(138, 33, 26, 'EC8645', '2023-04-01'),
(139, 34, 5, 'EC8095', '2023-04-03'),
(140, 34, 5, 'EC8611', '2023-04-04'),
(141, 34, 5, 'EC8651', '2023-04-05'),
(142, 34, 5, 'EC8652', '2023-04-06'),
(143, 34, 5, 'EC8691', '2023-04-07'),
(144, 34, 5, 'EC8645', '2023-04-08'),
(145, 35, 6, 'EC8095', '2023-04-10'),
(146, 35, 6, 'EC8611', '2023-04-11'),
(147, 35, 6, 'EC8651', '2023-04-12'),
(148, 35, 6, 'EC8652', '2023-04-13'),
(149, 35, 6, 'EC8691', '2023-04-14'),
(150, 35, 6, 'EC8645', '2023-04-15'),
(151, 36, 7, 'EC8095', '2023-04-17'),
(152, 36, 7, 'EC8611', '2023-04-18'),
(153, 36, 7, 'EC8651', '2023-04-19'),
(154, 36, 7, 'EC8652', '2023-04-20'),
(155, 36, 7, 'EC8691', '2023-04-21'),
(156, 36, 7, 'EC8645', '2023-04-22'),
(157, 37, 27, 'EC8095', '2023-04-24'),
(158, 37, 27, 'EC8611', '2023-04-25'),
(159, 37, 27, 'EC8651', '2023-04-26'),
(160, 37, 27, 'EC8652', '2023-04-27'),
(161, 37, 27, 'EC8691', '2023-04-28'),
(162, 37, 27, 'EC8645', '2023-04-29'),
(163, 43, 1, 'EC3452', '2023-02-23'),
(164, 43, 1, 'EC3401', '2023-02-24'),
(165, 43, 1, 'EC3451', '2023-02-27'),
(166, 43, 1, 'EC3492', '2023-02-28'),
(167, 43, 1, 'EC3491', '2023-03-01'),
(168, 43, 1, 'GE3451', '2023-03-02'),
(169, 44, 2, 'EC3452', '2023-03-06'),
(170, 44, 2, 'EC3401', '2023-03-07'),
(171, 44, 2, 'EC3451', '2023-03-08'),
(172, 44, 2, 'EC3492', '2023-03-09'),
(173, 44, 2, 'EC3491', '2023-03-10'),
(174, 44, 2, 'GE3451', '2023-03-11'),
(175, 45, 3, 'EC3452', '2023-03-13'),
(176, 45, 3, 'EC3401', '2023-03-14'),
(177, 45, 3, 'EC3451', '2023-03-15'),
(178, 45, 3, 'EC3492', '2023-03-16'),
(179, 45, 3, 'EC3491', '2023-03-17'),
(180, 45, 3, 'GE3451', '2023-03-18'),
(181, 46, 4, 'EC3452', '2023-03-20'),
(182, 46, 4, 'EC3401', '2023-03-21'),
(183, 46, 4, 'EC3451', '2023-03-22'),
(184, 46, 4, 'EC3492', '2023-03-23'),
(185, 46, 4, 'EC3491', '2023-03-24'),
(186, 46, 4, 'GE3451', '2023-03-25'),
(187, 47, 26, 'EC3452', '2023-03-27'),
(188, 47, 26, 'EC3401', '2023-03-28'),
(189, 47, 26, 'EC3451', '2023-03-29'),
(190, 47, 26, 'EC3492', '2023-03-30'),
(191, 47, 26, 'EC3491', '2023-03-31'),
(192, 47, 26, 'GE3451', '2023-04-01'),
(193, 48, 5, 'EC3452', '2023-04-03'),
(194, 48, 5, 'EC3401', '2023-04-04'),
(195, 48, 5, 'EC3492', '2023-04-06'),
(196, 48, 5, 'EC3491', '2023-04-07'),
(197, 48, 5, 'GE3451', '2023-04-08'),
(198, 49, 6, 'EC3452', '2023-04-10'),
(199, 49, 6, 'EC3401', '2023-04-11'),
(200, 49, 6, 'EC3451', '2023-04-12'),
(201, 49, 6, 'EC3492', '2023-04-13'),
(202, 49, 6, 'EC3491', '2023-04-14'),
(203, 49, 6, 'GE3451', '2023-04-15'),
(204, 50, 7, 'EC3452', '2023-04-17'),
(205, 50, 7, 'EC3401', '2023-04-18'),
(206, 50, 7, 'EC3451', '2023-04-19'),
(207, 50, 7, 'EC3492', '2023-04-20'),
(208, 50, 7, 'EC3491', '2023-04-21'),
(209, 50, 7, 'GE3451', '2023-04-22'),
(210, 51, 27, 'EC3452', '2023-04-24'),
(211, 51, 27, 'EC3401', '2023-04-25'),
(212, 51, 27, 'EC3451', '2023-04-26'),
(213, 51, 27, 'EC3492', '2023-04-27'),
(214, 51, 27, 'EC3491', '2023-04-28'),
(215, 51, 27, 'GE3451', '2023-04-29'),
(216, 57, 1, 'GE3451', '2023-02-23'),
(217, 57, 1, 'EE3401', '2023-02-24'),
(218, 57, 1, 'EE3402', '2023-02-27'),
(219, 57, 1, 'EE3403', '2023-02-28'),
(220, 57, 1, 'EE3404', '2023-03-01'),
(221, 57, 1, 'EE3405', '2023-03-02'),
(222, 58, 2, 'GE3451', '2023-03-06'),
(223, 58, 2, 'EE3401', '2023-03-07'),
(224, 58, 2, 'EE3402', '2023-03-08'),
(225, 58, 2, 'EE3403', '2023-03-09'),
(226, 58, 2, 'EE3404', '2023-03-10'),
(227, 58, 2, 'EE3405', '2023-03-11'),
(228, 59, 3, 'GE3451', '2023-03-13'),
(229, 59, 3, 'EE3401', '2023-03-14'),
(230, 59, 3, 'EE3402', '2023-03-15'),
(231, 59, 3, 'EE3403', '2023-03-16'),
(232, 59, 3, 'EE3404', '2023-03-17'),
(233, 59, 3, 'EE3405', '2023-03-18'),
(234, 60, 4, 'GE3451', '2023-03-20'),
(235, 60, 4, 'EE3401', '2023-03-21'),
(236, 60, 4, 'EE3402', '2023-03-22'),
(237, 60, 4, 'EE3403', '2023-03-23'),
(238, 60, 4, 'EE3404', '2023-03-24'),
(239, 60, 4, 'EE3405', '2023-03-25'),
(240, 61, 26, 'GE3451', '2023-03-27'),
(241, 61, 26, 'EE3401', '2023-03-28'),
(242, 61, 26, 'EE3402', '2023-03-29'),
(243, 61, 26, 'EE3403', '2023-03-30'),
(244, 61, 26, 'EE3404', '2023-03-31'),
(245, 61, 26, 'EE3405', '2023-04-01'),
(246, 62, 5, 'GE3451', '2023-04-03'),
(247, 62, 5, 'EE3401', '2023-04-04'),
(248, 62, 5, 'EE3402', '2023-04-05'),
(249, 62, 5, 'EE3403', '2023-04-06'),
(250, 62, 5, 'EE3404', '2023-04-07'),
(251, 62, 5, 'EE3405', '2023-04-08'),
(252, 63, 6, 'GE3451', '2023-04-10'),
(253, 63, 6, 'EE3401', '2023-04-11'),
(254, 63, 6, 'EE3402', '2023-04-12'),
(255, 63, 6, 'EE3403', '2023-04-13'),
(256, 63, 6, 'EE3404', '2023-04-14'),
(257, 63, 6, 'EE3405', '2023-04-15'),
(258, 64, 7, 'GE3451', '2023-04-17'),
(259, 64, 7, 'EE3401', '2023-04-18'),
(260, 64, 7, 'EE3402', '2023-04-19'),
(261, 64, 7, 'EE3403', '2023-04-20'),
(262, 64, 7, 'EE3404', '2023-04-21'),
(263, 64, 7, 'EE3405', '2023-04-22'),
(264, 65, 27, 'GE3451', '2023-04-24'),
(265, 65, 27, 'EE3401', '2023-04-25'),
(266, 65, 27, 'EE3402', '2023-04-26'),
(267, 65, 27, 'EE3403', '2023-04-27'),
(268, 65, 27, 'EE3404', '2023-04-28'),
(269, 65, 27, 'EE3405', '2023-04-29'),
(270, 71, 1, 'EE8601', '2023-02-23'),
(271, 71, 1, 'EE8602', '2023-02-24'),
(272, 71, 1, 'EE8603', '2023-02-27'),
(273, 71, 1, 'EE8003', '2023-02-28'),
(274, 71, 1, 'EE8001', '2023-03-01'),
(275, 71, 1, 'EE8661', '2023-03-02'),
(276, 72, 2, 'EE8601', '2023-03-06'),
(277, 72, 2, 'EE8602', '2023-03-07'),
(278, 72, 2, 'EE8603', '2023-03-08'),
(279, 72, 2, 'EE8003', '2023-03-09'),
(280, 72, 2, 'EE8001', '2023-03-10'),
(281, 72, 2, 'EE8661', '2023-03-11'),
(282, 73, 3, 'EE8601', '2023-03-13'),
(283, 73, 3, 'EE8602', '2023-03-14'),
(284, 73, 3, 'EE8603', '2023-03-15'),
(285, 73, 3, 'EE8003', '2023-03-16'),
(286, 73, 3, 'EE8001', '2023-03-17'),
(287, 73, 3, 'EE8661', '2023-03-18'),
(288, 74, 4, 'EE8601', '2023-03-20'),
(289, 74, 4, 'EE8602', '2023-03-21'),
(290, 74, 4, 'EE8603', '2023-03-22'),
(291, 74, 4, 'EE8003', '2023-03-23'),
(292, 74, 4, 'EE8001', '2023-03-24'),
(293, 74, 4, 'EE8661', '2023-03-25'),
(294, 75, 26, 'EE8601', '2023-03-27'),
(295, 75, 26, 'EE8602', '2023-03-28'),
(296, 75, 26, 'EE8603', '2023-03-29'),
(297, 75, 26, 'EE8003', '2023-03-30'),
(298, 75, 26, 'EE8001', '2023-03-31'),
(299, 75, 26, 'EE8661', '2023-04-01'),
(300, 76, 5, 'EE8601', '2023-04-03'),
(301, 76, 5, 'EE8602', '2023-04-04'),
(302, 76, 5, 'EE8603', '2023-04-05'),
(303, 76, 5, 'EE8003', '2023-04-06'),
(304, 76, 5, 'EE8001', '2023-04-07'),
(305, 76, 5, 'EE8661', '2023-04-08'),
(306, 77, 6, 'EE8601', '2023-04-10'),
(307, 77, 6, 'EE8602', '2023-04-11'),
(308, 77, 6, 'EE8603', '2023-04-12'),
(309, 77, 6, 'EE8003', '2023-04-13'),
(310, 77, 6, 'EE8001', '2023-04-14'),
(311, 77, 6, 'EE8661', '2023-04-15'),
(312, 78, 7, 'EE8601', '2023-04-17'),
(313, 78, 7, 'EE8602', '2023-04-18'),
(314, 78, 7, 'EE8603', '2023-04-19'),
(315, 78, 7, 'EE8003', '2023-04-20'),
(316, 78, 7, 'EE8001', '2023-04-21'),
(317, 78, 7, 'EE8661', '2023-04-22'),
(318, 79, 27, 'EE8601', '2023-04-24'),
(319, 79, 27, 'EE8602', '2023-04-25'),
(320, 79, 27, 'EE8603', '2023-04-26'),
(321, 79, 27, 'EE8003', '2023-04-27'),
(322, 79, 27, 'EE8001', '2023-04-28'),
(323, 79, 27, 'EE8661', '2023-04-29'),
(324, 85, 1, 'ME3491', '2023-02-23'),
(325, 85, 1, 'ME3451', '2023-02-24'),
(326, 85, 1, 'ME3492', '2023-02-27'),
(327, 85, 1, 'ME3493', '2023-02-28'),
(328, 85, 1, 'CE3491', '2023-03-01'),
(329, 85, 1, 'GE3451', '2023-03-02'),
(330, 86, 2, 'ME3491', '2023-03-06'),
(331, 86, 2, 'ME3451', '2023-03-07'),
(332, 86, 2, 'ME3492', '2023-03-08'),
(333, 86, 2, 'ME3493', '2023-03-09'),
(334, 86, 2, 'CE3491', '2023-03-10'),
(335, 86, 2, 'GE3451', '2023-03-11'),
(336, 87, 3, 'ME3491', '2023-03-13'),
(337, 87, 3, 'ME3451', '2023-03-14'),
(338, 87, 3, 'ME3492', '2023-03-15'),
(339, 87, 3, 'ME3493', '2023-03-16'),
(340, 87, 3, 'CE3491', '2023-03-17'),
(341, 87, 3, 'GE3451', '2023-03-18'),
(342, 88, 4, 'ME3491', '2023-03-20'),
(343, 88, 4, 'ME3451', '2023-03-21'),
(344, 88, 4, 'ME3492', '2023-03-22'),
(345, 88, 4, 'ME3493', '2023-03-23'),
(346, 88, 4, 'CE3491', '2023-03-24'),
(347, 88, 4, 'GE3451', '2023-03-25'),
(348, 89, 26, 'ME3491', '2023-03-27'),
(349, 89, 26, 'ME3451', '2023-03-28'),
(350, 89, 26, 'ME3492', '2023-03-29'),
(351, 89, 26, 'ME3493', '2023-03-30'),
(352, 89, 26, 'CE3491', '2023-03-31'),
(353, 89, 26, 'GE3451', '2023-04-01'),
(354, 90, 5, 'ME3491', '2023-04-03'),
(355, 90, 5, 'ME3451', '2023-04-04'),
(356, 90, 5, 'ME3492', '2023-04-05'),
(357, 90, 5, 'ME3493', '2023-04-06'),
(358, 90, 5, 'CE3491', '2023-04-07'),
(359, 90, 5, 'GE3451', '2023-04-08'),
(360, 91, 6, 'ME3491', '2023-04-10'),
(361, 91, 6, 'ME3451', '2023-04-11'),
(362, 91, 6, 'ME3492', '2023-04-12'),
(363, 91, 6, 'ME3493', '2023-04-13'),
(364, 91, 6, 'CE3491', '2023-04-14'),
(365, 91, 6, 'GE3451', '2023-04-15'),
(366, 92, 7, 'ME3491', '2023-04-17'),
(367, 92, 7, 'ME3451', '2023-04-18'),
(368, 92, 7, 'ME3492', '2023-04-19'),
(369, 92, 7, 'ME3493', '2023-04-20'),
(370, 92, 7, 'CE3491', '2023-04-21'),
(371, 92, 7, 'GE3451', '2023-04-22'),
(372, 93, 27, 'ME3491', '2023-04-24'),
(373, 93, 27, 'ME3451', '2023-04-25'),
(374, 93, 27, 'ME3492', '2023-04-26'),
(375, 93, 27, 'ME3493', '2023-04-27'),
(376, 93, 27, 'CE3491', '2023-04-28'),
(377, 93, 27, 'GE3451', '2023-04-29'),
(378, 99, 1, 'ME8651', '2023-02-23'),
(379, 99, 1, 'ME8691', '2023-02-24'),
(380, 99, 1, 'ME8693', '2023-02-27'),
(381, 99, 1, 'ME8692', '2023-02-28'),
(382, 99, 1, 'ME8694', '2023-03-01'),
(383, 99, 1, 'ME8695', '2023-03-02'),
(384, 100, 2, 'ME8651', '2023-03-06'),
(385, 100, 2, 'ME8691', '2023-03-07'),
(386, 100, 2, 'ME8693', '2023-03-08'),
(387, 100, 2, 'ME8692', '2023-03-09'),
(388, 100, 2, 'ME8694', '2023-03-10'),
(389, 100, 2, 'ME8695', '2023-03-11'),
(390, 101, 3, 'ME8651', '2023-03-13'),
(391, 101, 3, 'ME8691', '2023-03-14'),
(392, 101, 3, 'ME8693', '2023-03-15'),
(393, 101, 3, 'ME8692', '2023-03-16'),
(394, 101, 3, 'ME8694', '2023-03-17'),
(395, 101, 3, 'ME8695', '2023-03-18'),
(396, 102, 4, 'ME8651', '2023-03-20'),
(397, 102, 4, 'ME8691', '2023-03-21'),
(398, 102, 4, 'ME8693', '2023-03-22'),
(399, 102, 4, 'ME8692', '2023-03-23'),
(400, 102, 4, 'ME8694', '2023-03-24'),
(401, 102, 4, 'ME8695', '2023-03-25'),
(402, 103, 26, 'ME8651', '2023-03-27'),
(403, 103, 26, 'ME8691', '2023-03-28'),
(404, 103, 26, 'ME8693', '2023-03-29'),
(405, 103, 26, 'ME8692', '2023-03-30'),
(406, 103, 26, 'ME8694', '2023-03-31'),
(407, 103, 26, 'ME8695', '2023-04-01'),
(408, 104, 5, 'ME8651', '2023-04-03'),
(409, 104, 5, 'ME8691', '2023-04-04'),
(410, 104, 5, 'ME8693', '2023-04-05'),
(411, 104, 5, 'ME8692', '2023-04-06'),
(412, 104, 5, 'ME8694', '2023-04-07'),
(413, 104, 5, 'ME8695', '2023-04-08'),
(414, 105, 6, 'ME8651', '2023-04-10'),
(415, 105, 6, 'ME8691', '2023-04-11'),
(416, 105, 6, 'ME8693', '2023-04-12'),
(417, 105, 6, 'ME8692', '2023-04-13'),
(418, 105, 6, 'ME8694', '2023-04-14'),
(419, 105, 6, 'ME8695', '2023-04-15'),
(420, 106, 7, 'ME8651', '2023-04-17'),
(421, 106, 7, 'ME8691', '2023-04-18'),
(422, 106, 7, 'ME8693', '2023-04-19'),
(423, 106, 7, 'ME8692', '2023-04-20'),
(424, 106, 7, 'ME8694', '2023-04-21'),
(425, 106, 7, 'ME8695', '2023-04-22'),
(426, 107, 27, 'ME8651', '2023-04-24'),
(427, 107, 27, 'ME8691', '2023-04-25'),
(428, 107, 27, 'ME8693', '2023-04-26'),
(429, 107, 27, 'ME8692', '2023-04-27'),
(430, 107, 27, 'ME8694', '2023-04-28'),
(431, 107, 27, 'ME8695', '2023-04-29'),
(432, 113, 1, 'CE8601', '2023-02-23'),
(433, 113, 1, 'CE8602', '2023-02-24'),
(434, 113, 1, 'CE8604', '2023-02-27'),
(435, 113, 1, 'CE8603', '2023-02-28'),
(436, 113, 1, 'EN8592', '2023-03-01'),
(437, 113, 1, 'CE8613', '2023-03-02'),
(438, 114, 2, 'CE8601', '2023-03-06'),
(439, 114, 2, 'CE8602', '2023-03-07'),
(440, 114, 2, 'CE8604', '2023-03-08'),
(441, 114, 2, 'CE8603', '2023-03-09'),
(442, 114, 2, 'EN8592', '2023-03-10'),
(443, 114, 2, 'CE8613', '2023-03-11'),
(444, 115, 3, 'CE8601', '2023-03-13'),
(445, 115, 3, 'CE8602', '2023-03-14'),
(446, 115, 3, 'CE8604', '2023-03-15'),
(447, 115, 3, 'CE8603', '2023-03-16'),
(448, 115, 3, 'EN8592', '2023-03-17'),
(449, 115, 3, 'CE8613', '2023-03-18'),
(450, 116, 4, 'CE8601', '2023-03-20'),
(451, 116, 4, 'CE8602', '2023-03-21'),
(452, 116, 4, 'CE8604', '2023-03-22'),
(453, 116, 4, 'CE8603', '2023-03-23'),
(454, 116, 4, 'EN8592', '2023-03-24'),
(455, 116, 4, 'CE8613', '2023-03-25'),
(456, 117, 26, 'CE8601', '2023-03-27'),
(457, 117, 26, 'CE8602', '2023-03-28'),
(458, 117, 26, 'CE8604', '2023-03-29'),
(459, 117, 26, 'CE8603', '2023-03-30'),
(460, 117, 26, 'EN8592', '2023-03-31'),
(461, 117, 26, 'CE8613', '2023-04-01'),
(462, 118, 5, 'CE8601', '2023-04-03'),
(463, 118, 5, 'CE8602', '2023-04-04'),
(464, 118, 5, 'CE8604', '2023-04-05'),
(465, 118, 5, 'CE8603', '2023-04-06'),
(466, 118, 5, 'EN8592', '2023-04-07'),
(467, 118, 5, 'CE8613', '2023-04-08'),
(468, 119, 6, 'CE8601', '2023-04-10'),
(469, 119, 6, 'CE8602', '2023-04-11'),
(470, 119, 6, 'CE8604', '2023-04-12'),
(471, 119, 6, 'CE8603', '2023-04-13'),
(472, 119, 6, 'EN8592', '2023-04-14'),
(473, 119, 6, 'CE8613', '2023-04-15'),
(474, 120, 7, 'CE8601', '2023-04-17'),
(475, 120, 7, 'CE8602', '2023-04-18'),
(476, 120, 7, 'CE8604', '2023-04-19'),
(477, 120, 7, 'CE8603', '2023-04-20'),
(478, 120, 7, 'EN8592', '2023-04-21'),
(479, 120, 7, 'CE8613', '2023-04-22'),
(480, 121, 27, 'CE8601', '2023-04-24'),
(481, 121, 27, 'CE8602', '2023-04-25'),
(482, 121, 27, 'CE8604', '2023-04-26'),
(483, 121, 27, 'CE8603', '2023-04-27'),
(484, 121, 27, 'EN8592', '2023-04-28'),
(485, 121, 27, 'CE8613', '2023-04-29'),
(486, 127, 1, 'CE3401', '2023-02-23'),
(487, 127, 1, 'CE3402', '2023-02-24'),
(488, 127, 1, 'CE3403', '2023-02-27'),
(489, 127, 1, 'CE3404', '2023-02-28'),
(490, 127, 1, 'CE3405', '2023-03-01'),
(491, 127, 1, 'GE3451', '2023-03-02'),
(492, 128, 2, 'CE3401', '2023-03-06'),
(493, 128, 2, 'CE3402', '2023-03-07'),
(494, 128, 2, 'CE3403', '2023-03-08'),
(495, 128, 2, 'CE3404', '2023-03-09'),
(496, 128, 2, 'CE3405', '2023-03-10'),
(497, 128, 2, 'GE3451', '2023-03-11'),
(498, 129, 3, 'CE3401', '2023-03-13'),
(499, 129, 3, 'CE3402', '2023-03-14'),
(500, 129, 3, 'CE3403', '2023-03-15'),
(501, 129, 3, 'CE3404', '2023-03-16'),
(502, 129, 3, 'CE3405', '2023-03-17'),
(503, 129, 3, 'GE3451', '2023-03-18'),
(504, 130, 4, 'CE3401', '2023-03-20'),
(505, 130, 4, 'CE3402', '2023-03-21'),
(506, 130, 4, 'CE3403', '2023-03-22'),
(507, 130, 4, 'CE3404', '2023-03-23'),
(508, 130, 4, 'CE3405', '2023-03-24'),
(509, 130, 4, 'GE3451', '2023-03-25'),
(510, 131, 26, 'CE3401', '2023-03-27'),
(511, 131, 26, 'CE3402', '2023-03-28'),
(512, 131, 26, 'CE3403', '2023-03-29'),
(513, 131, 26, 'CE3404', '2023-03-30'),
(514, 131, 26, 'CE3405', '2023-03-31'),
(515, 131, 26, 'GE3451', '2023-04-01'),
(516, 132, 5, 'CE3401', '2023-04-03'),
(517, 132, 5, 'CE3402', '2023-04-04'),
(518, 132, 5, 'CE3403', '2023-04-05'),
(519, 132, 5, 'CE3404', '2023-04-06'),
(520, 132, 5, 'CE3405', '2023-04-07'),
(521, 132, 5, 'GE3451', '2023-04-08'),
(522, 133, 6, 'CE3401', '2023-04-10'),
(523, 133, 6, 'CE3402', '2023-04-11'),
(524, 133, 6, 'CE3403', '2023-04-12'),
(525, 133, 6, 'CE3404', '2023-04-13'),
(526, 133, 6, 'CE3405', '2023-04-14'),
(527, 133, 6, 'GE3451', '2023-04-15'),
(528, 134, 7, 'CE3401', '2023-04-17'),
(529, 134, 7, 'CE3402', '2023-04-18'),
(530, 134, 7, 'CE3403', '2023-04-19'),
(531, 134, 7, 'CE3404', '2023-04-20'),
(532, 134, 7, 'CE3405', '2023-04-21'),
(533, 134, 7, 'GE3451', '2023-04-22'),
(534, 135, 27, 'CE3401', '2023-04-24'),
(535, 135, 27, 'CE3402', '2023-04-25'),
(536, 135, 27, 'CE3403', '2023-04-26'),
(537, 135, 27, 'CE3404', '2023-04-27'),
(538, 135, 27, 'CE3405', '2023-04-28'),
(539, 135, 27, 'GE3451', '2023-04-29'),
(540, 141, 1, 'MBA101', '2023-02-23'),
(541, 141, 1, 'MBA102', '2023-02-24'),
(542, 141, 1, 'MBA103', '2023-02-27'),
(543, 141, 1, 'MBA104', '2023-02-28'),
(544, 141, 1, 'MBA105', '2023-03-01'),
(545, 141, 1, 'MBA106', '2023-03-02'),
(546, 142, 2, 'MBA101', '2023-03-06'),
(547, 142, 2, 'MBA102', '2023-03-07'),
(548, 142, 2, 'MBA103', '2023-03-08'),
(549, 142, 2, 'MBA104', '2023-03-09'),
(550, 142, 2, 'MBA105', '2023-03-10'),
(551, 142, 2, 'MBA106', '2023-03-11'),
(552, 143, 3, 'MBA101', '2023-03-13'),
(553, 143, 3, 'MBA102', '2023-03-14'),
(554, 143, 3, 'MBA103', '2023-03-15'),
(555, 143, 3, 'MBA104', '2023-03-16'),
(556, 143, 3, 'MBA105', '2023-03-17'),
(557, 143, 3, 'MBA106', '2023-03-18'),
(558, 144, 4, 'MBA101', '2023-03-20'),
(559, 144, 4, 'MBA102', '2023-03-21'),
(560, 144, 4, 'MBA103', '2023-03-22'),
(561, 144, 4, 'MBA104', '2023-03-23'),
(562, 144, 4, 'MBA105', '2023-03-24'),
(563, 144, 4, 'MBA106', '2023-03-25'),
(564, 145, 26, 'MBA101', '2023-03-27'),
(565, 145, 26, 'MBA102', '2023-03-28'),
(566, 145, 26, 'MBA103', '2023-03-29'),
(567, 145, 26, 'MBA104', '2023-03-30'),
(568, 145, 26, 'MBA105', '2023-03-31'),
(569, 145, 26, 'MBA106', '2023-04-01'),
(570, 146, 5, 'MBA101', '2023-04-03'),
(571, 146, 5, 'MBA102', '2023-04-04'),
(572, 146, 5, 'MBA103', '2023-04-05'),
(573, 146, 5, 'MBA104', '2023-04-06'),
(574, 146, 5, 'MBA105', '2023-04-07'),
(575, 146, 5, 'MBA106', '2023-04-08'),
(576, 147, 6, 'MBA101', '2023-04-10'),
(577, 147, 6, 'MBA102', '2023-04-11'),
(578, 147, 6, 'MBA103', '2023-04-12'),
(579, 147, 6, 'MBA104', '2023-04-13'),
(580, 147, 6, 'MBA105', '2023-04-14'),
(581, 147, 6, 'MBA106', '2023-04-15'),
(582, 148, 7, 'MBA101', '2023-04-17'),
(583, 148, 7, 'MBA102', '2023-04-18'),
(584, 148, 7, 'MBA103', '2023-04-19'),
(585, 148, 7, 'MBA104', '2023-04-20'),
(586, 148, 7, 'MBA105', '2023-04-21'),
(587, 148, 7, 'MBA106', '2023-04-22'),
(588, 149, 27, 'MBA101', '2023-04-24'),
(589, 149, 27, 'MBA102', '2023-04-25'),
(590, 149, 27, 'MBA103', '2023-04-26'),
(591, 149, 27, 'MBA104', '2023-04-27'),
(592, 149, 27, 'MBA105', '2023-04-28');

-- --------------------------------------------------------

--
-- Table structure for table `erp_faculty`
--

CREATE TABLE `erp_faculty` (
  `f_id` varchar(20) NOT NULL COMMENT 'Faculty id',
  `r_rolename` varchar(50) NOT NULL COMMENT 'Faculty Role',
  `f_fname` varchar(20) NOT NULL COMMENT 'Faculty first name',
  `f_lname` varchar(20) NOT NULL COMMENT 'Faculty last name',
  `f_img` varchar(500) NOT NULL COMMENT 'faculty image',
  `f_dept` varchar(20) NOT NULL COMMENT 'faculty department',
  `cls_id` bigint(20) NOT NULL COMMENT 'class id (incharge of class)',
  `f_dob` date NOT NULL COMMENT 'faculty date of birth',
  `f_gender` varchar(20) NOT NULL COMMENT 'faculty gender',
  `f_mstatus` varchar(20) NOT NULL COMMENT 'faculty marrital status',
  `f_mobile` varchar(20) NOT NULL COMMENT 'faculty mobile number',
  `f_designation` varchar(20) NOT NULL COMMENT 'faculty designation',
  `f_qualification` varchar(20) NOT NULL COMMENT 'faculty Qualification',
  `f_exp` varchar(20) NOT NULL COMMENT 'faculty Experience',
  `f_add` varchar(50) NOT NULL COMMENT 'faculty address',
  `f_city` varchar(20) NOT NULL COMMENT 'faculty city',
  `f_state` varchar(20) NOT NULL COMMENT 'faculty state',
  `f_zip` varchar(20) NOT NULL COMMENT 'faculty Zipcode',
  `f_padd` varchar(20) NOT NULL COMMENT 'faculty permanent address',
  `f_emgno` varchar(20) NOT NULL COMMENT 'faculty emergency number',
  `f_idmark` varchar(100) NOT NULL COMMENT 'faculty identification mark',
  `f_mlang` varchar(20) NOT NULL COMMENT 'faculty mother language',
  `f_klang` varchar(20) NOT NULL COMMENT 'faculty known language',
  `f_bloodgrp` varchar(20) NOT NULL COMMENT 'faculty blood group',
  `f_email` varchar(20) NOT NULL COMMENT 'faculty Email id',
  `f_hobbies` varchar(20) NOT NULL COMMENT 'faculty hobbies',
  `f_nationality` varchar(20) NOT NULL COMMENT 'faculty nationality',
  `f_religion` varchar(20) NOT NULL COMMENT 'faculty religion',
  `f_caste` varchar(20) NOT NULL COMMENT 'faculty caste',
  `f_community` varchar(20) NOT NULL COMMENT 'faculty community',
  `f_transport` varchar(10) NOT NULL COMMENT 'faculty transport(Yes/No)',
  `f_hostal` varchar(10) NOT NULL COMMENT 'faculty Hostel(Yes/No)',
  `f_disability` varchar(100) NOT NULL COMMENT 'faculty Disability',
  `f_pdoctor` varchar(100) NOT NULL COMMENT 'faculty personal Doctor name ',
  `f_pdoctorno` varchar(20) NOT NULL COMMENT 'faculty personal doctor number',
  `f_doj` date DEFAULT NULL COMMENT 'date of join',
  `f_admno` varchar(20) NOT NULL COMMENT 'admission number',
  `f_bioid` varchar(20) NOT NULL COMMENT 'bio id',
  `f_club` varchar(500) NOT NULL COMMENT 'club&socity',
  `f_aadhaarno` varchar(30) NOT NULL COMMENT 'aadhaar number',
  `f_voterid` varchar(30) NOT NULL COMMENT 'voter id',
  `f_projguide` int(10) NOT NULL COMMENT 'number of projects guiding',
  `f_pastemp` varchar(200) NOT NULL COMMENT 'past employers',
  `f_univspec` varchar(200) NOT NULL COMMENT 'university specialization',
  `f_pob` varchar(50) NOT NULL COMMENT 'place of birth',
  `f_ppno` varchar(20) NOT NULL COMMENT 'passport number',
  `f_panno` varchar(20) NOT NULL COMMENT 'pancard number',
  `f_indexp` int(10) NOT NULL COMMENT 'industry experience',
  `f_yoc` year(4) NOT NULL COMMENT 'year of completion',
  `f_teachexp` varchar(20) NOT NULL COMMENT 'teaching experience',
  `f_child` varchar(50) NOT NULL COMMENT 'staff No.Of.child',
  `f_food` varchar(20) NOT NULL COMMENT 'food offering',
  `f_childinsame` varchar(20) NOT NULL COMMENT 'child in same college (child Name)',
  `f_childinother` varchar(20) NOT NULL COMMENT 'child studying in other college (Child Name)',
  `f_allowlog` varchar(20) NOT NULL COMMENT 'allow login',
  `f_status` varchar(20) NOT NULL COMMENT 'status',
  `f_uname` varchar(20) NOT NULL COMMENT 'user name',
  `f_pwd` varchar(20) NOT NULL COMMENT 'password',
  `f_cpwd` varchar(20) NOT NULL COMMENT 'confirm password',
  `f_sques` varchar(50) NOT NULL COMMENT 'security quest',
  `f_ans` varchar(20) NOT NULL COMMENT 'answer'
) ENGINE=InnoDB DEFAULT CHARSET=utf8mb4 COLLATE=utf8mb4_general_ci;

--
-- Dumping data for table `erp_faculty`
--

INSERT INTO `erp_faculty` (`f_id`, `r_rolename`, `f_fname`, `f_lname`, `f_img`, `f_dept`, `cls_id`, `f_dob`, `f_gender`, `f_mstatus`, `f_mobile`, `f_designation`, `f_qualification`, `f_exp`, `f_add`, `f_city`, `f_state`, `f_zip`, `f_padd`, `f_emgno`, `f_idmark`, `f_mlang`, `f_klang`, `f_bloodgrp`, `f_email`, `f_hobbies`, `f_nationality`, `f_religion`, `f_caste`, `f_community`, `f_transport`, `f_hostal`, `f_disability`, `f_pdoctor`, `f_pdoctorno`, `f_doj`, `f_admno`, `f_bioid`, `f_club`, `f_aadhaarno`, `f_voterid`, `f_projguide`, `f_pastemp`, `f_univspec`, `f_pob`, `f_ppno`, `f_panno`, `f_indexp`, `f_yoc`, `f_teachexp`, `f_child`, `f_food`, `f_childinsame`, `f_childinother`, `f_allowlog`, `f_status`, `f_uname`, `f_pwd`, `f_cpwd`, `f_sques`, `f_ans`) VALUES
('A001', 'Admin', 'Ram', 'Kumar', 'ram.jpeg', 'All', 25, '1988-02-10', 'Male', 'yes', '6253622', 'Admin-Grace', 'M.E-M.Ed', '15', 'Tuty', 'Tuty', 'TN', '4055', 'Tuty', '2323', 'none', 'tamil', 'English,tamil,hindi', 'O+', 'Admin1@gracecoe.org', 'Management', 'india', 'Hindhu', 'MBC', '--', 'yes', 'No', 'No', 'Well', '4364635', '1990-03-09', '4215643', '654654', 'management club', '77056394373', '341551', 5, '------------', 'PG', 'tuty', '4632516', '584684', 4, 1988, '5', 'babu', 'non veg', 'babu', 'babulingam', 'yes', 'active', 'Admin1', 'Admin@gracecoe', 'Admin@gracecoe', 'what your favourite job?', 'Admin1'),
('A002', 'Admin', 'Arun', 'Kumar', 'arun.jpeg', 'All', 25, '1990-07-12', 'Male', 'yes', '2776523', 'Admin-Grace', 'M.E-M.Ed', '10', 'Tuty', 'Tuty', 'TN', '2045', 'Tuty', '2323', 'none', 'tamil', 'English,tamil,hindi', 'A1+', 'Admin2@gracecoe.org', 'teaching', 'india', 'Hindhu', 'BC', '--', 'yes', 'No', 'NO', 'Well', '23436457', '1996-08-09', '9877856476', '86756466', 'managementclub', '6768 9876  9877', '87675757', 2, 'none', 'university rank holder in CSE', 'ettayapuram', '986766776', '97563457', 3, 1993, '5', 'none', 'veg', 'none', 'none', 'yes', 'active', 'Admin2', 'Admin@gracecoe', 'Admin@gracecoe', 'what your favourite job?', 'Admin2'),
('f002', 'Advisor', 'Dhana', 'ram', 'dhana.jpeg', 'CSE', 1, '1993-02-12', 'Male', 'no', '4752435', 'AP/CSE ', 'M.E', '5', 'Tuty', 'Tuty', 'TN', '0045', 'Tuticorin', '2323', 'none', 'tamil', 'English', 'A1+', 'Dhanram@gracecoe.org', 'teaching', 'india', 'Hindhu', 'BC', '--', 'yes', 'No', 'NO', 'Well', '23436457', '2020-04-05', '9877856476', '86756466', 'sports club', '6768 9876  9877', '87675757', 3, '2', 'university rank holder in CSE', 'ettayapuram', '986766776', '97563457', 3, 2002, '5', 'none', 'veg', 'none', 'none', 'yes', 'active', 'f002', 'grace', 'grace', 'what is your aim in your life?', 'programmer'),
('f003', 'HOD', 'Jerald', 'abi', 'jerald.jpeg', 'CSE', 1, '1996-02-12', 'Male', 'no', '475', 'AP/CSE ', 'M.E', '5', 'Tuty', 'Tuty', 'TN', '0085', 'Tuticorin', '2323', 'none', 'tamil', 'English', 'B+', 'jero@gracecoe.org', 'teaching', 'india', 'Hindhu', 'MBC', '--', 'yes', 'No', 'No', 'Well', '876664342', '2020-04-28', '7562526546', '873547453', 'Science club', '756475675', '87756776', 3, '2', 'university rank holder in CSE', 'tuty', '4365755', '867463', 4, 2003, '4', 'ravi', 'veg', 'none', 'ravi', 'yes', 'active', 'f003', 'grace', 'grace', 'what is your fav department?', 'CSE'),
('f004', 'Advisor', 'Vijaya', 'lakshmi', 'vijaya.jpeg', 'ECE', 2, '1992-02-14', 'Female', 'yes', '475', 'AP/ECE ', 'M.E', '4', 'Tuty', 'Tuty', 'TN', '0005', 'Tuticorin', '2323', 'none', 'tamil', 'English', 'A1+', 'vijaya@gracecoe.org', 'teaching', 'india', 'Hindhu', 'BC', '--', 'yes', 'No', 'No', 'Well', '86567644', '2020-05-28', '9778564', '97876875', 'sports club', '8654 8654 8655', '8675645', 3, '2', 'none', 'tuty', '9778546', '867564', 2, 2004, '04', 'ragu', 'veg', 'none', 'raju', 'yes', 'active', 'f004', 'grace', 'grace', 'what is your name?', 'vijayalakshmi'),
('f005', 'HOD', 'Dharma', 'lingam', 'dharma.jpg', 'EEE', 16, '1990-02-12', 'Male', 'yes', '475', 'AP/EEE ', 'M.E', '5', 'Tuty', 'Tuty', 'TN', '0005', 'Tuticorin', '2323', 'none', 'tamil', 'English', 'A+', 'Dharma@gracecoe.org', 'teaching', 'india', 'Hindhu', 'SC', '--', 'yes', 'No', 'no', 'Well', '6656435445', '2021-01-10', '563542543', '452365373', 'sports club', '8776 8878 8785', '76754576', 3, '4', 'Rank Holder in CSE', 'ettayapuram', '98675 877856', '86755', 3, 2005, '02', '02', 'veg', 'babu', 'rahul', 'yes', 'active', 'f005', 'grace', 'grace', 'what is your color?', 'black'),
('f006', 'Advisor', 'Raja', 'lakshmi', 'lakshmi.jpeg', 'EEE', 16, '1990-03-12', 'Female', 'yes', '475', 'AP/EEE ', 'M.E', '5', 'Tuty', 'Tuty', 'TN', '0005', 'Tuticorin', '2323', '--------------', 'tamil', 'English', 'A+', 'raja@gracecoe.org', 'teaching', 'india', 'Hindhu', 'SC', '--', 'yes', 'No', 'no', 'Well', '87867 76754', '2021-01-10', '77576454', '8675556', 'sports club', '7645 7654 8765', '8766525', 3, '4', '----------', 'tuty', '7564453563', '766454545', 3, 2006, '4', '1', 'veg', 'sangeetha', 'none', 'sangeetha', 'active', 'f006', 'grace', 'grace', 'what is your aim in your life?', 'Teaching staff'),
('f007', 'HOD', 'Suresh', 'kumar', 'suresh.jpeg', 'CIVIL', 8, '1991-02-12', 'Male', 'yes', '475', 'AP/CIVIL ', 'M.E', '5', 'Tuty', 'Tuty', 'TN', '0005', 'Tuticorin', '2323', 'none', 'tamil', 'English', 'A+', 'suresh@gracecoe.org', 'teaching', 'india', 'Hindhu', 'BC', '--', 'yes', 'No', 'No', 'Well', '64545 75644', '2020-04-05', '97754656', '867564686', 'Science club', '8664 7867 8666', '8675453', 3, '5', 'university rank holder in CIVIL', 'KOvilpatti', '977554976', '867564', 5, 2007, '3', '1', 'non veg', 'lucky', 'none', 'yes', 'active', 'f007', 'grace', 'grace', 'what is your fav color?', 'red'),
('f008', 'Advisor', 'Thomas', 'john', 'thomas.jpeg', 'CIVIL', 8, '1990-04-28', 'Male', 'yes', '47575 78756', 'AP/CIVIL ', 'M.E', '5', 'Tuty', 'Tuty', 'TN', '0005', 'Tuticorin', '2323', 'none', 'tamil', 'English', 'A1+', 'thomas@gracecoe.org', 'teaching', 'india', 'Hindhu', 'MBC', '--', 'yes', 'No', 'Deaf', 'Well', '6532537565', '2020-04-28', '76644534', '86763353', 'Science club', '75334253535', '7564533533', 3, '3', 'university rank holder in CIVIL', 'tuty', '8674487656', '97865486', 3, 2008, '3', 'babu', 'veg', 'babu', 'none', 'yes', 'active', 'f008', 'grace', 'grace', 'what is your role model in your life?', 'my friends'),
('f009', 'Advisor', 'Muthu', 'lakshmi', 'lakshmi.jpeg', 'MECH', 7, '1992-04-12', 'female', 'yes', '475', 'AP/MECH ', 'M.E', '5', 'Tuty', 'Tuty', 'TN', '0005', 'Tuticorin', '2323', 'none', 'tamil', 'English', 'A1+', 'lakshmim@gracecoe.or', 'teaching', 'india', 'Hindhu', 'MBC', '--', 'yes', 'No', 'no', 'Well', 'tuty', '2020-05-28', '534536532', '75635334', 'Science club', '6553 7553 7543', '75645375', 3, '4', 'university rank holder in mech', 'tuty', '8675648566', '9756866986', 2, 2009, '03', 'aron', 'veg', 'aron', 'none', 'yes', 'active', 'f009', 'grace', 'grace', 'what is your fav department?', 'MECH'),
('f010', 'HOD', 'Ram', 'kumar', 'ram.jpeg', 'MECH', 7, '1994-02-12', 'Male', 'yes', '475', 'AP/MECH ', 'M.E', '5', 'Tuty', 'Tuty', 'TN', '0005', 'Tuticorin', '2323', 'none', 'tamil', 'English', 'A1+', 'ram@gracecoe.org', 'teaching', 'india', 'Hindhu', 'MBC', '--', 'yes', 'No', 'no', 'Well', 'tuty', '2021-01-10', '8676458675', '864654576', 'sports club', '7564 6754 8865', '877544575', 3, '4', 'university rank holder in mech', 'tuty', '0867564575', '867554756', 4, 2010, '03', 'muthu', 'veg', 'muthu', 'none', 'yes', 'active', 'f010', 'grace', 'grace', 'what is your fav food ?', 'Dosa'),
('f011', 'HOD', 'ram', 'raj', 'ram.jpeg', 'MBA', 6, '1991-02-12', 'Male', 'yes', '475', 'AP/MBA ', 'M.E', '5', 'Tuty', 'Tuty', 'TN', '0005', 'Tuticorin', '2323', 'none', 'tamil', 'English', 'A1+', 'ramraj@gracecoe.org', 'teaching', 'india', 'Hindhu', 'BC', '--', 'yes', 'No', 'no', 'Well', '867565656', '2020-04-05', '86765645', '86756564', 'science club', '8678 8675 8675', '8775664', 3, '3', 'university rank holder in MBA', 'tuty', '8775758765', '876756567', 3, 2011, '2', 'janaki', 'veg', 'janaki', 'none', 'yes', 'active', 'f011', 'grace', 'grace', 'what is your business?', 'E-commerece'),
('f012', 'Advisor', 'ravi', 'devi', 'devi.jpeg', 'MBA', 6, '1993-02-04', 'female', 'yes', '475', 'AP/MBA', 'M.E', '5', 'Tuty', 'Tuty', 'TN', '0005', 'Tuticorin', '2323', 'none', 'tamil', 'English', 'A1+', 'devi@gracecoe.org', 'teaching', 'india', 'Hindhu', 'DNC', '--', 'yes', 'No', 'no', 'Well', '6545464534', '2020-04-28', '86756643', '86453564', 'Science club', '8564 8654 8655', '86464856', 3, '3', 'university rank holder in MBA', 'tuty', '866453645', '866455646', 3, 2012, '02', 'devi', 'non veg', 'madhan', 'none', 'yes', 'f012', 'grace', 'grace', 'grace', 'what is your fav game?', 'Business Xoo'),
('f013', 'HOD', 'praveen', 'kumar', 'praveen.jpeg', 'ME-CSE', 4, '1992-02-10', 'Male', 'yes', '475', 'AP/CSE ', 'M.E', '5', 'Tuty', 'Tuty', 'TN', '0005', 'Tuticorin', '2323', 'none', 'tamil', 'English', 'A1+', 'praveen@gracecoe.org', 'teaching', 'india', 'Hindhu', 'BC', '--', 'yes', 'No', 'no', 'Well', '544534353', '2020-05-28', '878675567', '975645465', 'sports club', '6446 7554 7755', '867646755', 3, '3', 'university rank holder', 'tuty', '97755656', '8675645', 2, 2013, '4', 'jerry', 'veg', 'jerry', 'none', 'yes', 'active', 'f013', 'grace', 'grace', 'what is your fav language in CSE?', 'python'),
('f014', 'Advisor', 'Gowtham', 'lingam', 'lingam.jpeg', 'ME-CSE', 4, '1991-02-13', 'Male', 'yes', '475', 'AP/CSE ', 'M.E', '5', 'Tuty', 'Tuty', 'TN', '0005', 'Tuticorin', '2323', 'none', 'tamil', 'English', 'A1+', 'lingam@gracecoe.org', 'teaching', 'india', 'Hindhu', 'MBC', '--', 'yes', 'No', 'no', 'Well', '866457685', '2020-04-05', '977567457', '877675646', 'science club', '7543 7654 8765', '876554456', 3, '2', 'university rank holder', 'tuty', '97756458', '97675647', 2, 2014, '04', 'ram', 'non veg', 'none', 'ram', 'yes', 'active', 'f014', 'grace', 'grace', 'what is your fav department?', 'CSE'),
('f015', 'HOD', 'Dhinesh', 'kumar', 'dhinesh.jpg', 'ME-PSE', 5, '1991-02-14', 'Male', 'yes', '475', 'AP/ECE ', 'M.E', '5', 'Tuty', 'Tuty', 'TN', '0005', 'Tuticorin', '2323', 'none', 'tamil', 'English', 'A+', 'Dhinesh@gracecoe.org', 'teaching', 'india', 'Hindhu', 'BC', '--', 'yes', 'No', 'no', 'Well', '6656435445', '2020-04-28', '563542543', '452365373', 'sports club', '8776 8878 8785', '76754576', 3, '4', 'Rank Holder', 'ettayapuram', '98675 877856', '86755', 3, 2015, '02', '02', 'veg', 'babu', 'rahul', 'yes', 'active', 'f015', 'grace', 'grace', 'what is your color?', 'black'),
('f016', 'Advisor', 'Dharma', 'S', 'dharma.jpg', 'ME-PSE', 5, '1992-04-12', 'Male', 'yes', '475', 'AP/ECE ', 'M.E', '5', 'Tuty', 'Tuty', 'TN', '0005', 'Tuticorin', '2323', 'none', 'tamil', 'English', 'A+', 'Dharma@gracecoe.org', 'teaching', 'india', 'Hindhu', 'SC', '--', 'yes', 'No', 'no', 'Well', '6656435445', '2020-04-28', '563542543', '452365373', 'sports club', '8776 8878 8785', '76754576', 3, '4', 'Rank Holder', 'ettayapuram', '98675 877856', '86755', 3, 2001, '02', '02', 'veg', 'babu', 'rahul', 'yes', 'active', 'f016', 'grace', 'grace', 'what is your color?', 'red'),
('f017', 'Staff', 'Dharma', 'lingam', 'dharma.jpg', 'ME-PSE', 5, '1997-05-19', 'Male', 'yes', '475', 'AP/ECE ', 'M.E', '5', 'Tuty', 'Tuty', 'TN', '0005', 'Tuticorin', '2323', 'none', 'tamil', 'English', 'A+', 'Dharma1@gracecoe.org', 'teaching', 'india', 'Hindhu', 'SC', '--', 'yes', 'No', 'no', 'Well', '6656435445', '2020-04-05', '563542543', '452365373', 'sports club', '8776 8878 8785', '76754576', 3, '4', 'Rank Holder', 'ettayapuram', '98675 877856', '86755', 3, 2002, '02', '02', 'veg', 'babu', 'rahul', 'yes', 'active', 'f017', 'grace', 'grace', 'what is your color?', 'green'),
('f018', 'Staff', 'thesai', 'jebas', 'jebas.jpg', 'ME-PSE', 5, '1998-06-18', 'Male', 'yes', '475', 'AP/ECE ', 'M.E', '5', 'Tuty', 'Tuty', 'TN', '0005', 'Tuticorin', '2323', 'none', 'tamil', 'English', 'A+', 'Thesai@gracecoe.org', 'teaching', 'india', 'Hindhu', 'MBC', '--', 'yes', 'No', 'no', 'Well', '6656435445', '2021-01-10', '563542543', '452365373', 'sports club', '8776 8878 8785', '76754576', 3, '4', 'Rank Holder', 'ettayapuram', '98675 877856', '86755', 3, 2003, '02', '02', 'veg', 'babu', 'rahul', 'yes', 'active', 'f018', 'grace', 'grace', 'what is your color?', 'Rose'),
('f019', 'HOD', 'Thiyash', 'R', 'thiyas.jpg', 'ME-AE', 23, '1991-02-12', 'Male', 'yes', '475', 'AP/ME_AE ', 'M.E', '5', 'Tuty', 'Tuty', 'TN', '0005', 'Tuticorin', '2323', 'none', 'tamil', 'English', 'A+', 'Dhiyash@gracecoe.org', 'teaching', 'india', 'Hindhu', 'SC', '--', 'yes', 'No', 'no', 'Well', '6656435445', '2020-04-28', '563542543', '452365373', 'sports club', '8776 8878 8785', '76754576', 3, '4', 'Rank Holder', 'ettayapuram', '98675 877856', '86755', 3, 2004, '02', '02', 'veg', 'babu', 'rahul', 'yes', 'active', 'f019', 'grace', 'grace', 'what is your color?', 'Pink'),
('f020', 'Advisor', 'Aathiran', 'l', 'Adhi.jpg', 'ME-AE', 23, '1992-02-13', 'Male', 'yes', '475', 'AP/ME_AE ', 'M.E', '5', 'Tuty', 'Tuty', 'TN', '0005', 'Tuticorin', '2323', 'none', 'tamil', 'English', 'A+', 'Aathirann@gracecoe.o', 'teaching', 'india', 'Hindhu', 'BC', '--', 'yes', 'No', 'no', 'Well', '6656435445', '2020-04-05', '563542543', '452365373', 'sports club', '8776 8878 8785', '76754576', 3, '4', 'Rank Holder', 'ettayapuram', '98675 877856', '86755', 3, 2005, '02', '02', 'veg', 'babu', 'rahul', 'yes', 'active', 'f020', 'grace', 'grace', 'what is your color?', 'blue'),
('f021', 'Staff', 'mithran', 'S', 'mithran.jpg', 'ME-AE', 23, '1993-03-14', 'Male', 'yes', '475', 'AP/ME-AE ', 'M.E', '5', 'Tuty', 'Tuty', 'TN', '0005', 'Tuticorin', '2323', 'none', 'tamil', 'English', 'A+', 'Mithrank@gracecoe.or', 'teaching', 'india', 'Hindhu', 'SC', '--', 'yes', 'No', 'no', 'Well', '6656435445', '2020-05-28', '563542543', '452365373', 'sports club', '8776 8878 8785', '76754576', 3, '4', 'Rank Holder', 'ettayapuram', '98675 877856', '86755', 3, 2006, '02', '02', 'veg', 'babu', 'rahul', 'yes', 'active', 'f021', 'grace', 'grace', 'what is your color?', 'yellow'),
('f022', 'Staff', 'Vivek', 'l', 'vivek.jpg', 'CSE', 1, '1994-04-15', 'Male', 'yes', '475', 'AP/CSE ', 'M.E', '5', 'Tuty', 'Tuty', 'TN', '0005', 'Tuticorin', '2323', 'none', 'tamil', 'English', 'A+', 'Vivek@gracecoe.org', 'teaching', 'india', 'Hindhu', 'SC', '--', 'yes', 'No', 'no', 'Well', '6656435445', '2021-01-10', '563542543', '452365373', 'sports club', '8776 8878 8785', '76754576', 3, '4', 'Rank Holder', 'ettayapuram', '98675 877856', '86755', 3, 2007, '02', '02', 'veg', 'babu', 'rahul', 'yes', 'active', 'f022', 'grace', 'grace', 'what is your color?', 'black'),
('f023', 'Staff', 'Yugan', 'S', 'yougan.jpg', 'CSE', 1, '1995-05-16', 'Male', 'yes', '475', 'AP/CSE ', 'M.E', '5', 'Tuty', 'Tuty', 'TN', '0005', 'Tuticorin', '2323', 'none', 'tamil', 'English', 'A+', 'Yugan@gracecoe.org', 'teaching', 'india', 'Hindhu', 'MBC', '--', 'yes', 'No', 'no', 'Well', '6656435445', '2020-04-05', '563542543', '452365373', 'sports club', '8776 8878 8785', '76754576', 3, '4', 'Rank Holder', 'ettayapuram', '98675 877856', '86755', 3, 2008, '02', '02', 'veg', 'babu', 'rahul', 'yes', 'active', 'f023', 'grace', 'grace', 'what is your color?', 'white'),
('f024', 'Staff', 'pranuv', 'lingam', 'pranuv.jpg', 'CSE', 1, '1991-06-17', 'Male', 'yes', '475', 'AP/CSE ', 'M.E', '5', 'Tuty', 'Tuty', 'TN', '0005', 'Tuticorin', '2323', 'none', 'tamil', 'English', 'A+', 'Pranav@gracecoe.org', 'teaching', 'india', 'Hindhu', 'SC', '--', 'yes', 'No', 'no', 'Well', '6656435445', '2021-01-10', '563542543', '452365373', 'sports club', '8776 8878 8785', '76754576', 3, '4', 'Rank Holder', 'ettayapuram', '98675 877856', '86755', 3, 2009, '02', '02', 'veg', 'babu', 'rahul', 'yes', 'active', 'f024', 'grace', 'grace', 'what is your fav department?', 'CSE'),
('f025', 'Staff', 'Advik', 's', 'advik.jpg', 'ECE', 2, '1992-07-18', 'Male', 'yes', '475', 'AP/ECE ', 'M.E', '5', 'Tuty', 'Tuty', 'TN', '0005', 'Tuticorin', '2323', 'none', 'tamil', 'English', 'A+', 'Advik@gracecoe.org', 'teaching', 'india', 'Hindhu', 'SC', '--', 'yes', 'No', 'no', 'Well', '6656435445', '2020-04-28', '563542543', '452365373', 'sports club', '8776 8878 8785', '76754576', 3, '4', 'Rank Holder', 'ettayapuram', '98675 877856', '86755', 3, 2010, '02', '02', 'veg', 'babu', 'rahul', 'yes', 'active', 'f025', 'grace', 'grace', 'what is your color?', 'blue'),
('f026', 'Staff', 'Rama', 'Samy', 'rama.jpg', 'ECE', 2, '1993-08-19', 'Male', 'yes', '475', 'AP/ECE ', 'M.E', '5', 'Tuty', 'Tuty', 'TN', '0005', 'Tuticorin', '2323', 'none', 'tamil', 'English', 'A+', 'Ramasamyu@gracecoe.o', 'teaching', 'india', 'Hindhu', 'BC', '--', 'yes', 'No', 'no', 'Well', '6656435445', '2020-05-28', '563542543', '452365373', 'sports club', '8776 8878 8785', '76754576', 3, '4', 'Rank Holder', 'ettayapuram', '98675 877856', '86755', 3, 2011, '02', '02', 'veg', 'babu', 'rahul', 'yes', 'active', 'f026', 'grace', 'grace', 'what is your aim in your life?', 'Playing'),
('f027', 'Staff', 'Muthu', 'Raman', 'muthu.jpg', 'ECE', 2, '1994-09-20', 'Male', 'yes', '475', 'AP/ECE ', 'M.E', '5', 'Tuty', 'Tuty', 'TN', '0005', 'Tuticorin', '2323', 'none', 'tamil', 'English', 'A+', 'muthu@gracecoe.org', 'teaching', 'india', 'Hindhu', 'SC', '--', 'yes', 'No', 'no', 'Well', '6656435445', '2020-04-05', '563542543', '452365373', 'sports club', '8776 8878 8785', '76754576', 3, '4', 'Rank Holder', 'ettayapuram', '98675 877856', '86755', 3, 2012, '02', '02', 'veg', 'babu', 'rahul', 'yes', 'active', 'f027', 'grace', 'grace', 'what is your color?', 'Green'),
('f028', 'Staff', 'Kavin', 'l', 'kavin.jpg', 'EEE', 16, '1995-10-12', 'Male', 'yes', '475', 'AP/EEE ', 'M.E', '5', 'Tuty', 'Tuty', 'TN', '0005', 'Tuticorin', '2323', 'none', 'tamil', 'English', 'A+', 'kavin@gracecoe.org', 'teaching', 'india', 'Hindhu', 'MBC', '--', 'yes', 'No', 'no', 'Well', '6656435445', '2021-01-10', '563542543', '452365373', 'sports club', '8776 8878 8785', '76754576', 3, '4', 'Rank Holder', 'ettayapuram', '98675 877856', '86755', 3, 2013, '02', '02', 'veg', 'babu', 'rahul', 'yes', 'active', 'f028', 'grace', 'grace', 'what is your aim in your life?', 'Tour'),
('f029', 'Staff', 'Sastic', 'raj', 'dharma.jpg', 'EEE', 16, '1990-11-12', 'Male', 'yes', '475', 'AP/EEE ', 'M.E', '5', 'Tuty', 'Tuty', 'TN', '0005', 'Tuticorin', '2323', 'none', 'tamil', 'English', 'A+', 'sastic@gracecoe.org', 'teaching', 'india', 'Hindhu', 'SC', '--', 'yes', 'No', 'no', 'Well', '6656435445', '2020-05-28', '563542543', '452365373', 'sports club', '8776 8878 8785', '76754576', 3, '4', 'Rank Holder', 'ettayapuram', '98675 877856', '86755', 3, 2014, '02', '02', 'veg', 'babu', 'rahul', 'yes', 'active', 'f029', 'grace', 'grace', 'what is your color?', 'blue'),
('f030', 'Staff', 'Nihilan', 'A', 'nihilan.jpg', 'MECH', 7, '1991-12-21', 'Male', 'yes', '475', 'AP/MECH', 'M.E', '5', 'Tuty', 'Tuty', 'TN', '0005', 'Tuticorin', '2323', 'none', 'tamil', 'English', 'A+', 'Nihilan@gracecoe.org', 'teaching', 'india', 'Hindhu', 'SC', '--', 'yes', 'No', 'no', 'Well', '6656435445', '2020-04-28', '563542543', '452365373', 'sports club', '8776 8878 8785', '76754576', 3, '4', 'Rank Holder', 'ettayapuram', '98675 877856', '86755', 3, 2015, '02', '02', 'veg', 'babu', 'rahul', 'yes', 'active', 'f0300', 'grace', 'grace', 'what is your aim in your life?', 'staff'),
('f031', 'Staff', 'Dhruv', 'lingam', 'dhruv.jpg', 'MECH', 7, '1992-02-12', 'Male', 'yes', '475', 'AP/MECH ', 'M.E', '5', 'Tuty', 'Tuty', 'TN', '0005', 'Tuticorin', '2323', 'none', 'tamil', 'English', 'A+', 'Dhurugh@gracecoe.org', 'teaching', 'india', 'Hindhu', 'BC', '--', 'yes', 'No', 'no', 'Well', '6656435445', '2020-04-05', '563542543', '452365373', 'sports club', '8776 8878 8785', '76754576', 3, '4', 'Rank Holder', 'ettayapuram', '98675 877856', '86755', 3, 2001, '02', '02', 'veg', 'babu', 'rahul', 'yes', 'active', 'f031', 'grace', 'grace', 'what is your color?', 'yellow'),
('f032', 'Staff', 'Dhanush', 'kumar', 'dhanush.jpg', 'MECH', 7, '1993-02-02', 'Male', 'yes', '475', 'AP/MECH', 'M.E', '5', 'Tuty', 'Tuty', 'TN', '0005', 'Tuticorin', '2323', 'none', 'tamil', 'English', 'A+', 'Dhanush@gracecoe.org', 'teaching', 'india', 'Hindhu', 'SC', '--', 'yes', 'No', 'no', 'Well', '6656435445', '2021-01-10', '563542543', '452365373', 'sports club', '8776 8878 8785', '76754576', 3, '4', 'Rank Holder', 'ettayapuram', '98675 877856', '86755', 3, 2002, '02', '02', 'veg', 'babu', 'rahul', 'yes', 'active', 'f032', 'grace', 'grace', 'what is your aim in your life?', 'Teaching'),
('f033', 'Staff', 'Ruban', 'kumar', 'kumar.jpg', 'CIVIL', 8, '1994-03-12', 'Male', 'yes', '475', 'AP/CIVIL', 'M.E', '5', 'Tuty', 'Tuty', 'TN', '0005', 'Tuticorin', '2323', 'none', 'tamil', 'English', 'A+', 'Ruban@gracecoe.org', 'teaching', 'india', 'Hindhu', 'SC', '--', 'yes', 'No', 'no', 'Well', '6656435445', '2020-04-28', '563542543', '452365373', 'sports club', '8776 8878 8785', '76754576', 3, '4', 'Rank Holder', 'ettayapuram', '98675 877856', '86755', 3, 2003, '02', '02', 'veg', 'babu', 'rahul', 'yes', 'active', 'f033', 'grace', 'grace', 'what is your color?', 'pink'),
('f034', 'Staff', 'Dharani', 'M', 'dharani.jpg', 'CIVIL', 8, '1995-04-02', 'Female', 'yes', '475', 'AP/CIVIL ', 'M.E', '5', 'Tuty', 'Tuty', 'TN', '0005', 'Tuticorin', '2323', 'none', 'tamil', 'English', 'A+', 'Dharani@gracecoe.org', 'teaching', 'india', 'Hindhu', 'MBC', '--', 'yes', 'No', 'no', 'Well', '6656435445', '2021-01-10', '563542543', '452365373', 'sports club', '8776 8878 8785', '76754576', 3, '4', 'Rank Holder', 'ettayapuram', '98675 877856', '86755', 3, 2004, '02', '02', 'veg', 'babu', 'rahul', 'yes', 'active', 'f034', 'grace', 'grace', 'what is your aim in your life?', 'Teaching'),
('f035', 'Staff', 'Durai', 'raj', 'durai.jpg', 'CIVIL', 8, '1990-05-12', 'Male', 'yes', '475', 'AP/CIVIL', 'M.E', '5', 'Tuty', 'Tuty', 'TN', '0005', 'Tuticorin', '2323', 'none', 'tamil', 'English', 'A+', 'Dhura@gracecoe.org', 'teaching', 'india', 'Hindhu', 'SC', '--', 'yes', 'No', 'no', 'Well', '6656435445', '2020-04-05', '563542543', '452365373', 'sports club', '8776 8878 8785', '76754576', 3, '4', 'Rank Holder', 'ettayapuram', '98675 877856', '86755', 3, 2005, '02', '02', 'veg', 'babu', 'rahul', 'yes', 'active', 'f035', 'grace', 'grace', 'what is your color?', 'white'),
('f036', 'Staff', 'Nishanth', 'K', 'nishanth.jpg', 'ME-CSE', 4, '1991-06-12', 'Male', 'yes', '475', 'AP/ME-CSE ', 'M.E', '5', 'Tuty', 'Tuty', 'TN', '0005', 'Tuticorin', '2323', 'none', 'tamil', 'English', 'A+', 'Nishanth@gracecoe.or', 'teaching', 'india', 'Hindhu', 'SC', '--', 'yes', 'No', 'no', 'Well', '6656435445', '2020-05-28', '563542543', '452365373', 'sports club', '8776 8878 8785', '76754576', 3, '4', 'Rank Holder', 'ettayapuram', '98675 877856', '86755', 3, 2006, '02', '02', 'veg', 'babu', 'rahul', 'yes', 'active', 'f036', 'grace', 'grace', 'what is your aim in your life?', 'staff'),
('f037', 'Staff', 'Krishna', 'kumar', 'Krishna.jpg', 'ME-CSE', 4, '1992-07-02', 'Male', 'yes', '475', 'AP/ME-CSE', 'M.E', '5', 'Tuty', 'Tuty', 'TN', '0005', 'Tuticorin', '2323', 'none', 'tamil', 'English', 'A+', 'Krishna@gracecoe.org', 'teaching', 'india', 'Hindhu', 'BC', '--', 'yes', 'No', 'no', 'Well', '6656435445', '2020-04-28', '563542543', '452365373', 'sports club', '8776 8878 8785', '76754576', 3, '4', 'Rank Holder', 'ettayapuram', '98675 877856', '86755', 3, 2007, '02', '02', 'veg', 'babu', 'rahul', 'yes', 'active', 'f037', 'grace', 'grace', 'what is your color?', 'black'),
('f038', 'Staff', 'ravi', 'raj', 'ravi.jpeg', 'MBA', 6, '1993-08-22', 'Male', 'yes', '475', 'AP/MBA ', 'M.E', '5', 'Tuty', 'Tuty', 'TN', '0005', 'Tuticorin', '2323', 'none', 'tamil', 'English', 'A1+', 'ravi@gracecoe.org', 'teaching', 'india', 'Hindhu', 'BC', '--', 'yes', 'No', 'no', 'Well', '867565656', '2021-01-10', '86765645', '86756564', 'science club', '8678 8675 8675', '8775664', 3, '3', 'university rank holder in MBA', 'tuty', '8775758765', '876756567', 3, 2008, '2', 'janaki', 'veg', 'janaki', 'none', 'yes', 'active', 'f038', 'grace', 'grace', 'what is your business?', 'E-commerece'),
('f039', 'Staff', 'Rahul', 'raj', 'rahul.jpeg', 'MBA', 6, '1994-09-12', 'Male', 'yes', '475', 'AP/MBA ', 'M.E', '5', 'Tuty', 'Tuty', 'TN', '0005', 'Tuticorin', '2323', 'none', 'tamil', 'English', 'A1+', 'raahul@gracecoe.org', 'teaching', 'india', 'Hindhu', 'BC', '--', 'yes', 'No', 'no', 'Well', '867565656', '2020-05-28', '86765645', '86756564', 'science club', '8678 8675 8675', '8775664', 3, '3', 'university rank holder in MBA', 'tuty', '8775758765', '876756567', 3, 2009, '2', 'janaki', 'veg', 'janaki', 'none', 'yes', 'active', 'f039', 'grace', 'grace', 'what is your business?', 'E-commerece'),
('f040', 'Staff', 'Muthu', 'raj', 'muthu.jpeg', 'MBA', 6, '1995-10-22', 'Male', 'yes', '475', 'AP/MBA ', 'M.E', '5', 'Tuty', 'Tuty', 'TN', '0005', 'Tuticorin', '2323', 'none', 'tamil', 'English', 'A1+', 'muthu@gracecoe.org', 'teaching', 'india', 'Hindhu', 'BC', '--', 'yes', 'No', 'no', 'Well', '867565656', '2020-04-05', '86765645', '86756564', 'science club', '8678 8675 8675', '8775664', 3, '3', 'university rank holder in MBA', 'tuty', '8775758765', '876756567', 3, 2010, '2', 'janaki', 'veg', 'janaki', 'none', 'yes', 'active', 'f040', 'grace', 'grace', 'what is your business?', 'E-commerece'),
('f041', 'Staff', 'James', 'john', 'john.jpg', 'ECE', 2, '1996-12-12', 'Male', 'yes', '475', 'AP/ECE ', 'M.E', '5', 'Tuty', 'Tuty', 'TN', '0005', 'Tuticorin', '2323', 'none', 'tamil', 'English', 'A+', 'jamesjames@gracecoe.', 'teaching', 'india', 'Hindhu', 'SC', '--', 'yes', 'No', 'no', 'Well', '6656435445', '2020-04-28', '563542543', '452365373', 'sports club', '8776 8878 8785', '76754576', 3, '4', 'Rank Holder', 'ettayapuram', '98675 877856', '86755', 3, 2011, '02', '02', 'veg', 'babu', 'rahul', 'yes', 'active', 'f041', 'grace', 'grace', 'what is your aim in your life?', 'Teaching'),
('f042', 'Staff', 'Priya', 'S', 'priya.jpg', 'CSE', 1, '1997-11-22', 'Female', 'yes', '475', 'AP/CSE ', 'M.E', '5', 'Tuty', 'Tuty', 'TN', '0005', 'Tuticorin', '2323', 'none', 'tamil', 'English', 'A+', 'Priya@gracecoe.org', 'teaching', 'india', 'Hindhu', 'SC', '--', 'yes', 'No', 'no', 'Well', '6656435445', '2021-01-10', '563542543', '452365373', 'sports club', '8776 8878 8785', '76754576', 3, '4', 'Rank Holder', 'ettayapuram', '98675 877856', '86755', 3, 2011, '02', '02', 'veg', 'babu', 'rahul', 'yes', 'active', 'f042', 'grace', 'grace', 'what is your color?', 'blue'),
('f043', 'Staff', 'Meena', 'l', 'meena.jpg', 'EEE', 16, '1990-12-12', 'female', 'yes', '475', 'AP/EEE ', 'M.E', '5', 'Tuty', 'Tuty', 'TN', '0005', 'Tuticorin', '2323', 'none', 'tamil', 'English', 'A+', 'Meenai@gracecoe.org', 'teaching', 'india', 'Hindhu', 'MBC', '--', 'yes', 'No', 'no', 'Well', '6656435445', '2020-04-05', '563542543', '452365373', 'sports club', '8776 8878 8785', '76754576', 3, '4', 'Rank Holder', 'ettayapuram', '98675 877856', '86755', 3, 2012, '02', '02', 'veg', 'babu', 'rahul', 'yes', 'active', 'f043', 'grace', 'grace', 'what is your aim in your life?', 'staff'),
('f044', 'Staff', 'lakshmi', 'l', 'lakshmi.jpg', 'EEE', 16, '1991-02-22', 'Female', 'yes', '475', 'AP/EEE ', 'M.E', '5', 'Tuty', 'Tuty', 'TN', '0005', 'Tuticorin', '2323', 'none', 'tamil', 'English', 'A+', 'Lakshmi@gracecoe.org', 'teaching', 'india', 'Hindhu', 'SC', '--', 'yes', 'No', 'no', 'Well', '6656435445', '2020-04-28', '563542543', '452365373', 'sports club', '8776 8878 8785', '76754576', 3, '4', 'Rank Holder', 'ettayapuram', '98675 877856', '86755', 3, 2013, '02', '02', 'veg', 'babu', 'rahul', 'yes', 'active', 'f044', 'grace', 'grace', 'what is your color?', 'Yello'),
('f045', 'Staff', 'Chitra', 'l', 'Chitra.jpg', 'EEE', 16, '1992-02-22', 'Female', 'yes', '475', 'AP/EEE ', 'M.E', '5', 'Tuty', 'Tuty', 'TN', '0005', 'Tuticorin', '2323', 'none', 'tamil', 'English', 'A+', 'Chitraa@gracecoe.org', 'teaching', 'india', 'Hindhu', 'SC', '--', 'yes', 'No', 'no', 'Well', '6656435445', '2020-05-28', '563542543', '452365373', 'sports club', '8776 8878 8785', '76754576', 3, '4', 'Rank Holder', 'ettayapuram', '98675 877856', '86755', 3, 2014, '02', '02', 'veg', 'babu', 'rahul', 'yes', 'active', 'f045', 'grace', 'grace', 'what is your aim in your life?', 'Teaching'),
('f046', 'Staff', 'Raj', 'kumar', 'raj.jpg', 'MECH', 7, '1993-03-02', 'Male', 'yes', '475', 'AP/MECH', 'M.E', '5', 'Tuty', 'Tuty', 'TN', '0005', 'Tuticorin', '2323', 'none', 'tamil', 'English', 'A+', 'Raj@gracecoe.org', 'teaching', 'india', 'Hindhu', 'SC', '--', 'yes', 'No', 'no', 'Well', '6656435445', '2021-01-10', '563542543', '452365373', 'sports club', '8776 8878 8785', '76754576', 3, '4', 'Rank Holder', 'ettayapuram', '98675 877856', '86755', 3, 2015, '02', '02', 'veg', 'babu', 'rahul', 'yes', 'active', 'f046', 'grace', 'grace', 'what is your color?', 'Red'),
('f047', 'Staff', 'Ravi', 'kumar', 'raj.jpg', 'CIVIL', 8, '1994-04-12', 'Male', 'yes', '475', 'AP/CIVIL', 'M.E', '5', 'Tuty', 'Tuty', 'TN', '0005', 'Tuticorin', '2323', 'none', 'tamil', 'English', 'A+', 'Ravi@gracecoe.org', 'teaching', 'india', 'Hindhu', 'MBC', '--', 'yes', 'No', 'no', 'Well', '6656435445', '2020-04-05', '563542543', '452365373', 'sports club', '8776 8878 8785', '76754576', 3, '4', 'Rank Holder', 'ettayapuram', '98675 877856', '86755', 3, 2017, '02', '02', 'veg', 'babu', 'rahul', 'yes', 'active', 'f047', 'grace', 'grace', 'what is your aim in your life?', 'Sports'),
('f001', 'HOD', 'Muthu', 'Kumar', 'muthu.jpeg', 'ECE', 2, '1995-02-12', 'Male', 'yes', '475574', 'AP/ECE', 'M.E', '5', 'Tuty', 'Tuty', 'TN', '0055', 'Tuticorin', '2323', '', 'tamil', 'English', 'O+', 'kuamr@gracecoe.org', 'teaching', 'india', 'Hindhu', 'BC', '--', 'yes', 'No', 'No', 'Well', '4364635', '2023-03-09', '4215643', '654654', 'science club', '77056394373', '341551', 4, '5', 'PG', 'tuty', '4632516', '584684', 4, 2001, '5', 'babu', 'non veg', 'babu', 'babulingam', 'yes', 'active', 'f001', 'grace', 'grace', 'what your fevourite colour?', 'blue');

-- --------------------------------------------------------

--
-- Table structure for table `erp_fees`
--

CREATE TABLE `erp_fees` (
  `fee_id` bigint(20) NOT NULL COMMENT 'fees id',
  `fee_course` varchar(20) NOT NULL COMMENT 'fees course \r\n\r\n(UGF-ug first year,\r\nUGL - ug lateral ot transfer,\r\nPG - pg)',
  `fee_maincat` varchar(20) NOT NULL COMMENT 'Fees Main Category',
  `fee_subcat` varchar(10) NOT NULL COMMENT 'Fees Sub Category\r\n\r\n(gs-government_school,\r\npmss-pmss,\r\nfg-first_graduate,\r\notr-others,\r\nal-alumini,\r\nCate1-cutoffabove90,\r\nCate2-cutoffbetween8090,\r\nCate3-cutoffabove70,\r\nCate4-cutoffbelow70,\r\ng-general)',
  `fee_admission` varchar(30) NOT NULL COMMENT 'Admission fees',
  `fee_tuition` varchar(20) NOT NULL COMMENT 'tuition fees',
  `fee_au` varchar(20) NOT NULL COMMENT 'au fees',
  `fee_cdeposit` varchar(20) NOT NULL COMMENT 'caution deposit fees',
  `fee_accommodation` varchar(20) NOT NULL COMMENT 'accommodation fees',
  `fee_mess` varchar(20) NOT NULL COMMENT 'mess fees',
  `fee_bus` varchar(20) NOT NULL COMMENT 'bus fees',
  `fee_exam` varchar(20) NOT NULL COMMENT 'exam fees',
  `fee_erp` varchar(20) NOT NULL COMMENT 'erp fees',
  `fee_dept` varchar(20) NOT NULL COMMENT 'fees for department'
) ENGINE=InnoDB DEFAULT CHARSET=utf8mb4 COLLATE=utf8mb4_general_ci;

--
-- Dumping data for table `erp_fees`
--

INSERT INTO `erp_fees` (`fee_id`, `fee_course`, `fee_maincat`, `fee_subcat`, `fee_admission`, `fee_tuition`, `fee_au`, `fee_cdeposit`, `fee_accommodation`, `fee_mess`, `fee_bus`, `fee_exam`, `fee_erp`, `fee_dept`) VALUES
(1, 'UGF', 'counselling', 'gs', '-', '-', '-', '-', '-', '', '-', '1500', '300', 'B.TECH-AI&DS'),
(2, 'UGF', 'counselling', 'pmss', '4000', '-', '-', '-', '10000', '', '-', '-', '300', 'B.TECH-AI&DS'),
(3, 'UGF', 'counselling', 'fg', '-', '10000', '-', '-', '10000', '', '-', '1500', '300', 'B.TECH-AI&DS'),
(4, 'UGF', 'counselling', 'Cate1', '4000', '5000', '2500', '5000', '10000', '', '-', '1500', '300', 'B.TECH-AI&DS'),
(5, 'UGF', 'counselling', 'Cate2', '4500', '15000', '2500', '5000', '10000', '', '-', '1500', '300', 'B.TECH-AI&DS'),
(6, 'UGF', 'counselling', 'Cate3', '5000', '20000', '2500', '5000', '1000', '', '-', '1500', '300', 'B.TECH-AI&DS'),
(7, 'UGF', 'counselling', 'Cate4', '5500', '25000', '2500', '5000', '1000', '', '-', '1500', '300', 'B.TECH-AI&DS'),
(8, 'UGF', 'management', 'm', '5000', '35000', '2500', '5000', '1000', '', '-', '1500', '300', 'B.TECH-AI&DS'),
(9, 'UGF', 'counselling', 'gs', '-', '-', '-', '-', '-', '', '-', '-', '300', 'B.E CSE'),
(10, 'UGF', 'counselling', 'pmss', '4000', '-', '-', '-', '10000', '', '-', '1500', '300', 'B.E CSE'),
(11, 'UGF', 'counselling', 'fg', '-', '7500', '-', '5000', '10000', '', '-', '1500', '300', 'B.E CSE'),
(12, 'UGF', 'counselling', 'Cate1', '4000', '5000', '2500', '5000', '10000', '', '-', '1500', '300', 'B.E CSE'),
(13, 'UGF', 'counselling', 'Cate2', '4500', '10000', '2500', '5000', '10000', '', '-', '1500', '300', 'B.E CSE'),
(14, 'UGF', 'counselling', 'Cate3', '5000', '15000', '2500', '5000', '1000', '', '-', '1500', '300', 'B.E CSE'),
(15, 'UGF', 'counselling', 'Cate4', '5500', '20000', '2500', '5000', '1000', '', '-', '1500', '300', 'B.E CSE'),
(16, 'UGF', 'management', 'm', '5000', '30000', '2500', '5000', '1000', '', '-', '1500', '300', 'B.E CSE'),
(17, 'UGF', 'counselling', 'gs', '-', '-', '-', '-', '-', '', '-', '-', '300', 'B.E ECE'),
(18, 'UGF', 'counselling', 'pmss', '4000', '-', '-', '-', '10000', '', '-', '1500', '300', 'B.E ECE'),
(19, 'UGF', 'counselling', 'fg', '-', '2500', '-', '5000', '10000', '', '-', '1500', '300', 'B.E ECE'),
(20, 'UGF', 'counselling', 'Cate1', '4500', '7500', '2500', '5000', '10000', '', '-', '1500', '300', 'B.E ECE'),
(21, 'UGF', 'counselling', 'Cate2', '5000', '12000', '2500', '5000', '10000', '', '-', '1500', '300', 'B.E ECE'),
(22, 'UGF', 'counselling', 'Cate3', '5500', '15000', '2500', '5000', '1000', '', '-', '1500', '300', 'B.E ECE'),
(23, 'UGF', 'counselling', 'Cate4', '6000', '20000', '2500', '5000', '1000', '', '-', '1500', '300', 'B.E ECE'),
(24, 'UGF', 'management', 'm', '5000', '20000', '2500', '5000', '1000', '', '-', '1500', '300', 'B.E EEE'),
(25, 'UGF', 'counselling', 'gs', '-', '-', '-', '-', '-', '', '-', '-', '300', 'B.E EEE'),
(26, 'UGF', 'counselling', 'pmss', '4000', '-', '-', '-', '10000', '', '-', '1500', '300', 'B.E EEE'),
(27, 'UGF', 'counselling', 'fg', '-', '2500', '-', '5000', '10000', '', '-', '1500', '300', 'B.E EEE'),
(28, 'UGF', 'counselling', 'Cate1', '4500', '7500', '2500', '5000', '10000', '', '-', '1500', '300', 'B.E EEE'),
(29, 'UGF', 'counselling', 'Cate2', '5000', '12000', '2500', '5000', '10000', '', '-', '1500', '300', 'B.E EEE'),
(30, 'UGF', 'counselling', 'Cate3', '5500', '15000', '2500', '5000', '1000', '', '-', '1500', '300', 'B.E EEE'),
(31, 'UGF', 'counselling', 'Cate4', '6000', '20000', '2500', '5000', '1000', '', '-', '1500', '300', 'B.E EEE'),
(32, 'UGF', 'management', 'm', '5000', '20000', '2500', '5000', '1000', '', '-', '1500', '300', 'B.E EEE'),
(33, 'UGF', 'counselling', 'gs', '-', '-', '-', '-', '-', '', '-', '-', '300', 'B.E MECH'),
(34, 'UGF', 'counselling', 'pmss', '4000', '-', '-', '-', '10000', '', '-', '1500', '300', 'B.E MECH'),
(35, 'UGF', 'counselling', 'fg', '-', '-', '-', '5000', '10000', '', '-', '1500', '300', 'B.E MECH'),
(36, 'UGF', 'counselling', 'Cate1', '4500', '5000', '2500', '5000', '10000', '', '-', '1500', '300', 'B.E MECH'),
(37, 'UGF', 'counselling', 'Cate2', '5000', '5000', '2500', '5000', '10000', '', '-', '1500', '300', 'B.E MECH'),
(38, 'UGF', 'counselling', 'Cate3', '5500', '7500', '2500', '5000', '1000', '', '-', '1500', '300', 'B.E MECH'),
(39, 'UGF', 'counselling', 'Cate4', '6000', '10000', '2500', '5000', '1000', '', '-', '1500', '300', 'B.E MECH'),
(40, 'UGF', 'management', 'm', '4000', '20000', '2500', '5000', '1000', '', '-', '1500', '300', 'B.E MECH'),
(41, 'UGF', 'counselling', 'gs', '-', '-', '-', '-', '-', '', '-', '-', '300', 'B.E CIVIL'),
(42, 'UGF', 'counselling', 'pmss', '4000', '-', '-', '-', '10000', '', '-', '1500', '300', 'B.E CIVIL'),
(43, 'UGF', 'counselling', 'fg', '-', '-', '-', '5000', '10000', '', '-', '1500', '300', 'B.E CIVIL'),
(44, 'UGF', 'counselling', 'Cate1', '4500', '5000', '2500', '5000', '10000', '', '-', '1500', '300', 'B.E CIVIL'),
(45, 'UGF', 'counselling', 'Cate2', '5000', '5000', '2500', '5000', '10000', '', '-', '1500', '300', 'B.E CIVIL'),
(46, 'UGF', 'counselling', 'Cate3', '5500', '7500', '2500', '5000', '1000', '', '-', '1500', '300', 'B.E CIVIL'),
(47, 'UGF', 'counselling', 'Cate4', '6000', '10000', '2500', '5000', '1000', '', '-', '1500', '300', 'B.E CIVIL'),
(48, 'UGF', 'management', 'm', '4000', '20000', '2500', '5000', '1000', '', '-', '1500', '300', 'B.E CIVIL'),
(49, 'PG', 'counselling', 'pmss', '4000', '-', '1000', '-', '-', '', '-', '2250', '300', 'M.E PSE'),
(50, 'PG', 'counselling', 'al', '3000', '10000', '2500', '5000', '10000', '', '-', '2250', '300', 'M.E PSE'),
(51, 'PG', 'counselling', 'otr', '4000', '15000', '2500', '5000', '10000', '', '-', '2250', '300', 'M.E PSE'),
(52, 'PG', 'management', 'al', '3000', '15000', '2500', '5000', '10000', '', '-', '2250', '300', 'M.E PSE'),
(53, 'PG', 'management', 'otr', '4000', '20000', '2500', '5000', '1000', '', '-', '2250', '300', 'M.E PSE'),
(54, 'PG', 'management', 'pmss', '4000', '1500', '2500', '5000', '-', '', '-', '2250', '300', 'M.E PSE'),
(55, 'PG', 'counselling', 'pmss', '4000', '-', '1000', '-', '-', '', '-', '2250', '300', 'M.E CSE'),
(56, 'PG', 'counselling', 'al', '3000', '10000', '2500', '5000', '10000', '', '-', '2250', '300', 'M.E CSE'),
(57, 'PG', 'counselling', 'otr', '3000', '15000', '2500', '5000', '10000', '', '-', '2250', '300', 'M.E CSE'),
(58, 'PG', 'management', 'al', '3000', '15000', '2500', '5000', '10000', '', '-', '2250', '300', 'M.E CSE'),
(59, 'PG', 'management', 'otr', '3000', '20000', '2500', '5000', '1000', '', '-', '2250', '300', 'M.E CSE'),
(60, 'PG', 'management', 'pmss', '3000', '1500', '2500', '5000', '-', '', '-', '2250', '300', 'M.E CSE'),
(61, 'PG', 'counselling', 'pmss', '3000', '-', '1000', '-', '-', '', '-', '2250', '300', 'M.E AE'),
(62, 'PG', 'counselling', 'al', '3000', '10000', '2500', '5000', '10000', '', '-', '2250', '300', 'M.E AE'),
(63, 'PG', 'counselling', 'otr', '3000', '15000', '2500', '5000', '10000', '', '-', '2250', '300', 'M.E AE'),
(64, 'PG', 'management', 'al', '3000', '15000', '2500', '5000', '10000', '', '-', '2250', '300', 'M.E AE'),
(65, 'PG', 'management', 'otr', '3000', '20000', '2500', '5000', '1000', '', '-', '2250', '300', 'M.E AE'),
(66, 'PG', 'management', 'pmss', '3000', '1500', '2500', '5000', '-', '', '-', '2250', '300', 'M.E AE'),
(67, 'PG', 'counselling', 'pmss', '3000', '-', '1000', '-', '-', '', '-', '2250', '300', 'MBA'),
(68, 'PG', 'counselling', 'al', '3000', '10000', '2500', '5000', '10000', '', '-', '2250', '300', 'MBA'),
(69, 'PG', 'counselling', 'otr', '4000', '15000', '2500', '5000', '10000', '', '-', '2250', '300', 'MBA'),
(70, 'PG', 'management', 'al', '3000', '15000', '2500', '5000', '10000', '', '-', '2250', '300', 'MBA'),
(71, 'PG', 'management', 'otr', '3500', '20000', '2500', '5000', '1000', '', '-', '2250', '300', 'MBA'),
(72, 'PG', 'management', 'pmss', '3500', '1500', '2500', '5000', '10000', '', '-', '300', '300', 'MBA'),
(73, 'UGL', 'counselling', 'pmss', '4000', '-', '-', '5000', '10000', '', '-', '1050', '300', 'B.TECH-AI&DS'),
(74, 'UGL', 'counselling', 'fg', '-', '2500', '-', '5000', '10000', '', '-', '1050', '300', 'B.TECH-AI&DS'),
(75, 'UGL', 'counselling', 'otr', '3500', '15000', '-', '5000', '10000', '', '-', '1050', '300', 'B.TECH-AI&DS'),
(76, 'UGL', 'management', 'm', '5000', '20000', '-', '5000', '10000', '', '-', '1050', '300', 'B.TECH-AI&DS'),
(77, 'UGL', 'counselling', 'pmss', '4000', '-', '-', '5000', '10000', '', '-', '1050', '300', 'B.E CSE'),
(78, 'UGL', 'counselling', 'fg', '-', '2500', '-', '5000', '10000', '', '-', '1050', '300', 'B.E CSE'),
(79, 'UGL', 'counselling', 'otr', '3500', '15000', '-', '5000', '10000', '', '-', '1050', '300', 'B.E CSE'),
(80, 'UGL', 'management', 'm', '4500', '20000', '-', '5000', '10000', '', '-', '1050', '300', 'B.E CSE'),
(81, 'UGL', 'counselling', 'pmss', '4000', '-', '-', '5000', '-', '', '-', '1050', '300', 'B.E ECE'),
(82, 'UGL', 'counselling', 'fg', '-', '-', '-', '5000', '10000', '', '-', '1050', '300', 'B.E ECE'),
(83, 'UGL', 'counselling', 'otr', '3500', '12000', '-', '5000', '10000', '', '-', '1050', '300', 'B.E ECE'),
(84, 'UGL', 'management', 'm', '4000', '15000', '-', '5000', '10000', '', '-', '1050', '300', 'B.E ECE'),
(85, 'UGL', 'counselling', 'pmss', '3990', '-', '-', '5000', '-', '', '-', '1050', '300', 'B.E EEE'),
(86, 'UGL', 'counselling', 'fg', '-', '-', '-', '5000', '10000', '', '-', '1050', '300', 'B.E EEE'),
(87, 'UGL', 'counselling', 'otr', '4500', '12000', '-', '5000', '10000', '', '-', '1050', '300', 'B.E EEE'),
(88, 'UGL', 'management', 'm', '4500', '15000', '-', '5000', '10000', '', '-', '1050', '300', 'B.E EEE'),
(89, 'UGL', 'counselling', 'pmss', '4000', '-', '-', '5000', '-', '', '-', '1050', '300', 'B.E MECH'),
(90, 'UGL', 'counselling', 'fg', '-', '-', '-', '5000', '10000', '', '-', '1050', '300', 'B.E MECH'),
(91, 'UGL', 'counselling', 'otr', '3500', '10000', '-', '5000', '10000', '', '-', '1050', '300', 'B.E MECH'),
(92, 'UGL', 'management', 'm', '5000', '15000', '-', '5000', '10000', '', '-', '1050', '300', 'B.E MECH'),
(93, 'UGL', 'counselling', 'pmss', '4000', '-', '-', '5000', '-', '', '-', '1050', '300', 'B.E CIVIL'),
(94, 'UGL', 'counselling', 'fg', '-', '-', '-', '5000', '10000', '', '-', '1050', '300', 'B.E CIVIL'),
(95, 'UGL', 'counselling', 'otr', '4500', '10000', '-', '5000', '10000', '', '-', '1050', '300', 'B.E CIVIL'),
(96, 'UGL', 'management', 'm', '5000', '15000', '-', '5000', '10000', '', '-', '1050', '300', 'B.E CIVIL');

-- --------------------------------------------------------

--
-- Table structure for table `erp_gallery`
--

CREATE TABLE `erp_gallery` (
  `g_id` bigint(20) NOT NULL COMMENT 'Gallery id',
  `g_title` varchar(30) NOT NULL COMMENT 'gallery title',
  `g_timestamp` timestamp NOT NULL DEFAULT current_timestamp() ON UPDATE current_timestamp() COMMENT 'gallery timestamp(Event date&time)'
) ENGINE=InnoDB DEFAULT CHARSET=utf8mb4 COLLATE=utf8mb4_general_ci;

--
-- Dumping data for table `erp_gallery`
--

INSERT INTO `erp_gallery` (`g_id`, `g_title`, `g_timestamp`) VALUES
(1, 'sports day', '2023-03-02 07:30:00'),
(2, 'college day', '2023-03-04 17:44:40'),
(3, 'symposium', '2023-03-16 21:52:52'),
(4, 'culturals', '2023-04-04 21:54:06'),
(5, 'Graduation Day', '2023-04-10 07:30:00'),
(6, 'Placement Exhibition', '2023-03-04 07:30:00'),
(7, 'Independence day', '2023-08-15 05:44:40'),
(8, 'symposium', '2023-03-17 21:52:52'),
(9, 'culturals', '2023-04-04 21:54:06'),
(10, 'Graduation Day', '2023-04-11 07:30:00'),
(1, 'sports day', '2023-03-02 07:30:00'),
(2, 'college day', '2023-03-04 17:44:40'),
(3, 'symposium', '2023-03-16 21:52:52'),
(4, 'culturals', '2023-04-04 21:54:06'),
(5, 'Graduation Day', '2023-04-10 07:30:00'),
(6, 'Placement Exhibition', '2023-03-04 07:30:00'),
(7, 'Independence day', '2023-08-15 05:44:40'),
(8, 'symposium', '2023-03-17 21:52:52'),
(9, 'culturals', '2023-04-04 21:54:06'),
(10, 'Graduation Day', '2023-04-11 07:30:00'),
(1, 'sports day', '2023-03-02 07:30:00'),
(2, 'college day', '2023-03-04 17:44:40'),
(3, 'symposium', '2023-03-16 21:52:52'),
(4, 'culturals', '2023-04-04 21:54:06'),
(5, 'Graduation Day', '2023-04-10 07:30:00'),
(6, 'Placement Exhibition', '2023-03-04 07:30:00'),
(7, 'Independence day', '2023-08-15 05:44:40'),
(8, 'symposium', '2023-03-17 21:52:52'),
(9, 'culturals', '2023-04-04 21:54:06'),
(10, 'Graduation Day', '2023-04-11 07:30:00'),
(1, 'sports day', '2023-03-02 07:30:00'),
(2, 'college day', '2023-03-04 17:44:40'),
(3, 'symposium', '2023-03-16 21:52:52'),
(4, 'culturals', '2023-04-04 21:54:06'),
(5, 'Graduation Day', '2023-04-10 07:30:00'),
(6, 'Placement Exhibition', '2023-03-04 07:30:00'),
(7, 'Independence day', '2023-08-15 05:44:40'),
(8, 'symposium', '2023-03-17 21:52:52'),
(9, 'culturals', '2023-04-04 21:54:06'),
(10, 'Graduation Day', '2023-04-11 07:30:00');

-- --------------------------------------------------------

--
-- Table structure for table `erp_hostel`
--

CREATE TABLE `erp_hostel` (
  `h_id` bigint(20) NOT NULL COMMENT 'Hostel id',
  `h_gender` varchar(10) NOT NULL COMMENT 'Gender Hostel ',
  `h_wdn` varchar(30) NOT NULL COMMENT 'Hostel warden name',
  `h_wdnno` varchar(20) NOT NULL COMMENT 'hostel wardan mobile no',
  `h_depty_wdn` varchar(30) NOT NULL COMMENT 'hostel depty warden name',
  `h_depty_wdnno` varchar(20) NOT NULL COMMENT 'hostel depty warden mobile no',
  `h_rt_wdn` varchar(20) NOT NULL COMMENT 'hostel residential tutor warden name',
  `h_rt_wdnno` varchar(20) NOT NULL COMMENT 'hostel residential tutor warden mobile no'
) ENGINE=InnoDB DEFAULT CHARSET=utf8mb4 COLLATE=utf8mb4_general_ci;

--
-- Dumping data for table `erp_hostel`
--

INSERT INTO `erp_hostel` (`h_id`, `h_gender`, `h_wdn`, `h_wdnno`, `h_depty_wdn`, `h_depty_wdnno`, `h_rt_wdn`, `h_rt_wdnno`) VALUES
(1, '1', 'babu', '123456789', 'babu2', '987654321', 'babu3', '098712345'),
(2, '2', 'prem', '123456789', 'prem2', '987654321', 'prem3', '098712345'),
(1, '1', 'babu', '123456789', 'babu2', '987654321', 'babu3', '098712345'),
(2, '2', 'prem', '123456789', 'prem2', '987654321', 'prem3', '098712345'),
(1, '1', 'babu', '123456789', 'babu2', '987654321', 'babu3', '098712345'),
(2, '2', 'prem', '123456789', 'prem2', '987654321', 'prem3', '098712345'),
(1, '1', 'babu', '123456789', 'babu2', '987654321', 'babu3', '098712345'),
(2, '2', 'prem', '123456789', 'prem2', '987654321', 'prem3', '098712345');

-- --------------------------------------------------------

--
-- Table structure for table `erp_img`
--

CREATE TABLE `erp_img` (
  `img_id` bigint(20) NOT NULL COMMENT 'Image id',
  `g_id` bigint(20) NOT NULL COMMENT 'gallery id',
  `img_img` varchar(100) NOT NULL COMMENT 'image',
  `img_desc` varchar(50) NOT NULL COMMENT 'image Description'
) ENGINE=InnoDB DEFAULT CHARSET=utf8mb4 COLLATE=utf8mb4_general_ci;

--
-- Dumping data for table `erp_img`
--

INSERT INTO `erp_img` (`img_id`, `g_id`, `img_img`, `img_desc`) VALUES
(1, 1, 'img/sportsday.jpg', 'principal addressing'),
(2, 1, 'img/sportsday2.jpg', 'chairman addressing'),
(3, 2, 'img/image1.jpg', 'principal addressing'),
(4, 2, 'img/image2.jpg', 'chairman addressing'),
(5, 3, 'img/image1.jpg', 'principal addressing'),
(6, 3, 'img/symboday2.jpg', 'HOD addressing'),
(7, 4, 'img/image1.jpg', 'principal addressing'),
(8, 4, 'img/image2.jpg', 'Chief guest addressing'),
(1, 1, 'img/sportsday.jpg', 'principal addressing'),
(2, 1, 'img/sportsday2.jpg', 'chairman addressing'),
(3, 2, 'img/image1.jpg', 'principal addressing'),
(4, 2, 'img/image2.jpg', 'chairman addressing'),
(5, 3, 'img/image1.jpg', 'principal addressing'),
(6, 3, 'img/symboday2.jpg', 'HOD addressing'),
(7, 4, 'img/image1.jpg', 'principal addressing'),
(8, 4, 'img/image2.jpg', 'Chief guest addressing'),
(1, 1, 'img/sportsday.jpg', 'principal addressing'),
(2, 1, 'img/sportsday2.jpg', 'chairman addressing'),
(3, 2, 'img/image1.jpg', 'principal addressing'),
(4, 2, 'img/image2.jpg', 'chairman addressing'),
(5, 3, 'img/image1.jpg', 'principal addressing'),
(6, 3, 'img/symboday2.jpg', 'HOD addressing'),
(7, 4, 'img/image1.jpg', 'principal addressing'),
(8, 4, 'img/image2.jpg', 'Chief guest addressing'),
(1, 1, 'img/sportsday.jpg', 'principal addressing'),
(2, 1, 'img/sportsday2.jpg', 'chairman addressing'),
(3, 2, 'img/image1.jpg', 'principal addressing'),
(4, 2, 'img/image2.jpg', 'chairman addressing'),
(5, 3, 'img/image1.jpg', 'principal addressing'),
(6, 3, 'img/symboday2.jpg', 'HOD addressing'),
(7, 4, 'img/image1.jpg', 'principal addressing'),
(8, 4, 'img/image2.jpg', 'Chief guest addressing');

-- --------------------------------------------------------

--
-- Table structure for table `erp_leave`
--

CREATE TABLE `erp_leave` (
  `lv_id` bigint(20) NOT NULL COMMENT 'Leave id',
  `f_id` varchar(20) NOT NULL COMMENT 'faculty id(leave taken by)',
  `f_dept` varchar(30) NOT NULL COMMENT 'Faculty Department',
  `lv_type` varchar(20) NOT NULL COMMENT 'leave type (ML,CL,Permission)',
  `lv_reason` varchar(200) NOT NULL COMMENT 'leave reason',
  `lv_applyon` date NOT NULL COMMENT 'apply date',
  `lv_sdate` date NOT NULL COMMENT 'leave start date',
  `lv_edate` date NOT NULL COMMENT 'leave end date',
  `lv_stime` time NOT NULL COMMENT 'leave start time',
  `lv_etime` time NOT NULL COMMENT 'leave end time'
) ENGINE=InnoDB DEFAULT CHARSET=utf8mb4 COLLATE=utf8mb4_general_ci;

--
-- Dumping data for table `erp_leave`
--

INSERT INTO `erp_leave` (`lv_id`, `f_id`, `f_dept`, `lv_type`, `lv_reason`, `lv_applyon`, `lv_sdate`, `lv_edate`, `lv_stime`, `lv_etime`) VALUES
(1, 'f002', 'CSE', 'cl', 'fever', '2023-04-01', '2023-04-02', '2023-04-03', '00:00:00', '00:00:00'),
(2, 'f004', 'ECE', 'permission', 'function', '2023-03-28', '2023-03-28', '2023-03-28', '10:00:00', '11:00:00'),
(3, 'f003', 'CSE', 'od', 'symposium', '2023-04-03', '2023-04-04', '2023-04-04', '00:00:00', '00:00:00'),
(4, 'f001', 'ECE', 'ml', 'typhoid', '2023-03-29', '2023-04-01', '2023-04-03', '00:00:00', '00:00:00'),
(5, 'f005', 'EEE', 'csl', 'csl', '2023-04-03', '2023-04-08', '2023-04-08', '00:00:00', '00:00:00'),
(6, 'f009', 'MECH', 'ml', 'Fever', '2023-04-01', '2023-04-03', '2023-04-03', '00:00:00', '00:00:00'),
(7, 'f034', 'CIVIL', 'ml', 'typhoid', '2023-04-01', '2023-04-03', '2023-04-03', '00:00:00', '00:00:00');

-- --------------------------------------------------------

--
-- Table structure for table `erp_leave_alt`
--

CREATE TABLE `erp_leave_alt` (
  `la_id` bigint(20) NOT NULL COMMENT 'leave alter id',
  `lv_id` bigint(20) NOT NULL COMMENT 'leave id',
  `la_date` date NOT NULL COMMENT 'leave alteration date',
  `la_hour` varchar(5) NOT NULL COMMENT 'leave alteration hour',
  `cls_id` bigint(20) NOT NULL COMMENT 'leave alteration class id',
  `f_id` varchar(20) NOT NULL COMMENT 'leave aleration staff (f_id)\r\n',
  `la_staffacpt` int(20) NOT NULL COMMENT 'staff accept\r\n(accept-1/reject-0)',
  `la_hodacpt` int(5) NOT NULL COMMENT 'hod accept\r\n(accept-1/reject-0)',
  `la_principalacpt` int(5) NOT NULL COMMENT 'principal accept\r\n(accept-1/reject-0)'
) ENGINE=InnoDB DEFAULT CHARSET=utf8mb4 COLLATE=utf8mb4_general_ci;

--
-- Dumping data for table `erp_leave_alt`
--

INSERT INTO `erp_leave_alt` (`la_id`, `lv_id`, `la_date`, `la_hour`, `cls_id`, `f_id`, `la_staffacpt`, `la_hodacpt`, `la_principalacpt`) VALUES
(1, 1, '2023-04-03', '1', 1, 'f023', 1, 1, 1),
(2, 2, '2023-04-04', '1', 1, 'f001', 1, 1, 1),
(3, 2, '2023-04-04', '5', 11, 'f001', 1, 1, 1),
(4, 2, '2023-04-04', '6', 11, 'f001', 1, 1, 1),
(5, 2, '2023-04-04', '7', 11, 'f001', 1, 1, 1);

-- --------------------------------------------------------

--
-- Table structure for table `erp_login`
--

CREATE TABLE `erp_login` (
  `log_id` varchar(20) NOT NULL COMMENT 'Login id(Registerno/faculty id)',
  `log_pwd` varchar(20) NOT NULL COMMENT 'login password',
  `log_conpwd` varchar(20) NOT NULL COMMENT 'confirm password',
  `log_session` timestamp NOT NULL DEFAULT current_timestamp() ON UPDATE current_timestamp() COMMENT 'login session(timestamp)',
  `log_status` int(5) NOT NULL DEFAULT 1 COMMENT 'active status\r\n(active -1,inactive - 0)',
  `log_secqn` varchar(50) NOT NULL COMMENT 'security question',
  `log_ans` varchar(50) NOT NULL COMMENT 'answer'
) ENGINE=InnoDB DEFAULT CHARSET=utf8mb4 COLLATE=utf8mb4_general_ci;

--
-- Dumping data for table `erp_login`
--

INSERT INTO `erp_login` (`log_id`, `log_pwd`, `log_conpwd`, `log_session`, `log_status`, `log_secqn`, `log_ans`) VALUES
('2021AE01', '2021', '2021', '2023-05-16 12:43:59', 1, 'what is your fav color?', 'Red'),
('2021AE02', '2021', '2021', '2023-05-16 12:43:59', 1, 'what is your fav color?', 'Red'),
('2022MBA01', 'grace1', 'grace1', '2023-05-16 12:43:59', 1, 'what is your fav color?', 'white'),
('2022MBA02', 'grace1', 'grace1', '2023-05-16 12:43:50', 1, 'what is your fav color?', 'Black'),
('2022MBA03', 'grace1', 'grace1', '2023-05-16 12:44:51', 1, 'what is your fav color?', 'Yellow'),
('2022MBA04', 'grace1', 'grace1', '2023-05-16 12:44:51', 1, 'what is your fav color?', 'Blue'),
('2022MBA05', 'grace1', 'grace1', '2023-05-16 12:48:51', 1, 'what is your fav color?', 'Red'),
('2022MBA06', 'grace1', 'grace1', '2023-05-16 12:43:59', 1, 'what is your fav color?', 'white'),
('2022MBA07', 'grace1', 'grace1', '2023-05-16 12:43:50', 1, 'what is your fav color?', 'Black'),
('2022MBA08', 'grace1', 'grace1', '2023-05-16 12:44:51', 1, 'what is your fav color?', 'Yellow'),
('2022MBA09', 'grace1', 'grace1', '2023-05-16 12:44:51', 1, 'what is your fav color?', 'Blue'),
('2022MBA10', 'grace1', 'grace1', '2023-05-16 12:48:51', 1, 'what is your fav color?', 'Red'),
('950320103005', 'grace1', 'grace1', '2023-05-16 12:48:52', 1, 'what is your fav color?', 'Red'),
('950320103012', 'grace1', 'grace1', '2023-05-16 12:10:52', 1, 'what is your fav color?', 'Blue'),
('950320103013', 'grace1', 'grace1', '2023-05-16 12:49:52', 1, 'what is your fav color?', 'Red'),
('950320103015', 'grace1', 'grace1', '2023-05-16 12:49:52', 1, 'what is your fav color?', 'Red'),
('950320103018', 'grace1', 'grace1', '2023-05-16 12:49:52', 1, 'what is your fav color?', 'Red'),
('950320103022', 'grace1', 'grace1', '2023-05-16 12:48:52', 1, 'what is your fav color?', 'Red'),
('950320103023', 'grace1', 'grace1', '2023-05-16 12:10:53', 1, 'what is your fav color?', 'Blue'),
('950320103025', 'grace1', 'grace1', '2023-05-16 12:49:54', 1, 'what is your fav color?', 'Red'),
('950320103028', 'grace1', 'grace1', '2023-05-16 12:49:55', 1, 'what is your fav color?', 'Red'),
('950320103029', 'grace1', 'grace1', '2023-05-16 12:49:56', 1, 'what is your fav color?', 'Red'),
('950320103701', 'grace1', 'grace1', '2023-05-16 13:29:41', 1, 'what is your fav color?', 'Red'),
('950320104003', 'grace1', 'grace1', '2023-05-16 12:50:01', 1, 'what is your fav color?', 'Blue'),
('950320104005', 'grace1', 'grace1', '2023-05-16 12:50:03', 1, 'what is your fav color?', 'Blue'),
('950320104006', 'grace1', 'grace1', '2023-05-16 09:10:05', 1, 'what is your fav color?', 'Red'),
('950320104007', 'grace1', 'grace1', '2023-05-16 09:10:10', 1, 'what is your fav color?', 'Green'),
('950320104012', 'grace1', 'grace1', '2023-05-16 09:10:15', 1, 'what is your fav color?', 'Black'),
('950320104013', 'grace1', 'grace1', '2023-05-16 12:50:06', 1, 'what is your fav color?', 'Blue'),
('950320104015', 'grace1', 'grace1', '2023-05-16 12:50:07', 1, 'what is your fav color?', 'Blue'),
('950320104018', 'grace1', 'grace1', '2023-05-16 09:10:05', 1, 'what is your fav color?', 'Red'),
('950320104022', 'grace1', 'grace1', '2023-05-16 09:10:10', 1, 'what is your fav color?', 'Green'),
('950320104023', 'grace1', 'grace1', '2023-05-16 09:10:15', 1, 'what is your fav color?', 'Black'),
('950320104025', 'grace1', 'grace1', '2023-05-16 09:10:15', 1, 'what is your fav color?', 'Black'),
('950320104027', 'grace1', 'grace1', '2023-05-16 12:55:06', 1, 'what is your fav color?', 'Blue'),
('950320104028', 'grace1', 'grace1', '2023-05-16 12:55:07', 1, 'what is your fav color?', 'Blue'),
('950320104303', 'grace1', 'grace1', '2023-05-16 10:10:05', 1, 'what is your fav color?', 'Red'),
('95032010435', 'grace1', 'grace1', '2023-05-16 09:10:12', 1, 'what is your fav color?', 'Green'),
('950320104701', 'grace1', 'grace1', '2023-05-16 09:10:18', 1, 'what is your fav color?', 'Black'),
('950320105003', 'grace1', 'grace1', '2023-05-16 10:10:05', 1, 'what is your fav color?', 'Red'),
('950320105005', 'grace1', 'grace1', '2023-05-16 10:10:10', 1, 'what is your fav color?', 'Green'),
('950320105006', 'grace1', 'grace1', '2023-05-16 10:10:15', 1, 'what is your fav color?', 'Black'),
('950320105007', 'grace1', 'grace1', '2023-05-16 10:50:06', 1, 'what is your fav color?', 'Blue'),
('950320105012', 'grace1', 'grace1', '2023-05-16 10:50:07', 1, 'what is your fav color?', 'Blue'),
('950320105013', 'grace1', 'grace1', '2023-05-16 10:10:05', 1, 'what is your fav color?', 'Red'),
('950320105014', 'grace1', 'grace1', '2023-05-16 10:10:10', 1, 'what is your fav color?', 'Green'),
('950320105015', 'grace1', 'grace1', '2023-05-16 10:10:15', 1, 'what is your fav color?', 'Black'),
('950320105018', 'grace1', 'grace1', '2023-05-16 10:10:15', 1, 'what is your fav color?', 'Black'),
('950320105022', 'grace1', 'grace1', '2023-05-16 10:55:06', 1, 'what is your fav color?', 'Blue'),
('950320105023', 'grace1', 'grace1', '2023-05-16 10:55:07', 1, 'what is your fav color?', 'Blue'),
('950320105025', 'grace1', 'grace1', '2023-05-16 10:10:05', 1, 'what is your fav color?', 'Red'),
('950320105028', 'grace1', 'grace1', '2023-05-16 10:10:12', 1, 'what is your fav color?', 'Green'),
('950320105305', 'grace1', 'grace1', '2023-05-16 10:10:18', 1, 'what is your fav color?', 'Black'),
('950320106003', 'grace1', 'grace1', '2023-05-16 11:10:05', 1, 'what is your fav color?', 'Red'),
('950320106005', 'grace1', 'grace1', '2023-05-16 11:10:10', 1, 'what is your fav color?', 'Green'),
('950320106006', 'grace1', 'grace1', '2023-05-16 11:10:15', 1, 'what is your fav color?', 'Black'),
('950320106007', 'grace1', 'grace1', '2023-05-16 11:50:06', 1, 'what is your fav color?', 'Blue'),
('950320106012', 'grace1', 'grace1', '2023-05-16 11:50:07', 1, 'what is your fav color?', 'Blue'),
('950320106013', 'grace1', 'grace1', '2023-05-16 11:10:05', 1, 'what is your fav color?', 'Red'),
('950320106014', 'grace1', 'grace1', '2023-05-16 11:10:10', 1, 'what is your fav color?', 'Green'),
('950320106015', 'grace1', 'grace1', '2023-05-16 11:10:15', 1, 'what is your fav color?', 'Black'),
('950320106018', 'grace1', 'grace1', '2023-05-16 11:10:15', 1, 'what is your fav color?', 'Black'),
('950320106022', 'grace1', 'grace1', '2023-05-16 11:55:06', 1, 'what is your fav color?', 'Blue'),
('950320106023', 'grace1', 'grace1', '2023-05-16 11:55:07', 1, 'what is your fav color?', 'Blue'),
('950320106025', 'grace1', 'grace1', '2023-05-16 11:10:05', 1, 'what is your fav color?', 'Red'),
('950320106028', 'grace1', 'grace1', '2023-05-16 11:10:12', 1, 'what is your fav color?', 'Green'),
('950320106305', 'grace1', 'grace1', '2023-05-16 10:10:18', 1, 'what is your fav color?', 'Black'),
('950320114003', 'grace1', 'grace1', '2023-05-17 11:10:15', 1, 'what is your fav color?', 'Black'),
('950320114005', 'grace1', 'grace1', '2023-05-17 11:50:06', 1, 'what is your fav color?', 'Blue'),
('950320114006', 'grace1', 'grace1', '2023-05-17 11:50:07', 1, 'what is your fav color?', 'Blue'),
('950320114007', 'grace1', 'grace1', '2023-05-17 11:10:05', 1, 'what is your fav color?', 'Red'),
('950320114012', 'grace1', 'grace1', '2023-05-17 11:10:10', 1, 'what is your fav color?', 'Green'),
('950320114013', 'grace1', 'grace1', '2023-05-17 11:10:15', 1, 'what is your fav color?', 'Black'),
('950320114014', 'grace1', 'grace1', '2023-05-17 11:10:15', 1, 'what is your fav color?', 'Black'),
('950320114015', 'grace1', 'grace1', '2023-05-17 11:55:06', 1, 'what is your fav color?', 'Blue'),
('950320114018', 'grace1', 'grace1', '2023-05-17 11:55:07', 1, 'what is your fav color?', 'Blue'),
('950320114022', 'grace1', 'grace1', '2023-05-17 11:10:05', 1, 'what is your fav color?', 'Red'),
('950320114023', 'grace1', 'grace1', '2023-05-17 11:10:12', 1, 'what is your fav color?', 'Green'),
('950320114025', 'grace1', 'grace1', '2023-05-17 10:10:18', 1, 'what is your fav color?', 'Black'),
('950321103001', 'grace1', 'grace1', '2023-05-18 11:50:07', 1, 'what is your fav color?', 'Blue'),
('950321103002', 'grace1', 'grace1', '2023-05-18 11:10:05', 1, 'what is your fav color?', 'Red'),
('950321103003', 'grace1', 'grace1', '2023-05-18 11:10:10', 1, 'what is your fav color?', 'Green'),
('950321103004', 'grace1', 'grace1', '2023-05-18 11:10:15', 1, 'what is your fav color?', 'Black'),
('950321103005', 'grace1', 'grace1', '2023-05-18 11:10:15', 1, 'what is your fav color?', 'Black'),
('950321103006', 'grace1', 'grace1', '2023-05-18 11:55:06', 1, 'what is your fav color?', 'Blue'),
('950321103007', 'grace1', 'grace1', '2023-05-18 11:55:07', 1, 'what is your fav color?', 'Blue'),
('950321103008', 'grace1', 'grace1', '2023-05-18 11:10:05', 1, 'what is your fav color?', 'Red'),
('950321103009', 'grace1', 'grace1', '2023-05-18 11:10:12', 1, 'what is your fav color?', 'Green'),
('950321103010', 'grace1', 'grace1', '2023-05-18 10:10:18', 1, 'what is your fav color?', 'Black'),
('950321103011', 'grace1', 'grace1', '2023-05-17 12:20:59', 1, 'what your favourite job?', 'Admin'),
('A001', 'Admin@grace', '1111', '2023-05-16 12:20:59', 1, 'what your favourite job?', 'Admin'),
('A002', 'Admin@grace', '1111', '2023-05-16 12:20:59', 1, 'what your favourite job?', 'Admin'),
('f001', 'grace', 'grace', '2023-05-16 12:33:15', 1, 'what your fevourite colour?', 'blue'),
('f002', 'grace', 'grace', '2023-05-16 12:33:15', 1, 'what is your aim in your life', 'programmer'),
('f003', 'grace', 'grace', '2023-05-16 12:33:17', 1, 'what is your fav department?', 'CSE'),
('f004', 'grace', 'grace', '2023-05-16 12:33:18', 1, 'what is your name?', 'vijayalakshmi'),
('f005', 'grace', 'grace', '2023-05-16 12:33:20', 1, 'what is your color?', 'black'),
('f006', 'grace', 'grace', '2023-05-16 12:33:22', 1, 'what is your aim in your life?', 'Teaching staff'),
('f007', 'grace', 'grace', '2023-05-16 12:33:24', 1, 'what is your fav color?', 'red'),
('f008', 'grace', 'grace', '2023-05-16 12:33:26', 1, 'what is your role model in your life?', 'my friends'),
('f009', 'grace', 'grace', '2023-05-16 12:33:28', 1, 'what is your fav department', 'MECH'),
('f010', 'grace', 'grace', '2023-05-16 12:33:28', 1, 'what is your fav department', 'MECH'),
('f011', 'grace', 'grace', '2023-05-16 12:33:30', 1, 'what is your fav food ', 'Dosa'),
('f012', 'grace', 'grace', '2023-05-16 12:33:32', 1, 'what is your business?', 'E-commerece'),
('f013', 'grace', 'grace', '2023-05-16 12:33:32', 1, 'what is your fav game?', 'Business Xoo'),
('f014', 'grace', 'grace', '2023-05-16 12:33:34', 1, 'what is your fav language in CSE', 'python'),
('f015', 'grace', 'grace', '2023-05-16 12:33:36', 1, 'what is your color?', 'black'),
('f016', 'grace', 'grace', '2023-05-16 12:33:38', 1, 'what is your color?', 'red'),
('f017', 'grace', 'grace', '2023-05-16 12:33:40', 1, 'what is your color?', 'green'),
('f018', 'grace', 'grace', '2023-05-16 12:33:40', 1, 'what is your color?', 'Rose'),
('f019', 'grace', 'grace', '2023-05-16 12:33:42', 1, 'what is your color?', 'Pink'),
('f020', 'grace', 'grace', '2023-05-16 12:33:44', 1, 'what is your color?', 'blue'),
('f021', 'grace', 'grace', '2023-05-16 12:33:46', 1, 'what is your color?', 'yellow'),
('f022', 'grace', 'grace', '2023-05-16 12:33:48', 1, 'what is your color?', 'black'),
('f023', 'grace', 'grace', '2023-05-16 12:33:50', 1, 'what is your color?', 'white'),
('f024', 'grace', 'grace', '2023-05-16 12:33:52', 1, 'what is your fav department?', 'CSE'),
('f025', 'grace', 'grace', '2023-05-16 12:33:54', 1, 'what is your color?', 'blue'),
('f026', 'grace', 'grace', '2023-05-16 12:33:56', 1, 'what is your aim in your life?', 'Playing'),
('f027', 'grace', 'grace', '2023-05-16 12:33:58', 1, 'what is your color?', 'Green'),
('f028', 'grace', 'grace', '2023-05-16 12:33:59', 1, 'what is your aim in your life?', 'Tour'),
('f029', 'grace', 'grace', '2023-05-16 12:31:28', 1, 'what is your color?', 'blue'),
('f030', 'grace', 'grace', '2023-05-16 12:32:30', 1, 'what is your aim in your life?', 'staff'),
('f031', 'grace', 'grace', '2023-05-16 12:34:32', 1, 'what is your color?', 'yellow'),
('f032', 'grace', 'grace', '2023-05-16 12:35:34', 1, 'what is your aim in your life?', 'Teaching'),
('f033', 'grace', 'grace', '2023-05-16 12:36:36', 1, 'what is your color?', 'pink'),
('f034', 'grace', 'grace', '2023-05-16 12:37:38', 1, 'what is your aim in your life?', 'Teaching'),
('f035', 'grace', 'grace', '2023-05-16 12:38:40', 1, 'what is your color?', 'white'),
('f036', 'grace', 'grace', '2023-05-16 12:39:40', 1, 'what is your aim in your life?', 'staff'),
('f037', 'grace', 'grace', '2023-05-16 12:40:42', 1, 'what is your color?', 'black'),
('f038', 'grace', 'grace', '2023-05-16 12:33:32', 1, 'what is your business?', 'E-commerece'),
('f039', 'grace', 'grace', '2023-05-16 12:41:44', 1, 'what is your business?', 'E-commerece'),
('f040', 'grace', 'grace', '2023-05-16 12:42:46', 1, 'what is your business?', 'E-commerece'),
('f041', 'grace', 'grace', '2023-05-16 12:43:48', 1, 'what is your aim in your life?', 'Teaching'),
('f042', 'grace', 'grace', '2023-05-16 12:43:50', 1, 'what is your color?', 'blue'),
('f043', 'grace', 'grace', '2023-05-16 12:43:52', 1, 'what is your aim in your life?', 'staff'),
('f044', 'grace', 'grace', '2023-05-16 12:43:54', 1, 'what is your color?', 'yellow'),
('f045', 'grace', 'grace', '2023-05-16 12:43:56', 1, 'what is your aim in your life?', 'Teaching'),
('f046', 'grace', 'grace', '2023-05-16 12:43:58', 1, 'what is your color?', 'Red'),
('f047', 'grace', 'grace', '2023-05-16 12:43:59', 1, 'what is your aim in your life?', 'Sports');

-- --------------------------------------------------------

--
-- Table structure for table `erp_mark`
--

CREATE TABLE `erp_mark` (
  `mark_id` bigint(20) NOT NULL COMMENT 'Mark id',
  `stu_id` varchar(30) NOT NULL COMMENT 'student id(register no)',
  `cls_id` bigint(20) NOT NULL COMMENT 'class id',
  `ce_id` bigint(20) NOT NULL COMMENT 'create exam id',
  `exam_id` bigint(20) NOT NULL COMMENT 'exm id (sub , pass mark , max mark)',
  `mark_draft` varchar(200) NOT NULL COMMENT 'draft mark',
  `mark_publish` varchar(20) NOT NULL COMMENT 'publish mark',
  `mark_rstatus` varchar(20) NOT NULL COMMENT 'retest status (assignment mark/retest mark)',
  `mark_date` date NOT NULL COMMENT 'mark entry date'
) ENGINE=InnoDB DEFAULT CHARSET=utf8mb4 COLLATE=utf8mb4_general_ci;

--
-- Dumping data for table `erp_mark`
--

INSERT INTO `erp_mark` (`mark_id`, `stu_id`, `cls_id`, `ce_id`, `exam_id`, `mark_draft`, `mark_publish`, `mark_rstatus`, `mark_date`) VALUES
(1, '2022MBA01', 6, 145, 564, '65', '75', 'Assignment', '2023-03-29'),
(2, '2022MBA02', 6, 145, 564, '68', '78', 'Assignment', '2023-03-29'),
(3, '2022MBA03', 6, 145, 564, '30', '80', 'Retest', '2023-03-29'),
(4, '2022MBA04', 6, 145, 564, '65', '85', 'Retest', '2023-03-29'),
(5, '2022MBA05', 6, 145, 564, '63', '73', 'Assignment', '2023-03-29'),
(6, '2022MBA06', 6, 145, 564, '65', '85', 'Assignment', '2023-03-29'),
(7, '2022MBA07', 6, 145, 564, '33', '85', 'Retest', '2023-03-29'),
(8, '2022MBA08', 6, 145, 564, '65', '85', 'Assignment', '2023-03-29'),
(9, '2022MBA09', 6, 145, 564, '78', '88', 'Assignment', '2023-03-29'),
(10, '2022MBA10', 6, 145, 564, '65', '85', 'Assignment', '2023-03-29'),
(11, '2022MBA01', 6, 145, 565, '65', '75', 'Assignment', '2023-03-30'),
(12, '2022MBA02', 6, 145, 565, '68', '78', 'Assignment', '2023-03-30'),
(13, '2022MBA03', 6, 145, 565, '30', '80', 'Retest', '2023-03-30'),
(14, '2022MBA04', 6, 145, 565, '65', '85', 'Retest', '2023-03-30'),
(15, '2022MBA05', 6, 145, 565, '63', '73', 'Assignment', '2023-03-30'),
(16, '2022MBA06', 6, 145, 565, '65', '85', 'Assignment', '2023-03-30'),
(17, '2022MBA07', 6, 145, 565, '33', '85', 'Retest', '2023-03-30'),
(18, '2022MBA08', 6, 145, 565, '65', '85', 'Assignment', '2023-03-30'),
(19, '2022MBA09', 6, 145, 565, '78', '88', 'Assignment', '2023-03-30'),
(20, '2022MBA10', 6, 145, 565, '65', '85', 'Assignment', '2023-03-30'),
(21, '2022MBA01', 6, 145, 566, '65', '75', 'Assignment', '2023-04-01'),
(22, '2022MBA02', 6, 145, 566, '68', '78', 'Assignment', '2023-04-01'),
(23, '2022MBA03', 6, 145, 566, '30', '80', 'Retest', '2023-04-01'),
(24, '2022MBA04', 6, 145, 566, '65', '85', 'Retest', '2023-04-01'),
(25, '2022MBA05', 6, 145, 566, '63', '73', 'Assignment', '2023-04-01'),
(26, '2022MBA06', 6, 145, 566, '65', '85', 'Assignment', '2023-04-01'),
(27, '2022MBA07', 6, 145, 566, '33', '85', 'Retest', '2023-04-01'),
(28, '2022MBA08', 6, 145, 566, '65', '85', 'Assignment', '2023-04-01'),
(29, '2022MBA09', 6, 145, 566, '78', '88', 'Assignment', '2023-04-01'),
(30, '2022MBA10', 6, 145, 566, '65', '85', 'Assignment', '2023-04-01'),
(31, '2022MBA01', 6, 145, 567, '65', '75', 'Assignment', '2023-04-02'),
(32, '2022MBA02', 6, 145, 567, '68', '78', 'Assignment', '2023-04-02'),
(33, '2022MBA03', 6, 145, 567, '30', '80', 'Retest', '2023-04-02'),
(34, '2022MBA04', 6, 145, 567, '65', '85', 'Retest', '2023-04-02'),
(35, '2022MBA05', 6, 145, 567, '63', '73', 'Assignment', '2023-04-02'),
(36, '2022MBA06', 6, 145, 567, '65', '85', 'Assignment', '2023-04-02'),
(37, '2022MBA07', 6, 145, 567, '33', '85', 'Retest', '2023-04-02'),
(38, '2022MBA08', 6, 145, 567, '65', '85', 'Assignment', '2023-04-02'),
(39, '2022MBA09', 6, 145, 567, '78', '88', 'Assignment', '2023-04-02'),
(40, '2022MBA10', 6, 145, 567, '65', '85', 'Assignment', '2023-04-02'),
(41, '2022MBA01', 6, 145, 568, '65', '75', 'Assignment', '2023-04-03'),
(42, '2022MBA02', 6, 145, 568, '68', '78', 'Assignment', '2023-04-03'),
(43, '2022MBA03', 6, 145, 568, '30', '80', 'Retest', '2023-04-03'),
(44, '2022MBA04', 6, 145, 568, '65', '85', 'Retest', '2023-04-03'),
(45, '2022MBA05', 6, 145, 568, '63', '73', 'Assignment', '2023-04-03'),
(46, '2022MBA06', 6, 145, 568, '65', '85', 'Assignment', '2023-04-03'),
(47, '2022MBA07', 6, 145, 568, '33', '85', 'Retest', '2023-04-03'),
(48, '2022MBA08', 6, 145, 568, '65', '85', 'Assignment', '2023-04-03'),
(49, '2022MBA09', 6, 145, 568, '78', '88', 'Assignment', '2023-04-03'),
(50, '2022MBA10', 6, 145, 568, '65', '85', 'Assignment', '2023-04-03'),
(51, '2022MBA01', 6, 145, 569, '65', '75', 'Assignment', '2023-04-04'),
(52, '2022MBA02', 6, 145, 569, '68', '78', 'Assignment', '2023-04-04'),
(53, '2022MBA03', 6, 145, 569, '30', '80', 'Retest', '2023-04-04'),
(54, '2022MBA04', 6, 145, 569, '65', '85', 'Retest', '2023-04-04'),
(55, '2022MBA05', 6, 145, 569, '63', '73', 'Assignment', '2023-04-04'),
(56, '2022MBA06', 6, 145, 569, '65', '85', 'Assignment', '2023-04-04'),
(57, '2022MBA07', 6, 145, 569, '33', '85', 'Retest', '2023-04-04'),
(58, '2022MBA08', 6, 145, 569, '65', '85', 'Assignment', '2023-04-04'),
(59, '2022MBA09', 6, 145, 569, '78', '88', 'Assignment', '2023-04-04'),
(60, '2022MBA10', 6, 145, 569, '65', '85', 'Assignment', '2023-04-04'),
(61, '950320104003', 1, 5, 25, '80', '90', 'Assignment', '2023-04-02'),
(62, '950320104005', 1, 5, 25, '5', '57', 'Retest', '2023-04-02'),
(63, '950320104006', 1, 5, 25, '78', '88', 'Assignment', '2023-04-02'),
(64, '950320104007', 1, 5, 25, '88', '98', 'Assignment', '2023-04-02'),
(65, '950320104012', 1, 5, 25, '15', '85', 'Retest', '2023-04-02'),
(66, '950320104013', 1, 5, 25, '15', '75', 'Retest', '2023-04-02'),
(67, '950320104014', 1, 5, 25, '15', '65', 'Retest', '2023-04-02'),
(68, '950320104015', 1, 5, 25, '18', '78', 'Retest', '2023-04-02'),
(69, '950320104018', 1, 5, 25, '78', '88', 'Assignment', '2023-04-02'),
(70, '950320104022', 1, 5, 25, '58', '68', 'Assignment', '2023-04-02'),
(71, '950320104023', 1, 5, 25, '87', '97', 'ASsignment', '2023-04-02'),
(72, '950320104025', 1, 5, 25, '36', '86', 'Retest', '2023-04-02'),
(73, '950320104027', 1, 5, 25, '36', '76', 'Retest', '2023-04-02'),
(74, '950320104028', 1, 5, 25, '18', '68', 'Retest', '2023-04-02'),
(75, '950320104303', 1, 5, 25, '70', '80', 'Assignment', '2023-04-02'),
(76, '950320104305', 1, 5, 25, '70', '80', 'Assignment', '2023-04-02'),
(77, '950320104701', 1, 5, 25, '50', '60', 'Assignment', '2023-04-02'),
(78, '950320104003', 1, 5, 26, '80', '90', 'Assignment', '2023-03-30'),
(79, '950320104005', 1, 5, 26, '5', '57', 'Retest', '2023-03-30'),
(80, '950320104006', 1, 5, 26, '78', '88', 'Assignment', '2023-03-30'),
(81, '950320104007', 1, 5, 26, '88', '98', 'Assignment', '2023-03-30'),
(82, '950320104012', 1, 5, 26, '15', '85', 'Retest', '2023-03-30'),
(83, '950320104013', 1, 5, 26, '15', '75', 'Retest', '2023-03-30'),
(84, '950320104014', 1, 5, 26, '15', '65', 'Retest', '2023-03-30'),
(85, '950320104015', 1, 5, 26, '18', '78', 'Retest', '2023-03-30'),
(86, '950320104018', 1, 5, 26, '78', '88', 'Assignment', '2023-03-30'),
(87, '950320104022', 1, 5, 26, '58', '68', 'Assignment', '2023-03-30'),
(88, '950320104023', 1, 5, 26, '87', '97', 'ASsignment', '2023-03-30'),
(89, '950320104025', 1, 5, 26, '36', '86', 'Retest', '2023-03-30'),
(90, '950320104027', 1, 5, 26, '36', '76', 'Retest', '2023-03-30'),
(91, '950320104028', 1, 5, 26, '18', '68', 'Retest', '2023-03-30'),
(92, '950320104303', 1, 5, 26, '70', '80', 'Assignment', '2023-03-30'),
(93, '950320104305', 1, 5, 26, '70', '80', 'Assignment', '2023-03-30'),
(94, '950320104701', 1, 5, 26, '50', '60', 'Assignment', '2023-03-30'),
(95, '950320104003', 1, 5, 27, '80', '90', 'Assignment', '2023-04-02'),
(96, '950320104005', 1, 5, 27, '78', '88', 'Assignment', '2023-04-02'),
(97, '950320104006', 1, 5, 27, '78', '88', 'Assignment', '2023-04-02'),
(98, '950320104007', 1, 5, 27, '80', '90', 'Assignment', '2023-04-02'),
(99, '950320104012', 1, 5, 27, '15', '85', 'Retest', '2023-04-02'),
(100, '950320104013', 1, 5, 27, '80', '90', 'Assignment', '2023-04-02'),
(101, '950320104014', 1, 5, 27, '15', '65', 'Retest', '2023-04-02'),
(102, '950320104015', 1, 5, 27, '80', '90', 'Assignment', '2023-04-02'),
(103, '950320104018', 1, 5, 27, '78', '88', 'Assignment', '2023-04-02'),
(104, '950320104022', 1, 5, 27, '80', '90', 'Assignment', '2023-04-02'),
(105, '950320104023', 1, 5, 27, '87', '97', 'ASsignment', '2023-04-02'),
(106, '950320104025', 1, 5, 27, '36', '86', 'Retest', '2023-04-02'),
(107, '950320104027', 1, 5, 27, '80', '90', 'Assignment', '2023-04-02'),
(108, '950320104028', 1, 5, 27, '18', '68', 'Retest', '2023-04-02'),
(109, '950320104303', 1, 5, 27, '80', '90', 'Assignment', '2023-04-02'),
(110, '950320104305', 1, 5, 27, '70', '80', 'Assignment', '2023-04-02'),
(111, '95032010501', 1, 5, 27, '50', '60', 'Assignment', '2023-04-02'),
(112, '950320104003', 1, 5, 28, '80', '90', 'Assignment', '2023-04-03'),
(113, '950320104005', 1, 5, 28, '18', '87', 'Retest', '2023-04-03'),
(114, '950320104006', 1, 5, 28, '78', '88', 'Assignment', '2023-04-03'),
(115, '950320104007', 1, 5, 28, '80', '90', 'Assignment', '2023-04-03'),
(116, '950320104012', 1, 5, 28, '15', '85', 'Retest', '2023-04-03'),
(117, '950320104013', 1, 5, 28, '80', '90', 'Assignment', '2023-04-03'),
(118, '950320104014', 1, 5, 28, '15', '65', 'Retest', '2023-04-03'),
(119, '950320104015', 1, 5, 28, '80', '90', 'Assignment', '2023-04-03'),
(120, '950320104018', 1, 5, 28, '78', '88', 'Assignment', '2023-04-03'),
(121, '950320104022', 1, 5, 28, '80', '90', 'Assignment', '2023-04-03'),
(122, '950320104023', 1, 5, 28, '87', '97', 'ASsignment', '2023-04-03'),
(123, '950320104025', 1, 5, 28, '36', '86', 'Retest', '2023-04-03'),
(124, '950320104027', 1, 5, 28, '80', '90', 'Assignment', '2023-04-03'),
(125, '950320104028', 1, 5, 28, '18', '68', 'Retest', '2023-04-03'),
(126, '950320104303', 1, 5, 28, '80', '90', 'Assignment', '2023-04-03'),
(127, '950320104305', 1, 5, 28, '70', '80', 'Assignment', '2023-04-03'),
(128, '95032010501', 1, 5, 28, '50', '60', 'Assignment', '2023-04-03'),
(129, '950320104003', 1, 5, 29, '80', '90', 'Assignment', '2023-04-04'),
(130, '950320104005', 1, 5, 29, '78', '88', 'Assignment', '2023-04-02'),
(131, '950320104006', 1, 5, 29, '78', '88', 'Assignment', '2023-04-04'),
(132, '950320104007', 1, 5, 29, '80', '90', 'Assignment', '2023-04-04'),
(133, '950320104012', 1, 5, 29, '15', '85', 'Retest', '2023-04-04'),
(134, '950320104013', 1, 5, 29, '80', '90', 'Assignment', '2023-04-04'),
(135, '950320104014', 1, 5, 29, '15', '65', 'Retest', '2023-04-04'),
(136, '950320104015', 1, 5, 29, '80', '90', 'Assignment', '2023-04-04'),
(137, '950320104018', 1, 5, 29, '78', '88', 'Assignment', '2023-04-04'),
(138, '950320104022', 1, 5, 29, '80', '90', 'Assignment', '2023-04-04'),
(139, '950320104023', 1, 5, 29, '87', '97', 'ASsignment', '2023-04-04'),
(140, '950320104025', 1, 5, 29, '36', '86', 'Retest', '2023-04-04'),
(141, '950320104027', 1, 5, 29, '80', '90', 'Assignment', '2023-04-04'),
(142, '950320104028', 1, 5, 29, '18', '68', 'Retest', '2023-04-04'),
(143, '950320104303', 1, 5, 29, '80', '90', 'Assignment', '2023-04-04'),
(144, '950320104305', 1, 5, 29, '70', '80', 'Assignment', '2023-04-04'),
(145, '95032010501', 1, 5, 29, '50', '60', 'Assignment', '2023-04-04'),
(146, '950320104003', 1, 5, 30, '80', '90', 'Assignment', '2023-04-05'),
(147, '950320104005', 1, 5, 30, '5', '57', 'Retest', '2023-04-05'),
(148, '950320104006', 1, 5, 30, '78', '88', 'Assignment', '2023-04-05'),
(149, '950320104007', 1, 5, 30, '80', '90', 'Assignment', '2023-04-05'),
(150, '950320104012', 1, 5, 30, '15', '85', 'Retest', '2023-04-05'),
(151, '950320104013', 1, 5, 30, '80', '90', 'Assignment', '2023-04-05'),
(152, '950320104014', 1, 5, 30, '15', '65', 'Retest', '2023-04-05'),
(153, '950320104015', 1, 5, 30, '80', '90', 'Assignment', '2023-04-05'),
(154, '950320104018', 1, 5, 30, '78', '88', 'Assignment', '2023-04-05'),
(155, '950320104022', 1, 5, 30, '80', '90', 'Assignment', '2023-04-05'),
(156, '950320104023', 1, 5, 30, '87', '97', 'ASsignment', '2023-04-05'),
(157, '950320104025', 1, 5, 30, '36', '86', 'Retest', '2023-04-05'),
(158, '950320104027', 1, 5, 30, '80', '90', 'Assignment', '2023-04-05'),
(159, '950320104028', 1, 5, 30, '18', '68', 'Retest', '2023-04-05'),
(160, '950320104303', 1, 5, 30, '80', '90', 'Assignment', '2023-04-05'),
(161, '950320104305', 1, 5, 30, '70', '80', 'Assignment', '2023-04-05'),
(162, '95032010501', 1, 5, 30, '50', '60', 'Assignment', '2023-04-05');

-- --------------------------------------------------------

--
-- Table structure for table `erp_markact`
--

CREATE TABLE `erp_markact` (
  `markact_id` bigint(20) NOT NULL COMMENT 'mark activity id ',
  `mark_id` bigint(20) NOT NULL COMMENT 'mark id',
  `stu_id` bigint(20) NOT NULL COMMENT 'student id(register no)',
  `cls_id` bigint(20) NOT NULL COMMENT 'class id',
  `ce_id` bigint(20) NOT NULL COMMENT 'create exam id',
  `exam_id` bigint(20) NOT NULL COMMENT 'exm id (sub , pass mark , max mark)',
  `mark_draft` varchar(200) NOT NULL COMMENT 'draft mark',
  `mark_publish` varchar(20) NOT NULL COMMENT 'publish mark',
  `mark_date` date NOT NULL COMMENT 'mark entry date',
  `markact_act` varchar(20) NOT NULL COMMENT 'action (update/delete)',
  `markact_ts` timestamp NOT NULL DEFAULT current_timestamp() ON UPDATE current_timestamp() COMMENT 'mark modified timestamp'
) ENGINE=InnoDB DEFAULT CHARSET=utf8mb4 COLLATE=utf8mb4_general_ci;

--
-- Dumping data for table `erp_markact`
--

INSERT INTO `erp_markact` (`markact_id`, `mark_id`, `stu_id`, `cls_id`, `ce_id`, `exam_id`, `mark_draft`, `mark_publish`, `mark_date`, `markact_act`, `markact_ts`) VALUES
(1, 1, 950320104005, 1, 1, 1, '10', '0', '2023-03-06', 'update', '2023-03-28 14:16:47'),
(2, 2, 950320104005, 1, 1, 2, '10', '0', '2023-03-07', 'update', '2023-03-28 14:16:47'),
(1, 1, 950320104005, 1, 1, 1, '10', '0', '2023-03-06', 'update', '2023-03-28 14:16:47'),
(2, 2, 950320104005, 1, 1, 2, '10', '0', '2023-03-07', 'update', '2023-03-28 14:16:47'),
(1, 1, 950320104005, 1, 1, 1, '10', '0', '2023-03-06', 'update', '2023-03-28 14:16:47'),
(2, 2, 950320104005, 1, 1, 2, '10', '0', '2023-03-07', 'update', '2023-03-28 14:16:47'),
(1, 1, 950320104005, 1, 1, 1, '10', '0', '2023-03-06', 'update', '2023-03-28 14:16:47'),
(2, 2, 950320104005, 1, 1, 2, '10', '0', '2023-03-07', 'update', '2023-03-28 14:16:47');

-- --------------------------------------------------------

--
-- Table structure for table `erp_news`
--

CREATE TABLE `erp_news` (
  `news_id` bigint(20) NOT NULL COMMENT 'news id',
  `news_title` varchar(20) NOT NULL COMMENT 'news title',
  `news_desc` varchar(200) NOT NULL COMMENT 'news description',
  `news_link` varchar(200) NOT NULL COMMENT 'news link',
  `news_type` varchar(200) NOT NULL COMMENT 'news type',
  `news_img` varchar(200) NOT NULL COMMENT 'news image',
  `news_status` int(5) NOT NULL COMMENT 'status of news \r\nvisible\r\n(0-not visible / 1- visible)'
) ENGINE=InnoDB DEFAULT CHARSET=utf8mb4 COLLATE=utf8mb4_general_ci;

--
-- Dumping data for table `erp_news`
--

INSERT INTO `erp_news` (`news_id`, `news_title`, `news_desc`, `news_link`, `news_type`, `news_img`, `news_status`) VALUES
(1, 'result published', 'UG and PG result published ', 'https://stucor.in/study-materials-annauniv/', 'news', 'img/stucor.jpeg', 0),
(2, 'sports day', 'sports day on 06-03-2023', 'null', 'events', 'img/sportsbroucher.jpeg', 0),
(3, 'leave announcement', 'leave on 06-03-2023', 'null', 'circular', 'img/circular.jpeg', 0),
(4, 'thought of the day', 'thought of the day - 01', 'https://www.youtube.com/watch?v=tujqRqHT1Qs&list=PLJx23jPZ2MP7NWSeGXb3mT3EkoeDtvuFN&index=4', 'thought', 'img/thumpnail01.jpeg', 0),
(5, 'Winner In Olympic', 'Olympic winner in 2023', 'https://www.youtube.com/watch?v=tujqRqHT1Qs&list=PLJx23jPZ2MP7NWSeGXb3mT3EkoeDtvuFN&index=4', 'performer', 'img/winner.jpeg', 0),
(6, 'Annual Day', 'Annual day Celebration', 'https://www.facebook.com/gracecoengg/videos/238633114684864/', ' news', 'annual.peg', 0),
(8, 'attendance report  ', 'UG and PG report published ', 'https://stucor.in/study-materials-annauniv/', 'news', 'img/report .jpeg', 0),
(9, 'college day', 'college day on 06-03-2023', 'null', 'events', 'img/college.jpeg', 0),
(10, 'symposium ', 'symposium on 06-03-2023', 'null', 'circular', 'img/scircular.jpeg', 0),
(11, 'Workshop', 'Workshop of the day - 01 ', 'https://www.facebook.com/gracecoengg/videos/1346897965840026/', 'events', 'img/Workshop .jpeg', 0),
(12, 'thought of the day', 'thought of the day - 02', 'https://www.youtube.com/watch?v=tujqRqHT1Qs&list=PLJx23jPZ2MP7NWSeGXb3mT3EkoeDtvuFN&index=4', 'thought-02', 'img/thumpnail02.jpeg', 0),
(13, 'thought of the day', 'thought of the day - 03', 'https://www.youtube.com/watch?v=tujqRqHT1Qs&list=PLJx23jPZ2MP7NWSeGXb3mT3EkoeDtvuFN&index=4', 'thought-03', 'img/thumpnail03.jpeg', 0),
(14, 'thought of the day', 'thought of the day - 04', 'https://www.youtube.com/watch?v=tujqRqHT1Qs&list=PLJx23jPZ2MP7NWSeGXb3mT3EkoeDtvuFN&index=4', 'thought-04', 'img/thumpnail04.jpeg', 0),
(15, 'thought of the day', 'thought of the day - 05', 'https://www.youtube.com/watch?v=tujqRqHT1Qs&list=PLJx23jPZ2MP7NWSeGXb3mT3EkoeDtvuFN&index=4', 'thought-05', 'img/thumpnail05.jpeg', 0),
(16, 'sports day-02', 'sports day on 06-08-2023', 'null', 'events-02', 'img/sportsbroucher2.jpeg', 0),
(17, 'sports day-03', 'sports day on 06-08-2024', 'null', 'events-03', 'img/sportsbroucher3.jpeg', 0),
(18, 'sports day-04', 'sports day on 0-08-2025', 'null', 'events-04', 'img/sportsbroucher4.jpeg', 0),
(19, 'sports day-05', 'sports day on 05-08-2026', 'null', 'events-05', 'img/sportsbroucher5.jpeg', 0),
(20, 'sports day-07', 'sports day on 09-08-2025', 'null', 'events-07', 'img/sportsbroucher7.jpeg', 0),
(21, 'sports day-06', 'sports day on 12-08-2026', 'null', 'events-06', 'img/sportsbroucher6.jpeg', 0),
(22, 'leave announcement-2', 'leave on 07-04-2023', 'null', 'circular', 'img/circular2.jpeg', 0),
(23, 'leave announcement-3', 'leave on 08-05-2023', 'null', 'circular', 'img/circular3.jpeg', 0),
(24, 'leave announcement-4', 'leave on 09-06-2023', 'null', 'circular', 'img/circular4.jpeg', 0),
(25, 'Rank Holder', 'Rank Holder in 2020', 'https://www.youtube.com/watch?v=tujqRqHT1Qs&list=PLJx23jPZ2MP7NWSeGXb3mT3EkoeDtvuFN&index=4', 'performer', 'img/Rank Holder.jpeg', 0),
(26, 'Rank Holder-2', 'Rank Holder in 2021', 'https://www.youtube.com/watch?v=tujqRqHT1Qs&list=PLJx23jPZ2MP7NWSeGXb3mT3EkoeDtvuFN&index=4', 'performer', 'img/Rank Holder-1.jpeg', 0),
(27, 'Rank Holder-3', 'Rank Holder in 2022', 'https://www.youtube.com/watch?v=tujqRqHT1Qs&list=PLJx23jPZ2MP7NWSeGXb3mT3EkoeDtvuFN&index=4', 'performer', 'img/Rank Holder-2.jpeg', 0),
(28, 'Rank Holder-3', 'Rank Holder in 2023', 'https://www.youtube.com/watch?v=tujqRqHT1Qs&list=PLJx23jPZ2MP7NWSeGXb3mT3EkoeDtvuFN&index=4', 'performer', 'img/Rank Holder-3.jpeg', 0),
(1, 'result published', 'UG and PG result published ', 'https://stucor.in/study-materials-annauniv/', 'news', 'img/stucor.jpeg', 0),
(2, 'sports day', 'sports day on 06-03-2023', 'null', 'events', 'img/sportsbroucher.jpeg', 0),
(3, 'leave announcement', 'leave on 06-03-2023', 'null', 'circular', 'img/circular.jpeg', 0),
(4, 'thought of the day', 'thought of the day - 01', 'https://www.youtube.com/watch?v=tujqRqHT1Qs&list=PLJx23jPZ2MP7NWSeGXb3mT3EkoeDtvuFN&index=4', 'thought', 'img/thumpnail01.jpeg', 0),
(5, 'Winner In Olympic', 'Olympic winner in 2023', 'https://www.youtube.com/watch?v=tujqRqHT1Qs&list=PLJx23jPZ2MP7NWSeGXb3mT3EkoeDtvuFN&index=4', 'performer', 'img/winner.jpeg', 0),
(6, 'Annual Day', 'Annual day Celebration', 'https://www.facebook.com/gracecoengg/videos/238633114684864/', ' news', 'annual.peg', 0),
(8, 'attendance report  ', 'UG and PG report published ', 'https://stucor.in/study-materials-annauniv/', 'news', 'img/report .jpeg', 0),
(9, 'college day', 'college day on 06-03-2023', 'null', 'events', 'img/college.jpeg', 0),
(10, 'symposium ', 'symposium on 06-03-2023', 'null', 'circular', 'img/scircular.jpeg', 0),
(11, 'Workshop', 'Workshop of the day - 01 ', 'https://www.facebook.com/gracecoengg/videos/1346897965840026/', 'events', 'img/Workshop .jpeg', 0),
(12, 'thought of the day', 'thought of the day - 02', 'https://www.youtube.com/watch?v=tujqRqHT1Qs&list=PLJx23jPZ2MP7NWSeGXb3mT3EkoeDtvuFN&index=4', 'thought-02', 'img/thumpnail02.jpeg', 0),
(13, 'thought of the day', 'thought of the day - 03', 'https://www.youtube.com/watch?v=tujqRqHT1Qs&list=PLJx23jPZ2MP7NWSeGXb3mT3EkoeDtvuFN&index=4', 'thought-03', 'img/thumpnail03.jpeg', 0),
(14, 'thought of the day', 'thought of the day - 04', 'https://www.youtube.com/watch?v=tujqRqHT1Qs&list=PLJx23jPZ2MP7NWSeGXb3mT3EkoeDtvuFN&index=4', 'thought-04', 'img/thumpnail04.jpeg', 0),
(15, 'thought of the day', 'thought of the day - 05', 'https://www.youtube.com/watch?v=tujqRqHT1Qs&list=PLJx23jPZ2MP7NWSeGXb3mT3EkoeDtvuFN&index=4', 'thought-05', 'img/thumpnail05.jpeg', 0),
(16, 'sports day-02', 'sports day on 06-08-2023', 'null', 'events-02', 'img/sportsbroucher2.jpeg', 0),
(17, 'sports day-03', 'sports day on 06-08-2024', 'null', 'events-03', 'img/sportsbroucher3.jpeg', 0),
(18, 'sports day-04', 'sports day on 0-08-2025', 'null', 'events-04', 'img/sportsbroucher4.jpeg', 0),
(19, 'sports day-05', 'sports day on 05-08-2026', 'null', 'events-05', 'img/sportsbroucher5.jpeg', 0),
(20, 'sports day-07', 'sports day on 09-08-2025', 'null', 'events-07', 'img/sportsbroucher7.jpeg', 0),
(21, 'sports day-06', 'sports day on 12-08-2026', 'null', 'events-06', 'img/sportsbroucher6.jpeg', 0),
(22, 'leave announcement-2', 'leave on 07-04-2023', 'null', 'circular', 'img/circular2.jpeg', 0),
(23, 'leave announcement-3', 'leave on 08-05-2023', 'null', 'circular', 'img/circular3.jpeg', 0),
(24, 'leave announcement-4', 'leave on 09-06-2023', 'null', 'circular', 'img/circular4.jpeg', 0),
(25, 'Rank Holder', 'Rank Holder in 2020', 'https://www.youtube.com/watch?v=tujqRqHT1Qs&list=PLJx23jPZ2MP7NWSeGXb3mT3EkoeDtvuFN&index=4', 'performer', 'img/Rank Holder.jpeg', 0),
(26, 'Rank Holder-2', 'Rank Holder in 2021', 'https://www.youtube.com/watch?v=tujqRqHT1Qs&list=PLJx23jPZ2MP7NWSeGXb3mT3EkoeDtvuFN&index=4', 'performer', 'img/Rank Holder-1.jpeg', 0),
(27, 'Rank Holder-3', 'Rank Holder in 2022', 'https://www.youtube.com/watch?v=tujqRqHT1Qs&list=PLJx23jPZ2MP7NWSeGXb3mT3EkoeDtvuFN&index=4', 'performer', 'img/Rank Holder-2.jpeg', 0),
(28, 'Rank Holder-3', 'Rank Holder in 2023', 'https://www.youtube.com/watch?v=tujqRqHT1Qs&list=PLJx23jPZ2MP7NWSeGXb3mT3EkoeDtvuFN&index=4', 'performer', 'img/Rank Holder-3.jpeg', 0),
(1, 'result published', 'UG and PG result published ', 'https://stucor.in/study-materials-annauniv/', 'news', 'img/stucor.jpeg', 0),
(2, 'sports day', 'sports day on 06-03-2023', 'null', 'events', 'img/sportsbroucher.jpeg', 0),
(3, 'leave announcement', 'leave on 06-03-2023', 'null', 'circular', 'img/circular.jpeg', 0),
(4, 'thought of the day', 'thought of the day - 01', 'https://www.youtube.com/watch?v=tujqRqHT1Qs&list=PLJx23jPZ2MP7NWSeGXb3mT3EkoeDtvuFN&index=4', 'thought', 'img/thumpnail01.jpeg', 0),
(5, 'Winner In Olympic', 'Olympic winner in 2023', 'https://www.youtube.com/watch?v=tujqRqHT1Qs&list=PLJx23jPZ2MP7NWSeGXb3mT3EkoeDtvuFN&index=4', 'performer', 'img/winner.jpeg', 0),
(6, 'Annual Day', 'Annual day Celebration', 'https://www.facebook.com/gracecoengg/videos/238633114684864/', ' news', 'annual.peg', 0),
(8, 'attendance report  ', 'UG and PG report published ', 'https://stucor.in/study-materials-annauniv/', 'news', 'img/report .jpeg', 0),
(9, 'college day', 'college day on 06-03-2023', 'null', 'events', 'img/college.jpeg', 0),
(10, 'symposium ', 'symposium on 06-03-2023', 'null', 'circular', 'img/scircular.jpeg', 0),
(11, 'Workshop', 'Workshop of the day - 01 ', 'https://www.facebook.com/gracecoengg/videos/1346897965840026/', 'events', 'img/Workshop .jpeg', 0),
(12, 'thought of the day', 'thought of the day - 02', 'https://www.youtube.com/watch?v=tujqRqHT1Qs&list=PLJx23jPZ2MP7NWSeGXb3mT3EkoeDtvuFN&index=4', 'thought-02', 'img/thumpnail02.jpeg', 0),
(13, 'thought of the day', 'thought of the day - 03', 'https://www.youtube.com/watch?v=tujqRqHT1Qs&list=PLJx23jPZ2MP7NWSeGXb3mT3EkoeDtvuFN&index=4', 'thought-03', 'img/thumpnail03.jpeg', 0),
(14, 'thought of the day', 'thought of the day - 04', 'https://www.youtube.com/watch?v=tujqRqHT1Qs&list=PLJx23jPZ2MP7NWSeGXb3mT3EkoeDtvuFN&index=4', 'thought-04', 'img/thumpnail04.jpeg', 0),
(15, 'thought of the day', 'thought of the day - 05', 'https://www.youtube.com/watch?v=tujqRqHT1Qs&list=PLJx23jPZ2MP7NWSeGXb3mT3EkoeDtvuFN&index=4', 'thought-05', 'img/thumpnail05.jpeg', 0),
(16, 'sports day-02', 'sports day on 06-08-2023', 'null', 'events-02', 'img/sportsbroucher2.jpeg', 0),
(17, 'sports day-03', 'sports day on 06-08-2024', 'null', 'events-03', 'img/sportsbroucher3.jpeg', 0),
(18, 'sports day-04', 'sports day on 0-08-2025', 'null', 'events-04', 'img/sportsbroucher4.jpeg', 0),
(19, 'sports day-05', 'sports day on 05-08-2026', 'null', 'events-05', 'img/sportsbroucher5.jpeg', 0),
(20, 'sports day-07', 'sports day on 09-08-2025', 'null', 'events-07', 'img/sportsbroucher7.jpeg', 0),
(21, 'sports day-06', 'sports day on 12-08-2026', 'null', 'events-06', 'img/sportsbroucher6.jpeg', 0),
(22, 'leave announcement-2', 'leave on 07-04-2023', 'null', 'circular', 'img/circular2.jpeg', 0),
(23, 'leave announcement-3', 'leave on 08-05-2023', 'null', 'circular', 'img/circular3.jpeg', 0),
(24, 'leave announcement-4', 'leave on 09-06-2023', 'null', 'circular', 'img/circular4.jpeg', 0),
(25, 'Rank Holder', 'Rank Holder in 2020', 'https://www.youtube.com/watch?v=tujqRqHT1Qs&list=PLJx23jPZ2MP7NWSeGXb3mT3EkoeDtvuFN&index=4', 'performer', 'img/Rank Holder.jpeg', 0),
(26, 'Rank Holder-2', 'Rank Holder in 2021', 'https://www.youtube.com/watch?v=tujqRqHT1Qs&list=PLJx23jPZ2MP7NWSeGXb3mT3EkoeDtvuFN&index=4', 'performer', 'img/Rank Holder-1.jpeg', 0),
(27, 'Rank Holder-3', 'Rank Holder in 2022', 'https://www.youtube.com/watch?v=tujqRqHT1Qs&list=PLJx23jPZ2MP7NWSeGXb3mT3EkoeDtvuFN&index=4', 'performer', 'img/Rank Holder-2.jpeg', 0),
(28, 'Rank Holder-3', 'Rank Holder in 2023', 'https://www.youtube.com/watch?v=tujqRqHT1Qs&list=PLJx23jPZ2MP7NWSeGXb3mT3EkoeDtvuFN&index=4', 'performer', 'img/Rank Holder-3.jpeg', 0),
(1, 'result published', 'UG and PG result published ', 'https://stucor.in/study-materials-annauniv/', 'news', 'img/stucor.jpeg', 0),
(2, 'sports day', 'sports day on 06-03-2023', 'null', 'events', 'img/sportsbroucher.jpeg', 0),
(3, 'leave announcement', 'leave on 06-03-2023', 'null', 'circular', 'img/circular.jpeg', 0),
(4, 'thought of the day', 'thought of the day - 01', 'https://www.youtube.com/watch?v=tujqRqHT1Qs&list=PLJx23jPZ2MP7NWSeGXb3mT3EkoeDtvuFN&index=4', 'thought', 'img/thumpnail01.jpeg', 0),
(5, 'Winner In Olympic', 'Olympic winner in 2023', 'https://www.youtube.com/watch?v=tujqRqHT1Qs&list=PLJx23jPZ2MP7NWSeGXb3mT3EkoeDtvuFN&index=4', 'performer', 'img/winner.jpeg', 0),
(6, 'Annual Day', 'Annual day Celebration', 'https://www.facebook.com/gracecoengg/videos/238633114684864/', ' news', 'annual.peg', 0),
(8, 'attendance report  ', 'UG and PG report published ', 'https://stucor.in/study-materials-annauniv/', 'news', 'img/report .jpeg', 0),
(9, 'college day', 'college day on 06-03-2023', 'null', 'events', 'img/college.jpeg', 0),
(10, 'symposium ', 'symposium on 06-03-2023', 'null', 'circular', 'img/scircular.jpeg', 0),
(11, 'Workshop', 'Workshop of the day - 01 ', 'https://www.facebook.com/gracecoengg/videos/1346897965840026/', 'events', 'img/Workshop .jpeg', 0),
(12, 'thought of the day', 'thought of the day - 02', 'https://www.youtube.com/watch?v=tujqRqHT1Qs&list=PLJx23jPZ2MP7NWSeGXb3mT3EkoeDtvuFN&index=4', 'thought-02', 'img/thumpnail02.jpeg', 0),
(13, 'thought of the day', 'thought of the day - 03', 'https://www.youtube.com/watch?v=tujqRqHT1Qs&list=PLJx23jPZ2MP7NWSeGXb3mT3EkoeDtvuFN&index=4', 'thought-03', 'img/thumpnail03.jpeg', 0),
(14, 'thought of the day', 'thought of the day - 04', 'https://www.youtube.com/watch?v=tujqRqHT1Qs&list=PLJx23jPZ2MP7NWSeGXb3mT3EkoeDtvuFN&index=4', 'thought-04', 'img/thumpnail04.jpeg', 0),
(15, 'thought of the day', 'thought of the day - 05', 'https://www.youtube.com/watch?v=tujqRqHT1Qs&list=PLJx23jPZ2MP7NWSeGXb3mT3EkoeDtvuFN&index=4', 'thought-05', 'img/thumpnail05.jpeg', 0),
(16, 'sports day-02', 'sports day on 06-08-2023', 'null', 'events-02', 'img/sportsbroucher2.jpeg', 0),
(17, 'sports day-03', 'sports day on 06-08-2024', 'null', 'events-03', 'img/sportsbroucher3.jpeg', 0),
(18, 'sports day-04', 'sports day on 0-08-2025', 'null', 'events-04', 'img/sportsbroucher4.jpeg', 0),
(19, 'sports day-05', 'sports day on 05-08-2026', 'null', 'events-05', 'img/sportsbroucher5.jpeg', 0),
(20, 'sports day-07', 'sports day on 09-08-2025', 'null', 'events-07', 'img/sportsbroucher7.jpeg', 0),
(21, 'sports day-06', 'sports day on 12-08-2026', 'null', 'events-06', 'img/sportsbroucher6.jpeg', 0),
(22, 'leave announcement-2', 'leave on 07-04-2023', 'null', 'circular', 'img/circular2.jpeg', 0),
(23, 'leave announcement-3', 'leave on 08-05-2023', 'null', 'circular', 'img/circular3.jpeg', 0),
(24, 'leave announcement-4', 'leave on 09-06-2023', 'null', 'circular', 'img/circular4.jpeg', 0),
(25, 'Rank Holder', 'Rank Holder in 2020', 'https://www.youtube.com/watch?v=tujqRqHT1Qs&list=PLJx23jPZ2MP7NWSeGXb3mT3EkoeDtvuFN&index=4', 'performer', 'img/Rank Holder.jpeg', 0),
(26, 'Rank Holder-2', 'Rank Holder in 2021', 'https://www.youtube.com/watch?v=tujqRqHT1Qs&list=PLJx23jPZ2MP7NWSeGXb3mT3EkoeDtvuFN&index=4', 'performer', 'img/Rank Holder-1.jpeg', 0),
(27, 'Rank Holder-3', 'Rank Holder in 2022', 'https://www.youtube.com/watch?v=tujqRqHT1Qs&list=PLJx23jPZ2MP7NWSeGXb3mT3EkoeDtvuFN&index=4', 'performer', 'img/Rank Holder-2.jpeg', 0),
(28, 'Rank Holder-3', 'Rank Holder in 2023', 'https://www.youtube.com/watch?v=tujqRqHT1Qs&list=PLJx23jPZ2MP7NWSeGXb3mT3EkoeDtvuFN&index=4', 'performer', 'img/Rank Holder-3.jpeg', 0);

-- --------------------------------------------------------

--
-- Table structure for table `erp_n_circular`
--

CREATE TABLE `erp_n_circular` (
  `news_id` bigint(20) DEFAULT NULL,
  `news_title` varchar(20) DEFAULT NULL,
  `news_desc` varchar(200) DEFAULT NULL,
  `news_link` varchar(200) DEFAULT NULL,
  `news_type` varchar(200) DEFAULT NULL,
  `news_img` varchar(200) DEFAULT NULL
) ENGINE=InnoDB DEFAULT CHARSET=utf8mb4 COLLATE=utf8mb4_general_ci;

-- --------------------------------------------------------

--
-- Table structure for table `erp_n_event`
--

CREATE TABLE `erp_n_event` (
  `news_id` bigint(20) DEFAULT NULL,
  `news_title` varchar(20) DEFAULT NULL,
  `news_desc` varchar(200) DEFAULT NULL,
  `news_link` varchar(200) DEFAULT NULL,
  `news_type` varchar(200) DEFAULT NULL,
  `news_img` varchar(200) DEFAULT NULL
) ENGINE=InnoDB DEFAULT CHARSET=utf8mb4 COLLATE=utf8mb4_general_ci;

-- --------------------------------------------------------

--
-- Table structure for table `erp_n_news`
--

CREATE TABLE `erp_n_news` (
  `news_id` bigint(20) DEFAULT NULL,
  `news_title` varchar(20) DEFAULT NULL,
  `news_desc` varchar(200) DEFAULT NULL,
  `news_link` varchar(200) DEFAULT NULL,
  `news_type` varchar(200) DEFAULT NULL,
  `news_img` varchar(200) DEFAULT NULL
) ENGINE=InnoDB DEFAULT CHARSET=utf8mb4 COLLATE=utf8mb4_general_ci;

-- --------------------------------------------------------

--
-- Table structure for table `erp_n_performer`
--

CREATE TABLE `erp_n_performer` (
  `news_id` bigint(20) DEFAULT NULL,
  `news_title` varchar(20) DEFAULT NULL,
  `news_desc` varchar(200) DEFAULT NULL,
  `news_link` varchar(200) DEFAULT NULL,
  `news_type` varchar(200) DEFAULT NULL,
  `news_img` varchar(200) DEFAULT NULL
) ENGINE=InnoDB DEFAULT CHARSET=utf8mb4 COLLATE=utf8mb4_general_ci;

-- --------------------------------------------------------

--
-- Table structure for table `erp_n_thought`
--

CREATE TABLE `erp_n_thought` (
  `news_id` bigint(20) DEFAULT NULL,
  `news_title` varchar(20) DEFAULT NULL,
  `news_desc` varchar(200) DEFAULT NULL,
  `news_link` varchar(200) DEFAULT NULL,
  `news_type` varchar(200) DEFAULT NULL,
  `news_img` varchar(200) DEFAULT NULL
) ENGINE=InnoDB DEFAULT CHARSET=utf8mb4 COLLATE=utf8mb4_general_ci;

-- --------------------------------------------------------

--
-- Table structure for table `erp_role`
--

CREATE TABLE `erp_role` (
  `r_id` bigint(20) NOT NULL COMMENT 'role id',
  `r_rolename` varchar(30) NOT NULL COMMENT 'role name',
  `r_access` varchar(300) NOT NULL COMMENT 'role access',
  `r_desc` varchar(307) NOT NULL COMMENT 'role description'
) ENGINE=InnoDB DEFAULT CHARSET=utf8mb4 COLLATE=utf8mb4_general_ci;

--
-- Dumping data for table `erp_role`
--

INSERT INTO `erp_role` (`r_id`, `r_rolename`, `r_access`, `r_desc`) VALUES
(1, 'Admin', 'Overall Activities', '0'),
(2, 'HOD', 'Homepage Manage', '0'),
(3, 'Advisor', 'Attendance', '0'),
(4, 'Staff', 'Mark', '0'),
(5, 'Student', 'View the result,mark,attendanc', '0');

-- --------------------------------------------------------

--
-- Table structure for table `erp_schedule`
--

CREATE TABLE `erp_schedule` (
  `sc_id` bigint(30) NOT NULL COMMENT 'scedule id',
  `sc_frdate` date NOT NULL COMMENT 'schedule from date',
  `sc_todate` date NOT NULL COMMENT 'schedule to date',
  `class_id` bigint(20) NOT NULL COMMENT 'class id',
  `type_id` int(10) NOT NULL COMMENT 'type id'
) ENGINE=InnoDB DEFAULT CHARSET=utf8mb4 COLLATE=utf8mb4_general_ci;

--
-- Dumping data for table `erp_schedule`
--

INSERT INTO `erp_schedule` (`sc_id`, `sc_frdate`, `sc_todate`, `class_id`, `type_id`) VALUES
(1, '2023-03-20', '2023-05-05', 1, 1),
(2, '2023-03-20', '2023-05-05', 11, 1),
(3, '2023-03-20', '2023-05-05', 2, 1),
(4, '2023-03-20', '2023-05-05', 10, 1),
(5, '2023-03-20', '2023-05-05', 9, 1),
(6, '2023-03-20', '2023-05-05', 16, 1),
(7, '2023-03-20', '2023-05-05', 18, 1),
(8, '2023-03-20', '2023-05-05', 7, 1),
(9, '2023-03-20', '2023-05-05', 20, 1),
(10, '2023-03-20', '2023-05-05', 8, 1),
(11, '2023-03-20', '2023-05-05', 24, 1),
(12, '2023-03-20', '2023-05-05', 4, 1);

-- --------------------------------------------------------

--
-- Table structure for table `erp_student`
--

CREATE TABLE `erp_student` (
  `stu_id` varchar(24) NOT NULL COMMENT 'student id',
  `cls_id` bigint(20) NOT NULL COMMENT 'class id',
  `fee_id` int(10) NOT NULL COMMENT 'fee id (refer fee table)',
  `stu_dob` date NOT NULL COMMENT 'student date of birth',
  `stu_fname` varchar(20) NOT NULL COMMENT 'student first name',
  `stu_lname` varchar(20) NOT NULL COMMENT 'student last name ',
  `r_rolename` varchar(30) NOT NULL COMMENT 'Student Role',
  `stu_img` varchar(500) NOT NULL COMMENT 'student image',
  `stu_gender` varchar(10) NOT NULL COMMENT 'student gender',
  `stu_height` varchar(20) NOT NULL COMMENT 'height (in cm)',
  `stu_weight` varchar(20) NOT NULL COMMENT 'weight (in kg)',
  `stu_mobile` varchar(20) NOT NULL COMMENT 'student mobile number',
  `stu_fmobile` varchar(20) NOT NULL COMMENT 'student father mobile number',
  `stu_mmobile` varchar(20) NOT NULL COMMENT 'student mother mobile number',
  `stu_gmobile` varchar(20) NOT NULL COMMENT 'student guardian mobile number',
  `stu_admno` varchar(20) NOT NULL COMMENT 'student admission number',
  `stu_aadhar` varchar(20) NOT NULL COMMENT 'student aadhar number',
  `stu_padd` varchar(50) NOT NULL COMMENT 'student personal address',
  `stu_city` varchar(20) NOT NULL COMMENT 'student city',
  `stu_state` varchar(20) NOT NULL COMMENT 'student state',
  `stu_zip` varchar(20) NOT NULL COMMENT 'student zip code',
  `stu_idmark` varchar(100) NOT NULL COMMENT 'student identification mark',
  `stu_mlang` varchar(20) NOT NULL COMMENT 'student mother language',
  `stu_klang` varchar(20) NOT NULL COMMENT 'student known language',
  `stu_bloodgrp` varchar(20) NOT NULL COMMENT 'student blood group',
  `stu_email` varchar(30) NOT NULL COMMENT 'student email',
  `stu_hobbies` varchar(100) NOT NULL COMMENT 'student hobbies',
  `stu_nationality` varchar(30) NOT NULL COMMENT 'student nationality',
  `stu_religion` varchar(20) NOT NULL COMMENT 'student religion',
  `stu_caste` varchar(20) NOT NULL COMMENT 'student caste',
  `stu_community` varchar(20) NOT NULL COMMENT 'student community',
  `stu_quota` varchar(20) NOT NULL COMMENT 'student quota',
  `stu_father` varchar(50) NOT NULL COMMENT 'student father name',
  `stu_mother` varchar(50) NOT NULL COMMENT 'student mother name',
  `stu_guardian` varchar(30) NOT NULL COMMENT 'student guardian name',
  `stu_motherimg` varchar(500) NOT NULL COMMENT 'student mother image',
  `stu_fatherimg` varchar(500) NOT NULL COMMENT 'student father image',
  `stu_guardianimg` varchar(500) NOT NULL COMMENT 'student guardian image',
  `stu_foccupation` varchar(30) NOT NULL COMMENT 'student father occupation',
  `stu_moccupation` varchar(30) NOT NULL COMMENT 'student mother occupation',
  `stu_fqualification` varchar(30) NOT NULL COMMENT 'student father qualification',
  `stu_doj` date NOT NULL COMMENT 'student date of join',
  `stu_transport` varchar(30) NOT NULL COMMENT 'student transport(yes/no)',
  `stu_hostel` varchar(10) NOT NULL COMMENT 'student hostel(yes/no)',
  `h_id` int(20) NOT NULL COMMENT 'hostel id',
  `stu_roomno` varchar(20) NOT NULL COMMENT 'hostel room number',
  `stu_disability` varchar(20) NOT NULL COMMENT 'student disability (yes/no)',
  `stu_disid` varchar(50) NOT NULL COMMENT 'disability id card no',
  `stu_distype` varchar(80) NOT NULL COMMENT 'disability type',
  `stu_disper` int(100) NOT NULL COMMENT 'disability percentage',
  `stu_pdoctor` varchar(50) NOT NULL COMMENT 'student personal doctor name',
  `stu_pdoctorno` varchar(20) NOT NULL COMMENT 'personal doctor no',
  `stu_bp` varchar(20) NOT NULL COMMENT 'blood pressure',
  `stu_visionL` varchar(20) NOT NULL COMMENT 'vision Left',
  `stu_visionR` varchar(20) NOT NULL COMMENT 'vision right',
  `stu_pulse` varchar(20) NOT NULL COMMENT 'pulse',
  `stu_squint` varchar(20) NOT NULL COMMENT 'squint detail',
  `stu_pallor` varchar(20) NOT NULL COMMENT 'pallor ',
  `stu_eyecon` varchar(20) NOT NULL COMMENT 'detail of eye contion',
  `stu_dentalcon` varchar(50) NOT NULL COMMENT 'detail of dental condition',
  `stu_healthcon` varchar(50) NOT NULL COMMENT 'details of health condition',
  `stu_comments` varchar(100) NOT NULL COMMENT 'comments',
  `stu_ppno` varchar(30) NOT NULL COMMENT 'passport no',
  `stu_ppissueat` varchar(50) NOT NULL COMMENT 'passport issue at',
  `stu_ppexpdate` date DEFAULT NULL COMMENT 'passport expiry date',
  `stu_visa` varchar(500) NOT NULL COMMENT 'passport visa details',
  `stu_issuedate` varchar(30) NOT NULL COMMENT 'passport issue date',
  `stu_visano` varchar(30) NOT NULL COMMENT 'passport visa number',
  `stu_visaexpdate` date DEFAULT NULL COMMENT 'visa expiry date',
  `stu_10thmark` int(10) NOT NULL COMMENT '10th mark',
  `stu_12thmark` int(10) NOT NULL COMMENT '12th mark',
  `stu_comcerno` varchar(30) NOT NULL COMMENT 'community certficate no',
  `stu_10theno` varchar(20) NOT NULL COMMENT '10th exam number',
  `stu_12theno` varchar(20) NOT NULL COMMENT '12th exam number',
  `stu_income` int(20) NOT NULL COMMENT 'annual income',
  `stu_inccerno` varchar(30) NOT NULL COMMENT 'Income certificate number',
  `stu_orphan` varchar(10) NOT NULL COMMENT 'orphan(yes/no)',
  `stu_fg` varchar(11) NOT NULL COMMENT 'first graduate (yes/no)',
  `stu_splcat` varchar(50) NOT NULL COMMENT 'student special category (sports/ex-service man)',
  `stu_nameasbank` varchar(100) NOT NULL COMMENT 'student name as in bank account',
  `stu_bankname` varchar(20) NOT NULL COMMENT 'bank name',
  `stu_brancename` varchar(20) NOT NULL COMMENT 'branch name',
  `stu_lateral` varchar(20) NOT NULL COMMENT 'lateral (yes/no)',
  `stu_coursetype` varchar(20) NOT NULL COMMENT 'course type (regular/part-time)',
  `stu_councellingno` varchar(20) NOT NULL COMMENT 'student councelling no',
  `stu_hosteltype` varchar(20) NOT NULL COMMENT 'hostler type (free/paid)',
  `stu_accno` varchar(30) NOT NULL COMMENT 'student account number',
  `stu_ifsc` varchar(30) NOT NULL COMMENT 'student ifsc number',
  `stu_status` varchar(20) NOT NULL COMMENT 'student status (active/dropout/discontinued)'
) ENGINE=InnoDB DEFAULT CHARSET=utf8mb4 COLLATE=utf8mb4_general_ci;

--
-- Dumping data for table `erp_student`
--

INSERT INTO `erp_student` (`stu_id`, `cls_id`, `fee_id`, `stu_dob`, `stu_fname`, `stu_lname`, `r_rolename`, `stu_img`, `stu_gender`, `stu_height`, `stu_weight`, `stu_mobile`, `stu_fmobile`, `stu_mmobile`, `stu_gmobile`, `stu_admno`, `stu_aadhar`, `stu_padd`, `stu_city`, `stu_state`, `stu_zip`, `stu_idmark`, `stu_mlang`, `stu_klang`, `stu_bloodgrp`, `stu_email`, `stu_hobbies`, `stu_nationality`, `stu_religion`, `stu_caste`, `stu_community`, `stu_quota`, `stu_father`, `stu_mother`, `stu_guardian`, `stu_motherimg`, `stu_fatherimg`, `stu_guardianimg`, `stu_foccupation`, `stu_moccupation`, `stu_fqualification`, `stu_doj`, `stu_transport`, `stu_hostel`, `h_id`, `stu_roomno`, `stu_disability`, `stu_disid`, `stu_distype`, `stu_disper`, `stu_pdoctor`, `stu_pdoctorno`, `stu_bp`, `stu_visionL`, `stu_visionR`, `stu_pulse`, `stu_squint`, `stu_pallor`, `stu_eyecon`, `stu_dentalcon`, `stu_healthcon`, `stu_comments`, `stu_ppno`, `stu_ppissueat`, `stu_ppexpdate`, `stu_visa`, `stu_issuedate`, `stu_visano`, `stu_visaexpdate`, `stu_10thmark`, `stu_12thmark`, `stu_comcerno`, `stu_10theno`, `stu_12theno`, `stu_income`, `stu_inccerno`, `stu_orphan`, `stu_fg`, `stu_splcat`, `stu_nameasbank`, `stu_bankname`, `stu_brancename`, `stu_lateral`, `stu_coursetype`, `stu_councellingno`, `stu_hosteltype`, `stu_accno`, `stu_ifsc`, `stu_status`) VALUES
('2021AE01', 3, 61, '2003-09-07', 'kumara', 'Vel', 'Student', 'img/Vel.jpg', 'Male', '164', '50', '121212221', '2222222222', '44444444444', '66666666666', '12546788098', '545454548787', '1h/882 housing board', 'Ramanathapuram', 'tamilnadu', '628753', 'scare in hand', 'tamil', 'english', 'A', 'kumar@gmail.com', 'speech', 'india', 'hindu', '-', 'MBC', 'Management', 'Raja', 'Rani', 'Raja guardian', 'img/bmom.jpg', 'img/fdad.jpg', 'img/bgaurd.jpg', 'coolie', 'coolie', '10th', '2020-11-11', 'No', 'No', 0, 'No', 'no', 'No', 'No', 0, 'No', '7869045678', '86', 'good', 'good', '80', 'no', 'no', 'good', 'good', 'normal', 'talented boy', '43895456', 'udangudi', '2023-06-22', 'Passport Active', '20/3/2023', '45795498', '2025-03-13', 460, 520, '875378355', '78996438', '68455342', 10, '-', 'no', 'no', 'Sports', 'Kumaravel', 'TMB BANK', 'THOOTHUKUDI', 'NO', 'Part_time', 'AU876756', 'PAID', '982787283821', 'TMB0001', 'active'),
('2021AE02', 3, 66, '2003-09-07', 'Rani', 'Devi', 'Student', 'img/rani.jpg', 'Female', '169', '50', '121212221', '2222222222', '44444444444', '66666666666', '12546788098', '545454548787', '1h/882 housing board', 'thirunelveli', 'tamilnadu', '628603', 'scare in hand', 'tamil', 'english', 'B', 'rani@gmail.com', 'speech,Dance', 'india', 'hindu', '-', 'sC', 'Management', 'Raja', 'Durga', 'lakshmi guardian', 'img/bmom.jpg', 'img/fdad.jpg', 'img/bgaurd.jpg', 'coolie', 'coolie', '10th', '2020-11-11', 'No', 'No', 0, 'No', 'no', 'No', 'No', 0, 'nil', '6734788347', '86', 'good', 'good', '80', 'no', 'no', 'good', 'good', 'normal', 'talented ', '43895456', 'udangudi', '2023-06-22', 'Passport Active', '20/3/2023', '45795498', '2025-03-13', 480, 590, '38675835', '46837634', '34785987', 10, '-', 'no', 'no', '-', 'Ranidevi', 'TMB BANK', 'THOOTHUKUDI', 'no', 'Part_time', 'AU543256', 'PAID', '982787283822', 'TMB0001', 'active'),
('2021CS02', 4, 55, '2003-05-07', 'Sangeetha', 'S', 'Student', 'img/sangeetha.jpg', 'Female', '175', '52', '121454344', '2222224567', '44444442345', '66666634346', '12546783456', '454554548787', '1h/882 housing board', 'Madurai', 'tamilnadu', '628043', 'scare in hand', 'tamil', 'english', 'O', 'sangeetha@gmail.com', 'speech', 'india', 'hindu', '-', 'SC', 'Management', 'Raju', 'Bama', 'Bharathi guardian', 'img/bmom.jpg', 'img/fdad.jpg', 'img/bgaurd.jpg', 'coolie', 'coolie', '10th', '2020-11-11', 'No', 'No', 0, 'NO', 'no', 'NO', 'NO', 0, 'nil', '7869045678', '89', 'good', 'good', '80', 'no', 'no', 'good', 'good', 'normal', 'talented ', '43895456', 'udangudi', '2023-06-22', 'Passport Active', '20/3/2023', '45795498', '2025-03-13', 480, 540, '37958353', '78996438', '53863672', 50, '-', 'no', 'no', '-', 'Sangeetha', 'TMB BANK', 'THOOTHUKUDI', 'no', 'Part_time', 'AU678909', 'PAID', '982787283823', 'TMB0001', 'active'),
('2021PS01', 5, 57, '2003-10-07', 'Muthu', 'Raj', 'Student', 'img/vivek.jpg', 'Male', '175', '65', '121215678', '2222562222', '44444445644', '66666666666', '12546788098', '545454548787', '1h/882 housing board', 'tuty', 'tamilnadu', '628008', 'scare in hand', 'tamil', 'english', 'A', 'muthu@gmail.com', 'speech,Drawing', 'india', 'hindu', '-', 'MBC', 'Management', 'Raj', 'Kumari', 'Vivek guardian', 'img/bmom.jpg', 'img/fdad.jpg', 'img/bgaurd.jpg', 'coolie', 'coolie', '10th', '2020-11-11', 'No', 'No', 0, 'No', 'no', 'No', 'no', 0, 'No', '4356478398', '92', 'good', 'good', '80', 'no', 'no', 'good', 'good', 'normal', 'talented ', '43895456', 'udangudi', '2023-10-22', 'Passport Active', '20/7/2023', '45793465', '2025-03-13', 420, 540, '35635553', '46837634', '68455342', 20, '-', 'no', 'no', '-', 'Muthuraj', 'TMB BANK', 'THOOTHUKUDI', 'no', 'Part_time', 'AU765432', 'PAID', '982787283824', 'TMB0001', 'active'),
('2021PS02', 5, 60, '2003-02-07', 'Gandhi', 'Raj', 'Student', 'img/gandhi.jpg', 'Male', '160', '56', '121212221', '2222222222', '44444444444', '66666666666', '12546788098', '545454548787', '1h/885 housing board', 'thirunelveli', 'tamilnadu', '628033', 'scare in hand', 'tamil', 'english', 'A', 'gandhi@gmail.com', 'speech', 'india', 'hindu', '-', 'BC', 'Management', 'bala', 'Lakshmi', 'soundar guardian', 'img/bmom.jpg', 'img/fdad.jpg', 'img/bgaurd.jpg', 'coolie', 'coolie', '10th', '2020-11-11', 'No', 'No', 0, 'NO', 'no', 'NO', 'NO', 0, 'nil', '4356478398', '89', 'good', 'good', '80', 'no', 'no', 'good', 'good', 'normal', 'talented ', '43895456', 'udangudi', '2023-10-22', 'Passport Active', '20/7/2023', '45793465', '2025-03-13', 460, 534, '53564643', '78996438', '53863672', 20, 'no', 'no', 'no', 'no', 'Gandhiraj', 'TMB BANK', 'THOOTHUKUDI', 'no', 'Part_time', 'AU765438', 'PAID', '982787283825', 'TMB0001', 'active'),
('2022MBA01', 6, 74, '2002-03-01', 'Ram', 'babu', 'Student', 'img/babu.jpg', 'Male', '169', '52', '121212121', '2222222222', '44444444444', '66666666666', '12546788098', '545454548787', '1h/882 housing board', 'tuty', 'tamilnadu', '628008', 'scare in hand', 'tamil', 'english', 'b+', 'babu@gmail.com', 'singing', 'india', 'hindu', '-', 'BC', 'Management', 'Jayaram', 'Vijaya', 'babu guardian', 'img/bmom.jpg', 'img/fdad.jpg', 'img/bgaurd.jpg', 'coolie', 'coolie', '10th', '2020-11-11', 'No', 'No', 0, 'No', 'no', 'No', 'No', 0, 'nil', '6734788347', '86', 'good', 'good', '80', 'no', 'no', 'good', 'good', 'normal', 'talented', '43895456', 'udangudi', '2023-06-22', '', '20/3/2023', '45795498', '2025-03-13', 420, 520, '45793465', '78996438', '68455342', 10000, '97675244', 'no', 'no', 'no', 'Rambabu', 'TMB BANK', 'THOOTHUKUDI', 'No', 'Part_time', 'AU65435', 'PAID', '35533535335', 'TMP0234', 'active'),
('2022MBA02', 6, 74, '2003-09-07', 'Kavitha', 'S', 'Student', 'img/kavitha.jpg', 'Female', '175', '60', '121212221', '2222222222', '44444444444', '66666666666', '12546788098', '545454548787', '1h/882 housing board', 'thirunelveli', 'tamilnadu', '628003', 'scare in hand', 'tamil', 'english', 'A', 'jero@gmail.com', 'speech', 'india', 'hindu', '-', 'BC', 'Management', 'Raju', 'Devi', 'jero guardian', 'img/bmom.jpg', 'img/fdad.jpg', 'img/bgaurd.jpg', 'coolie', 'coolie', '10th', '2020-11-11', 'No', 'No', 0, 'No', 'No', 'No', 'No', 0, 'nil', '4356478398', '89', 'good', 'good', '80', 'no', 'no', 'good', 'good', 'normal', 'talented', '43895456', 'udangudi', '2023-10-22', 'Passport Active', '20/7/2023', '45793465', '2025-03-13', 499, 596, '46437574', '78996438', '34785987', 6000, '343254743', 'no', 'no', 'no', 'Kavitha', 'Canara Bank', 'THOOTHUKUDI', 'No', 'Part_time', 'AU65436', 'PAID', '32352425346', 'CNR0023', 'active'),
('2022MBA03', 6, 74, '2001-01-07', 'Kabilan', 'l', 'Student', 'img/kabilan.jpg', 'Male', '175', '60', '121212221', '2222222222', '44444444444', '66666666666', '12546788098', '545454548787', '1h/882 housing board', 'thirunelveli', 'tamilnadu', '628003', 'scare in hand', 'tamil', 'english', 'B', 'jero@gmail.com', 'speech', 'india', 'hindu', '-', 'BC', 'Management', 'Raju', 'Devi', 'jero guardian', 'img/bmom.jpg', 'img/fdad.jpg', 'img/bgaurd.jpg', 'coolie', 'coolie', '10th', '2020-11-11', 'No', 'No', 0, 'No', 'no', 'No', 'No', 0, 'nil', '4356478398', '89', 'good', 'good', '80', 'no', 'no', 'good', 'good', 'normal', 'talented', '43895456', 'udangudi', '2023-10-22', 'Passport Active', '20/7/2023', '45793465', '2025-03-13', 499, 596, '26474726', '78996438', '34785987', 6000, '546574346', 'no', 'no', 'no', 'Kabilan', 'TMB BANK', 'THOOTHUKUDI', 'No', 'Part_time', 'AU65437', 'PAID', '35547686965', 'TMP0234', 'active'),
('2022MBA04', 6, 74, '2002-02-07', 'Ramya', 'M', 'Student', 'img/ramya.jpg', 'Female', '175', '60', '121212221', '2222222222', '44444444444', '66666666666', '12546788098', '545454548787', '1h/882 housing board', 'thirunelveli', 'tamilnadu', '628003', 'scare in hand', 'tamil', 'english', 'A', 'jero@gmail.com', 'speech', 'india', 'hindu', '-', 'BC', 'Management', 'Raju', 'Devi', 'jero guardian', 'img/bmom.jpg', 'img/fdad.jpg', 'img/bgaurd.jpg', 'coolie', 'coolie', '10th', '2020-11-11', 'No', 'No', 0, 'No', 'no', 'No', 'No', 0, 'nil', '4356478398', '89', 'good', 'good', '80', 'no', 'no', 'good', 'good', 'normal', 'talented', '43895456', 'udangudi', '2023-10-22', 'Passport Active', '20/7/2023', '45793465', '2025-03-13', 499, 596, '26477346', '78996438', '34785987', 6000, '325346573', 'no', 'no', 'no', 'Ramya', 'Canara Bank', 'THOOTHUKUDI', 'No', 'Part_time', 'AU65438', 'PAID', '5869655478', 'CNR0023', 'active'),
('2022MBA05', 6, 74, '2001-03-07', 'Roshini', 'N', 'Student', 'img/roshi.jpg', 'Female', '175', '60', '121212221', '2222222222', '44444444444', '66666666666', '12546788098', '545454548787', '1h/882 housing board', 'thirunelveli', 'tamilnadu', '628003', 'scare in hand', 'tamil', 'english', 'O', 'jero@gmail.com', 'speech', 'india', 'hindu', '-', 'BC', 'Management', 'Raju', 'Devi', 'jero guardian', 'img/bmom.jpg', 'img/fdad.jpg', 'img/bgaurd.jpg', 'coolie', 'coolie', '10th', '2020-11-11', 'No', 'No', 0, 'No', 'no', 'NO', 'No', 0, 'nil', '4356478398', '89', 'good', 'good', '80', 'no', 'no', 'good', 'good', 'normal', 'talented', '43895456', 'udangudi', '2023-10-22', 'Passport Active', '20/7/2023', '45793465', '2025-03-13', 499, 596, '264757266', '78996438', '34785987', 6000, '43254625', 'no', 'no', 'no', 'Roshini', 'TMB BANK', 'THOOTHUKUDI', 'No', 'Part_time', 'AU65439', 'PAID', '587868666611', 'TMP0234', 'active'),
('2022MBA06', 6, 76, '2002-04-07', 'Ravi', 'S', 'Student', 'img/rravi.jpg', 'Male', '175', '60', '121212221', '2222222222', '44444444444', '66666666666', '12546788098', '545454548787', '1h/882 housing board', 'thirunelveli', 'tamilnadu', '628003', 'scare in hand', 'tamil', 'english', 'A', 'jero@gmail.com', 'speech', 'india', 'hindu', '-', 'BC', 'Management', 'Raju', 'Devi', 'jero guardian', 'img/bmom.jpg', 'img/fdad.jpg', 'img/bgaurd.jpg', 'coolie', 'coolie', '10th', '2020-11-11', 'No', 'No', 0, 'No', 'no', 'No', 'No', 0, 'nil', '4356478398', '89', 'good', 'good', '80', 'no', 'no', 'good', 'good', 'normal', 'talented', '43895456', 'udangudi', '2023-10-22', 'Passport Active', '20/7/2023', '45793465', '2025-03-13', 499, 596, '23646236', '78996438', '34785987', 6000, '43254623', 'no', 'no', 'no', 'Ravi', 'Canara Bank', 'THOOTHUKUDI', 'No', 'Part_time', 'AU65440', 'PAID', '123456789011', 'CNR0023', 'active'),
('2022MBA07', 6, 76, '2001-05-07', 'Sangeetha', 'T', 'Student', 'img/geetha.jpg', 'Female', '175', '60', '121212221', '2222222222', '44444444444', '66666666666', '12546788098', '545454548787', '1h/882 housing board', 'thirunelveli', 'tamilnadu', '628003', 'scare in hand', 'tamil', 'english', 'B', 'jero@gmail.com', 'speech', 'india', 'hindu', '-', 'BC', 'Management', 'Raju', 'Devi', 'jero guardian', 'img/bmom.jpg', 'img/fdad.jpg', 'img/bgaurd.jpg', 'coolie', 'coolie', '10th', '2020-11-11', 'No', 'No', 0, 'No', 'no', 'no', 'No', 0, 'nil', '4356478398', '89', 'good', 'good', '80', 'no', 'no', 'good', 'good', 'normal', 'talented', '43895456', 'udangudi', '2023-10-22', 'Passport Active', '20/7/2023', '45793465', '2025-03-13', 499, 596, '32536424', '78996438', '34785987', 6000, '43546773', 'no', 'no', 'no', 'Sangeetha', 'TMB BANK', 'THOOTHUKUDI', 'No', 'Part_time', 'AU65441', 'PAID', '587868666612', 'TMP0234', 'active'),
('2022MBA08', 6, 76, '2002-06-07', 'Sanjay', 'S', 'Student', 'img/Sanjay.jpg', 'Male', '175', '60', '121212221', '2222222222', '44444444444', '66666666666', '12546788098', '545454548787', '1h/882 housing board', 'thirunelveli', 'tamilnadu', '628003', 'scare in hand', 'tamil', 'english', 'A', 'jero@gmail.com', 'speech', 'india', 'hindu', '-', 'BC', 'Management', 'Raju', 'Devi', 'jero guardian', 'img/bmom.jpg', 'img/fdad.jpg', 'img/bgaurd.jpg', 'coolie', 'coolie', '10th', '2020-11-11', 'No', 'No', 0, 'No', 'no', 'no', 'No', 0, 'nil', '4356478398', '89', 'good', 'good', '80', 'no', 'no', 'good', 'good', 'normal', 'talented', '43895456', 'udangudi', '2023-10-22', 'Passport Active', '20/7/2023', '45793465', '2025-03-13', 499, 596, '25246462', '78996438', '34785987', 6000, '4663435657', 'no', 'no', 'no', 'Sanjay', 'Canara Bank', 'THOOTHUKUDI', 'No', 'Part_time', 'AU65442', 'PAID', '587868666613', 'CNR0023', 'active'),
('2022MBA09', 6, 76, '2001-07-07', 'Sasikumar', 'R', 'Student', 'img/sasi.jpg', 'Male', '175', '60', '121212221', '2222222222', '44444444444', '66666666666', '12546788098', '545454548787', '1h/882 housing board', 'thirunelveli', 'tamilnadu', '628003', 'scare in hand', 'tamil', 'english', 'O', 'jero@gmail.com', 'speech', 'india', 'hindu', '-', 'BC', 'Management', 'Raju', 'Devi', 'jero guardian', 'img/bmom.jpg', 'img/fdad.jpg', 'img/bgaurd.jpg', 'coolie', 'coolie', '10th', '2020-11-11', 'No', 'No', 0, 'No', 'no', 'no', 'No', 0, 'nil', '4356478398', '89', 'good', 'good', '80', 'no', 'no', 'good', 'good', 'normal', 'talented', '43895456', 'udangudi', '2023-10-22', 'Passport Active', '20/7/2023', '45793465', '2025-03-13', 499, 596, '446234623', '78996438', '34785987', 6000, '54634356', 'no', 'no', 'no', 'Sasikumar', 'TMB BANK', 'THOOTHUKUDI', 'No', 'Part_time', 'AU65443', 'PAID', '587868666614', 'TMP0234', 'active'),
('2022MBA10', 6, 76, '2002-08-07', 'Sasti', 'S', 'Student', 'img/sasti.jpg', 'Male', '175', '60', '121212221', '2222222222', '44444444444', '66666666666', '12546788098', '545454548787', '1h/882 housing board', 'thirunelveli', 'tamilnadu', '628003', 'scare in hand', 'tamil', 'english', 'A', 'jero@gmail.com', 'speech', 'india', 'hindu', '-', 'BC', 'Management', 'Raju', 'Devi', 'jero guardian', 'img/bmom.jpg', 'img/fdad.jpg', 'img/bgaurd.jpg', 'coolie', 'coolie', '10th', '2020-11-11', 'No', 'No', 0, 'No', 'no', 'no', 'No', 0, 'nil', '4356478398', '89', 'good', 'good', '80', 'no', 'no', 'good', 'good', 'normal', 'talented', '43895456', 'udangudi', '2023-10-22', 'Passport Active', '20/7/2023', '45793465', '2025-03-13', 499, 596, '235463364', '78996438', '34785987', 6000, '2423566', 'no', 'no', 'no', 'Sasti', 'Canara Bank', 'THOOTHUKUDI', 'No', 'Part_time', 'AU65444', 'PAID', '587868666615', 'CNR0023', 'active'),
('950320103005', 20, 41, '2003-06-07', 'Prem ', 'm', 'Student', 'img/prem.jpg', 'Male', '175', '50', '121212221', '2222222222', '44444444444', '66666666666', '12546788098', '545454548787', '1h/882 housing board', 'thirunelveli', 'tamilnadu', '628003', 'scare in hand', 'tamil', 'english', 'A', 'jero@gmail.com', 'speech', 'india', 'hindu', '-', 'BC', 'Management', 'Raju', 'Devi', 'jero guardian', 'img/bmom.jpg', 'img/fdad.jpg', 'img/bgaurd.jpg', 'coolie', 'coolie', '10th', '2020-11-11', 'No', 'No', 0, 'No', 'no', 'no', 'No', 0, 'nil', '6734788347', '86', 'good', 'good', '80', 'no', 'no', 'good', 'good', 'normal', 'talented', '43895456', 'udangudi', '2023-06-22', 'Passport Active', '20/3/2023', '45795498', '2025-03-13', 460, 596, '57587683', '78996438', '53863672', 5000, '447568743', 'no', 'no', 'no', 'Prem', 'TMB BANK', 'THOOTHUKUDI', 'No', 'Full_time', 'AU65445', 'PAID', '587868666616', 'TMP0234', 'active'),
('950320103012', 20, 41, '2003-07-27', 'jeyam', 'ravi', 'Student', 'img/sridhar.jpg', 'Male', '175', '50', '121212221', '2222222222', '44444444444', '66666666666', '12546788098', '545454548787', '1h/882 housing board', 'thirunelveli', 'tamilnadu', '628003', 'scare in hand', 'tamil', 'english', 'O', 'jero@gmail.com', 'speech', 'india', 'hindu', '-', 'BC', 'Management', 'Raju', 'Devi', 'jero guardian', 'img/bmom.jpg', 'img/fdad.jpg', 'img/bgaurd.jpg', 'coolie', 'coolie', '10th', '2020-11-11', 'No', 'No', 0, 'No', 'no', 'no', 'No', 0, 'nil', '6734788347', '86', 'good', 'good', '80', 'no', 'no', 'good', 'good', 'normal', 'talented', '43895456', 'udangudi', '2023-06-22', 'Passport Active', '20/3/2023', '45795498', '2025-03-13', 460, 596, '34658754', '78996438', '53863672', 5000, '3454657', 'no', 'no', 'no', 'jeyam', 'Canara Bank', 'THOOTHUKUDI', 'No', 'Full_time', 'AU65446', 'PAID', '587868666617', 'CNR0023', 'active'),
('950320103013', 20, 41, '2003-08-17', 'Surya', 'R', 'Student', 'img/stanley.jpg', 'Male', '175', '50', '121212221', '2222222222', '44444444444', '66666666666', '12546788098', '545454548787', '1h/882 housing board', 'thirunelveli', 'tamilnadu', '628003', 'scare in hand', 'tamil', 'english', 'A', 'jero@gmail.com', 'speech', 'india', 'hindu', '-', 'BC', 'Management', 'Raju', 'Devi', 'jero guardian', 'img/bmom.jpg', 'img/fdad.jpg', 'img/bgaurd.jpg', 'coolie', 'coolie', '10th', '2020-11-11', 'No', 'No', 0, 'No', 'no', 'no', 'No', 0, 'nil', '6734788347', '86', 'good', 'good', '80', 'no', 'no', 'good', 'good', 'normal', 'talented', '43895456', 'udangudi', '2023-06-22', 'Passport Active', '20/3/2023', '45795498', '2025-03-13', 460, 596, '464757846', '78996438', '53863672', 5000, '576358', 'no', 'no', 'no', 'Surya', 'TMB BANK', 'THOOTHUKUDI', 'No', 'Full_time', 'AU65447', 'PAID', '587868666618', 'TMP0234', 'active'),
('950320103015', 20, 41, '2003-09-07', 'Sudhagar', 'S', 'Student', 'img/sudhan.jpg', 'Male', '175', '50', '121212221', '2222222222', '44444444444', '66666666666', '12546788098', '545454548787', '1h/882 housing board', 'thirunelveli', 'tamilnadu', '628003', 'scare in hand', 'tamil', 'english', 'O', 'jero@gmail.com', 'speech', 'india', 'hindu', '-', 'BC', 'Management', 'Raju', 'Devi', 'jero guardian', 'img/bmom.jpg', 'img/fdad.jpg', 'img/bgaurd.jpg', 'coolie', 'coolie', '10th', '2020-11-11', 'No', 'No', 0, 'No', 'no', 'no', 'No', 0, 'nil', '6734788347', '86', 'good', 'good', '80', 'no', 'no', 'good', 'good', 'normal', 'talented', '43895456', 'udangudi', '2023-06-22', 'Passport Active', '20/3/2023', '45795498', '2025-03-13', 460, 596, '6464764764', '78996438', '53863672', 5000, '68743347', 'no', 'no', 'no', 'Sudhagar', 'Canara Bank', 'THOOTHUKUDI', 'No', 'Full_time', 'AU65448', 'PAID', '587868666619', 'CNR0023', 'active'),
('950320103018', 20, 43, '2002-02-08', 'Ajith', 'Kumar', 'Student', 'img/Ajith.jpg', 'Male', '175', '50', '121212221', '2222222222', '44444444444', '66666666666', '12546788098', '545454548787', '1h/882 housing board', 'thirunelveli', 'tamilnadu', '628003', 'scare in hand', 'tamil', 'english', 'B', 'jero@gmail.com', 'speech', 'india', 'hindu', '-', 'BC', 'Management', 'Raju', 'Devi', 'jero guardian', 'img/bmom.jpg', 'img/fdad.jpg', 'img/bgaurd.jpg', 'coolie', 'coolie', '10th', '2020-11-11', 'No', 'No', 0, 'No', 'no', 'no', 'No', 0, 'nil', '6734788347', '86', 'good', 'good', '80', 'no', 'no', 'good', 'good', 'normal', 'talented', '43895456', 'udangudi', '2023-06-22', 'Passport Active', '20/3/2023', '45795498', '2025-03-13', 460, 596, '4646764243', '78996438', '53863672', 5000, '56734647', 'no', 'no', 'no', 'AjithKumar', 'TMB BANK', 'THOOTHUKUDI', 'No', 'Full_time', 'AU65449', 'PAID', '587868666620', 'TMP0234', 'active'),
('950320103022', 20, 43, '2002-02-07', 'Arun', 'E', 'Student', 'img/arun.jpg', 'Male', '175', '50', '121212221', '2222222222', '44444444444', '66666666666', '12546788098', '545454548787', '1h/882 housing board', 'thirunelveli', 'tamilnadu', '628003', 'scare in hand', 'tamil', 'english', 'A', 'jero@gmail.com', 'speech', 'india', 'hindu', '-', 'BC', 'Management', 'Raju', 'Devi', 'jero guardian', 'img/bmom.jpg', 'img/fdad.jpg', 'img/bgaurd.jpg', 'coolie', 'coolie', '10th', '2020-11-11', 'No', 'No', 0, 'No', 'no', 'no', 'No', 0, 'nil', '6734788347', '86', 'good', 'good', '80', 'no', 'no', 'good', 'good', 'normal', 'talented', '43895456', 'udangudi', '2023-06-22', 'Passport Active', '20/3/2023', '45795498', '2025-03-13', 460, 596, '26467634', '78996438', '53863672', 5000, '56476584', 'no', 'no', 'no', 'Arun', 'Canara Bank', 'THOOTHUKUDI', 'No', 'Full_time', 'AU65450', 'PAID', '587868666621', 'CNR0023', 'active'),
('950320103023', 20, 43, '2002-03-07', 'Stanley', 'm', 'Student', 'img/stanley.jpg', 'Male', '175', '50', '121212221', '2222222222', '44444444444', '66666666666', '12546788098', '545454548787', '1h/882 housing board', 'thirunelveli', 'tamilnadu', '628003', 'scare in hand', 'tamil', 'english', 'O', 'jero@gmail.com', 'speech', 'india', 'hindu', '-', 'BC', 'Management', 'Raju', 'Devi', 'jero guardian', 'img/bmom.jpg', 'img/fdad.jpg', 'img/bgaurd.jpg', 'coolie', 'coolie', '10th', '2020-11-11', 'No', 'No', 0, 'No', 'no', 'no', 'No', 0, 'nil', '6734788347', '86', 'good', 'good', '80', 'no', 'no', 'good', 'good', 'normal', 'talented', '43895456', 'udangudi', '2023-06-22', 'Passport Active', '20/3/2023', '45795498', '2025-03-13', 460, 596, '3253646732', '78996438', '53863672', 5000, '68457548', 'no', 'no', 'no', 'Stanley', 'TMB BANK', 'THOOTHUKUDI', 'No', 'Full_time', 'AU65451', 'PAID', '587868666622', 'TMP0234', 'active'),
('950320103025', 20, 48, '2002-04-07', 'Sudha ', 'S', 'Student', 'img/sudha.jpg', 'Female', '175', '50', '121212221', '2222222222', '44444444444', '66666666666', '12546788098', '545454548787', '1h/882 housing board', 'thirunelveli', 'tamilnadu', '628003', 'scare in hand', 'tamil', 'english', 'A', 'jero@gmail.com', 'speech', 'india', 'hindu', '-', 'BC', 'Management', 'Raju', 'Devi', 'jero guardian', 'img/bmom.jpg', 'img/fdad.jpg', 'img/bgaurd.jpg', 'coolie', 'coolie', '10th', '2020-11-11', 'No', 'No', 0, 'No', 'no', 'no', 'No', 0, 'nil', '6734788347', '86', 'good', 'good', '80', 'no', 'no', 'good', 'good', 'normal', 'talented', '43895456', 'udangudi', '2023-06-22', 'Passport Active', '20/3/2023', '45795498', '2025-03-13', 460, 596, '235464223', '78996438', '53863672', 5000, '7846486', 'no', 'no', 'no', 'Sudha', 'Canara Bank', 'THOOTHUKUDI', 'No', 'Full_time', 'AU65452', 'PAID', '587868666623', 'CNR0023', 'active'),
('950320103028', 20, 48, '2002-05-07', 'Thomas', 'John', 'Student', 'img/thomas.jpg', 'Male', '175', '50', '121212221', '2222222222', '44444444444', '66666666666', '12546788098', '545454548787', '1h/882 housing board', 'thirunelveli', 'tamilnadu', '628003', 'scare in hand', 'tamil', 'english', 'O', 'jero@gmail.com', 'speech', 'india', 'hindu', '-', 'BC', 'Management', 'Raju', 'Devi', 'jero guardian', 'img/bmom.jpg', 'img/fdad.jpg', 'img/bgaurd.jpg', 'coolie', 'coolie', '10th', '2020-11-11', 'No', 'No', 0, 'No', 'no', 'no', 'No', 0, 'nil', '6734788347', '86', 'good', 'good', '80', 'no', 'no', 'good', 'good', 'normal', 'talented', '43895456', 'udangudi', '2023-06-22', 'Passport Active', '20/3/2023', '45795498', '2025-03-13', 460, 596, '235464', '78996438', '53863672', 5000, '573375', 'no', 'no', 'no', 'ThomasJohn', 'TMB BANK', 'THOOTHUKUDI', 'No', 'Full_time', 'AU65453', 'PAID', '587868666624', 'TMP0234', 'active'),
('950320103029', 20, 48, '2002-09-07', 'Rishu john', 'K', 'Student', 'img/rishu.jpg', 'Male', '175', '50', '121212221', '2222222222', '44444444444', '66666666666', '12546788098', '545454548787', '1h/882 housing board', 'thirunelveli', 'tamilnadu', '628003', 'scare in hand', 'tamil', 'english', 'A', 'jero@gmail.com', 'speech', 'india', 'hindu', '-', 'BC', 'Management', 'Raju', 'Devi', 'jero guardian', 'img/bmom.jpg', 'img/fdad.jpg', 'img/bgaurd.jpg', 'coolie', 'coolie', '10th', '2020-11-11', 'No', 'No', 0, 'No', 'no', 'no', 'No', 0, 'nil', '6734788347', '86', 'good', 'good', '80', 'no', 'no', 'good', 'good', 'normal', 'talented', '43895456', 'udangudi', '2023-06-22', 'Passport Active', '20/3/2023', '45795498', '2025-03-13', 460, 596, '2356472', '78996438', '53863672', 5000, '5864868', 'no', 'no', 'no', 'Rishu john', 'Canara Bank', 'THOOTHUKUDI', 'No', 'Full_time', 'AU65454', 'PAID', '587868666625', 'CNR0023', 'active'),
('950320104003', 1, 9, '2002-09-03', 'Aron', 'S', 'Student', 'img/aron.jpg', 'Male', '175', '50', '121212221', '2222222222', '44444444444', '66666666666', '12546788098', '545454548787', '1h/882 housing board', 'thirunelveli', 'tamilnadu', '628003', 'scare in hand', 'tamil', 'english', 'A', 'jero@gmail.com', 'speech', 'india', 'hindu', '-', 'BC', 'Management', 'Raju', 'Devi', 'jero guardian', 'img/bmom.jpg', 'img/fdad.jpg', 'img/bgaurd.jpg', 'coolie', 'coolie', '10th', '2020-11-11', 'No', 'No', 0, 'No', 'no', 'no', 'No', 0, 'nil', '6734788347', '86', 'good', 'good', '80', 'no', 'no', 'good', 'good', 'normal', 'talented', '43895456', 'udangudi', '2023-06-22', '', '20/3/2023', '45795498', '2025-03-13', 460, 596, '45367573', '78996438', '53863672', 5000, '543245', 'no', 'no', 'no', 'Aron', 'Canara Bank', 'THOOTHUKUDI', 'No', 'Full_time', 'AU65455', 'no', '587868666627', 'CNR0023', 'active'),
('950320104005', 1, 11, '2002-04-05', 'Dhana', 'babu', 'Student', 'img/babu.jpg', 'Male', '169', '50', '121212121', '2222222222', '44444444444', '66666666666', '12546788098', '545454548787', '1h/882 housing board', 'tuty', 'tamilnadu', '628008', 'scare in hand', 'tamil', 'english', 'b+', 'babu@gmail.com', 'singing', 'india', 'hindu', '-', 'BC', 'Management', 'Jayaram', 'Vijaya', 'babu guardian', 'img/bmom.jpg', 'img/fdad.jpg', 'img/bgaurd.jpg', 'coolie', 'coolie', '10th', '2020-11-11', 'No', 'No', 0, 'No', 'no', 'no', 'No', 0, 'nil', '6734788347', '86', 'good', 'good', '80', 'no', 'no', 'good', 'good', 'normal', 'talented', '43895456', 'udangudi', '2023-06-22', '', '20/3/2023', '45795498', '2025-03-13', 460, 520, '34765734', '46837634', '53863672', 20000, '726534', 'no', 'no', 'no', 'Dhanababu', 'TMB BANK', 'THOOTHUKUDI', 'No', 'Full_time', 'AU65456', 'No', '587868666628', 'TMP0234', 'active'),
('950320104006', 1, 16, '2003-09-28', 'Dharma ', 'lingam', 'Student', 'img/dharma.jpg', 'Male', '175', '50', '121212221', '2222222222', '44444444444', '66666666666', '12546788098', '545454548787', '1h/882 housing board', 'thirunelveli', 'tamilnadu', '628003', 'scare in hand', 'tamil', 'english', 'O', 'jero@gmail.com', 'speech', 'india', 'hindu', '-', 'BC', 'Management', 'Raju', 'Devi', 'jero guardian', 'img/bmom.jpg', 'img/fdad.jpg', 'img/bgaurd.jpg', 'coolie', 'coolie', '10th', '2020-11-11', 'No', 'No', 0, 'No', 'no', 'no', 'No', 0, 'nil', '6734788347', '86', 'good', 'good', '80', 'no', 'no', 'good', 'good', 'normal', 'talented', '43895456', 'udangudi', '2023-06-22', '', '20/3/2023', '45795498', '2025-03-13', 460, 596, '32564743', '78996438', '53863672', 5000, '5473466', 'no', 'no', 'no', 'Dharmalingam', 'Canara Bank', 'THOOTHUKUDI', 'No', 'Full_time', 'AU65457', 'no', '587868666629', 'CNR0023', 'active'),
('950320104007', 1, 9, '2002-02-07', 'Gowtham ', 'S', 'Student', 'img/gowtham.jpg', 'Male', '175', '50', '121212221', '2222222222', '44444444444', '66666666666', '12546788098', '545454548787', '1h/882 housing board', 'thirunelveli', 'tamilnadu', '628003', 'scare in hand', 'tamil', 'english', 'A', 'jero@gmail.com', 'speech', 'india', 'hindu', '-', 'BC', 'Management', 'Raju', 'Devi', 'jero guardian', 'img/bmom.jpg', 'img/fdad.jpg', 'img/bgaurd.jpg', 'coolie', 'coolie', '10th', '2020-11-11', 'No', 'No', 0, 'No', 'no', 'no', 'No', 0, 'nil', '6734788347', '86', 'good', 'good', '80', 'no', 'no', 'good', 'good', 'normal', 'talented', '43895456', 'udangudi', '2023-06-22', '', '20/3/2023', '45795498', '2025-03-13', 460, 596, '34657833', '78996438', '53863672', 5000, '6634467', 'no', 'no', 'no', 'Gowtham', 'TMB BANK', 'THOOTHUKUDI', 'No', 'Full_time', 'AU65458', 'no', '587868666630', 'TMP0234', 'active'),
('950320104012', 1, 9, '2003-09-18', 'Jerald abishek', 'V', 'Student', 'img/jero.jpg', 'Male', '175', '50', '121212221', '2222222222', '44444444444', '66666666666', '12546788098', '545454548787', '1h/882 housing board', 'thirunelveli', 'tamilnadu', '628003', 'scare in hand', 'tamil', 'english', 'B', 'jero@gmail.com', 'speech', 'india', 'hindu', '-', 'BC', 'Management', 'Raju', 'Devi', 'jero guardian', 'img/bmom.jpg', 'img/fdad.jpg', 'img/bgaurd.jpg', 'coolie', 'coolie', '10th', '2020-11-11', 'No', 'No', 0, 'No', 'no', 'no', 'No', 0, 'nil', '6734788347', '86', 'good', 'good', '80', 'no', 'no', 'good', 'good', 'normal', 'talented', '43895456', 'udangudi', '2023-06-22', '', '20/3/2023', '45795498', '2025-03-13', 460, 596, '576578684', '78996438', '53863672', 5000, '4364366', 'no', 'no', 'no', 'Jerald abishek', 'Canara Bank', 'THOOTHUKUDI', 'No', 'Full_time', 'AU65459', 'no', '587868666631', 'CNR0023', 'active'),
('950320104013', 1, 9, '2002-01-01', 'Jerrick', 'roshan', 'Student', 'img/roshan.jpg', 'Male', '175', '50', '121212221', '2222222222', '44444444444', '66666666666', '12546788098', '545454548787', '1h/882 housing board', 'thirunelveli', 'tamilnadu', '628003', 'scare in hand', 'tamil', 'english', 'O', 'jero@gmail.com', 'speech', 'india', 'hindu', '-', 'BC', 'Management', 'Raju', 'Devi', 'jero guardian', 'img/bmom.jpg', 'img/fdad.jpg', 'img/bgaurd.jpg', 'coolie', 'coolie', '10th', '2020-11-11', 'No', 'No', 0, 'No', 'no', 'no', 'No', 0, 'nil', '6734788347', '86', 'good', 'good', '80', 'no', 'no', 'good', 'good', 'normal', 'talented', '43895456', 'udangudi', '2023-06-22', '', '20/3/2023', '45795498', '2025-03-13', 460, 596, '325647454', '78996438', '53863672', 5000, '354623', 'no', 'no', 'no', 'Jerrickroshan', 'TMB BANK', 'THOOTHUKUDI', 'No', 'Full_time', 'AU65460', 'no', '587868666632', 'TMP0234', 'active'),
('950320104014', 1, 11, '2003-07-27', 'John ', 'Newton', 'Student', 'img/john.jpg', 'Male', '175', '50', '121212221', '2222222222', '44444444444', '66666666666', '12546788098', '545454548787', '1h/882 housing board', 'thirunelveli', 'tamilnadu', '628003', 'scare in hand', 'tamil', 'english', 'A', 'jero@gmail.com', 'speech', 'india', 'hindu', '-', 'BC', 'Management', 'Raju', 'Devi', 'jero guardian', 'img/bmom.jpg', 'img/fdad.jpg', 'img/bgaurd.jpg', 'coolie', 'coolie', '10th', '2020-11-11', 'No', 'No', 0, 'No', 'no', 'no', 'No', 0, 'nil', '6734788347', '86', 'good', 'good', '80', 'no', 'no', 'good', 'good', 'normal', 'talented', '43895456', 'udangudi', '2023-06-22', '', '20/3/2023', '45795498', '2025-03-13', 460, 596, '756784564', '78996438', '53863672', 5000, '3546234', 'no', 'no', 'no', 'Johnnewton', 'Canara Bank', 'THOOTHUKUDI', 'No', 'Full_time', 'AU65461', 'no', '587868666633', 'CNR0023', 'active'),
('950320104015', 1, 11, '2002-03-01', 'karuppa', 'samy', 'Student', 'img/karupu.jpg', 'Male', '169', '50', '121212121', '2222222222', '44444444444', '66666666666', '12546788098', '545454548787', '1h/882 housing board', 'tuty', 'tamilnadu', '628008', 'scare in hand', 'tamil', 'english', 'b+', 'babu@gmail.com', 'singing', 'india', 'hindu', '-', 'BC', 'Management', 'Jayaram', 'Vijaya', 'babu guardian', 'img/bmom.jpg', 'img/fdad.jpg', 'img/bgaurd.jpg', 'coolie', 'coolie', '10th', '2020-11-11', 'No', 'No', 0, 'No', 'no', 'no', 'No', 0, 'nil', '6734788347', '86', 'good', 'good', '80', 'no', 'no', 'good', 'good', 'normal', 'talented', '43895456', 'udangudi', '2023-06-22', '', '20/3/2023', '45795498', '2025-03-13', 460, 520, '565473532', '46837634', '53863672', 20000, '4343513', 'no', 'no', 'no', 'Karuppasamy', 'TMB BANK', 'THOOTHUKUDI', 'No', 'Full_time', 'AU65462', 'no', '587868666634', 'TMP0234', 'active'),
('950320104018', 1, 11, '2003-09-24', 'Prem ', 'Kumar', 'Student', 'img/prem.jpg', 'Male', '175', '50', '121212221', '2222222222', '44444444444', '66666666666', '12546788098', '545454548787', '1h/882 housing board', 'thirunelveli', 'tamilnadu', '628003', 'scare in hand', 'tamil', 'english', 'A', 'jero@gmail.com', 'speech', 'india', 'hindu', '-', 'BC', 'Management', 'Raju', 'Devi', 'jero guardian', 'img/bmom.jpg', 'img/fdad.jpg', 'img/bgaurd.jpg', 'coolie', 'coolie', '10th', '2020-11-11', 'No', 'No', 0, 'No', 'no', 'no', 'No', 0, 'nil', '6734788347', '86', 'good', 'good', '80', 'no', 'no', 'good', 'good', 'normal', 'talented', '43895456', 'udangudi', '2023-06-22', '', '20/3/2023', '45795498', '2025-03-13', 460, 596, '565474674', '78996438', '53863672', 5000, '2432523', 'no', 'no', 'no', 'Premkumar', 'Canara Bank', 'THOOTHUKUDI', 'No', 'Full_time', 'AU65463', 'no', '587868666635', 'CNR0023', 'active'),
('950320104022', 1, 11, '2002-10-21', 'Sridhar', 'E', 'Student', 'img/sridhar.jpg', 'Male', '175', '50', '121212221', '2222222222', '44444444444', '66666666666', '12546788098', '545454548787', '1h/882 housing board', 'thirunelveli', 'tamilnadu', '628003', 'scare in hand', 'tamil', 'english', 'O', 'jero@gmail.com', 'speech', 'india', 'hindu', '-', 'BC', 'Management', 'Raju', 'Devi', 'jero guardian', 'img/bmom.jpg', 'img/fdad.jpg', 'img/bgaurd.jpg', 'coolie', 'coolie', '10th', '2020-11-11', 'No', 'No', 0, 'No', 'no', 'no', 'No', 0, 'nil', '6734788347', '86', 'good', 'good', '80', 'no', 'no', 'good', 'good', 'normal', 'talented', '43895456', 'udangudi', '2023-06-22', '', '20/3/2023', '45795498', '2025-03-13', 460, 596, '45765474', '78996438', '53863672', 5000, '3546343', 'no', 'no', 'no', 'Sridhar', 'TMB BANK', 'THOOTHUKUDI', 'No', 'Full_time', 'AU65464', 'no', '587868666636', 'TMP0234', 'active'),
('950320104023', 1, 16, '2003-03-07', 'Stanley', 'R', 'Student', 'img/stanley.jpg', 'Male', '175', '50', '121212221', '2222222222', '44444444444', '66666666666', '12546788098', '545454548787', '1h/882 housing board', 'thirunelveli', 'tamilnadu', '628003', 'scare in hand', 'tamil', 'english', 'B', 'jero@gmail.com', 'speech', 'india', 'hindu', '-', 'BC', 'Management', 'Raju', 'Devi', 'jero guardian', 'img/bmom.jpg', 'img/fdad.jpg', 'img/bgaurd.jpg', 'coolie', 'coolie', '10th', '2020-11-11', 'No', 'No', 0, 'No', 'no', 'no', 'No', 0, 'nil', '6734788347', '86', 'good', 'good', '80', 'no', 'no', 'good', 'good', 'normal', 'talented', '43895456', 'udangudi', '2023-06-22', '', '20/3/2023', '45795498', '2025-03-13', 460, 596, '457474574', '78996438', '53863672', 5000, '4324324', 'no', 'no', 'no', 'Stanley', 'Canara Bank', 'THOOTHUKUDI', 'No', 'Full_time', 'AU65465', 'no', '587868666637', 'CNR0023', 'active'),
('950320104025', 1, 11, '2002-04-05', 'Sudhan ', 'S', 'Student', 'img/sudhan.jpg', 'Male', '175', '50', '121212221', '2222222222', '44444444444', '66666666666', '12546788098', '545454548787', '1h/882 housing board', 'thirunelveli', 'tamilnadu', '628003', 'scare in hand', 'tamil', 'english', 'A', 'jero@gmail.com', 'speech', 'india', 'hindu', '-', 'BC', 'Management', 'Raju', 'Devi', 'jero guardian', 'img/bmom.jpg', 'img/fdad.jpg', 'img/bgaurd.jpg', 'coolie', 'coolie', '10th', '2020-11-11', 'No', 'No', 0, 'No', 'no', 'no', 'No', 0, 'nil', '6734788347', '86', 'good', 'good', '80', 'no', 'no', 'good', 'good', 'normal', 'talented', '43895456', 'udangudi', '2023-06-22', '', '20/3/2023', '45795498', '2025-03-13', 460, 596, '457547445', '78996438', '53863672', 5000, '3243525', 'no', 'no', 'no', 'Sudhan', 'TMB BANK', 'THOOTHUKUDI', 'No', 'Full_time', 'AU65466', 'no', '587868666638', 'TMP0234', 'active'),
('950320104027', 1, 16, '2003-05-07', 'Thesai', 'Jebas', 'Student', 'img/thesai.jpg', 'Male', '175', '50', '121212221', '2222222222', '44444444444', '66666666666', '12546788098', '545454548787', '1h/882 housing board', 'thirunelveli', 'tamilnadu', '628003', 'scare in hand', 'tamil', 'english', 'O', 'jero@gmail.com', 'speech', 'india', 'hindu', '-', 'BC', 'Management', 'Raju', 'Devi', 'jero guardian', 'img/bmom.jpg', 'img/fdad.jpg', 'img/bgaurd.jpg', 'coolie', 'coolie', '10th', '2020-11-11', 'No', 'No', 0, 'No', 'no', 'no', 'No', 0, 'nil', '6734788347', '86', 'good', 'good', '80', 'no', 'no', 'good', 'good', 'normal', 'talented', '43895456', 'udangudi', '2023-06-22', '', '20/3/2023', '45795498', '2025-03-13', 460, 596, '46563456', '78996438', '53863672', 5000, '2343252', 'no', 'no', 'no', 'Thesaijebas', 'Canara Bank', 'THOOTHUKUDI', 'No', 'Full_time', 'AU65467', 'no', '587868666639', 'CNR0023', 'active'),
('950320104028', 1, 11, '2002-06-03', 'Thomas', 'Abhraham', 'Student', 'img/thomas.jpg', 'Male', '175', '50', '121212221', '2222222222', '44444444444', '66666666666', '12546788098', '545454548787', '1h/882 housing board', 'thirunelveli', 'tamilnadu', '628003', 'scare in hand', 'tamil', 'english', 'A', 'jero@gmail.com', 'speech', 'india', 'hindu', '-', 'BC', 'Management', 'Raju', 'Devi', 'jero guardian', 'img/bmom.jpg', 'img/fdad.jpg', 'img/bgaurd.jpg', 'coolie', 'coolie', '10th', '2020-11-11', 'No', 'No', 0, 'No', 'no', 'no', 'No', 0, 'nil', '6734788347', '86', 'good', 'good', '80', 'no', 'no', 'good', 'good', 'normal', 'talented', '43895456', 'udangudi', '2023-06-22', '', '20/3/2023', '45795498', '2025-03-13', 460, 596, '43656436', '78996438', '53863672', 5000, '3253523', 'no', 'no', 'no', 'thomasabraham', 'TMB BANK', 'THOOTHUKUDI', 'No', 'Full_time', 'AU65468', 'no', '587868666640', 'TMP0234', 'active'),
('950320104303', 1, 16, '2003-04-07', 'MuthuramaKrishnan', 'K', 'Student', 'img/rishu.jpg', 'Male', '175', '50', '121212221', '2222222222', '44444444444', '66666666666', '12546788098', '545454548787', '1h/882 housing board', 'thirunelveli', 'tamilnadu', '628003', 'scare in hand', 'tamil', 'english', 'A', 'jero@gmail.com', 'speech', 'india', 'hindu', '-', 'BC', 'Management', 'Raju', 'Devi', 'jero guardian', 'img/bmom.jpg', 'img/fdad.jpg', 'img/bgaurd.jpg', 'coolie', 'coolie', '10th', '2020-11-11', 'No', 'No', 0, 'No', 'no', 'no', 'No', 0, 'nil', '6734788347', '86', 'good', 'good', '80', 'no', 'no', 'good', 'good', 'normal', 'talented', '43895456', 'udangudi', '2023-06-22', '', '20/3/2023', '45795498', '2025-03-13', 460, 596, '465435', '78996438', '53863672', 5000, '2343252', 'no', 'no', 'no', 'Muthuramakrishnan', 'Canara Bank', 'THOOTHUKUDI', 'No', 'Full_time', 'AU65469', 'no', '587868666641', 'CNR0023', 'active'),
('950320104305', 1, 16, '2003-04-07', 'Rishu john', 'K', 'Student', 'img/rishu.jpg', 'Male', '175', '50', '121212221', '2222222222', '44444444444', '66666666666', '12546788098', '545454548787', '1h/882 housing board', 'thirunelveli', 'tamilnadu', '628003', 'scare in hand', 'tamil', 'english', 'B', 'jero@gmail.com', 'speech', 'india', 'hindu', '-', 'BC', 'Management', 'Raju', 'Devi', 'jero guardian', 'img/bmom.jpg', 'img/fdad.jpg', 'img/bgaurd.jpg', 'coolie', 'coolie', '10th', '2020-11-11', 'No', 'No', 0, 'No', 'no', 'no', 'No', 0, 'nil', '6734788347', '86', 'good', 'good', '80', 'no', 'no', 'good', 'good', 'normal', 'talented', '43895456', 'udangudi', '2023-06-22', '', '20/3/2023', '45795498', '2025-03-13', 460, 596, '35466345', '78996438', '53863672', 5000, '3463463', 'no', 'no', 'no', 'Rishujohn', 'Canara Bank', 'THOOTHUKUDI', 'No', 'Full_time', 'AU65470', 'no', '587868666641', 'CNR0023', 'active'),
('950320104701', 1, 11, '2002-06-11', 'Janaki selvam', 'S', 'Student', 'img/janaki.jpg', 'Male', '175', '50', '121212221', '2222222222', '44444444444', '66666666666', '12546788098', '545454548787', '1h/882 housing board', 'thirunelveli', 'tamilnadu', '628003', 'scare in hand', 'tamil', 'english', 'O', 'jero@gmail.com', 'speech', 'india', 'hindu', '-', 'BC', 'Management', 'Raju', 'Devi', 'jero guardian', 'img/bmom.jpg', 'img/fdad.jpg', 'img/bgaurd.jpg', 'coolie', 'coolie', '10th', '2020-11-11', 'No', 'No', 0, 'No', 'no', 'no', 'No', 0, 'nil', '6734788347', '86', 'good', 'good', '80', 'no', 'no', 'good', 'good', 'normal', 'talented', '43895456', 'udangudi', '2023-06-22', '', '20/3/2023', '45795498', '2025-03-13', 460, 596, '34463434', '78996438', '53863672', 5000, '43546345', 'no', 'no', 'no', 'Janakiselvam', 'TMB BANK', 'THOOTHUKUDI', 'No', 'Full_time', 'AU65471', 'no', '587868666642', 'TMP0234', 'active'),
('950320105003', 16, 25, '2002-09-17', 'Aathi', 'S', 'Student', 'img/aathi.jpg', 'Male', '175', '50', '121212221', '2222222222', '44444444444', '66666666666', '12546788098', '545454548787', '1h/882 housing board', 'thirunelveli', 'tamilnadu', '628003', 'scare in hand', 'tamil', 'english', 'A', 'jero@gmail.com', 'speech', 'india', 'hindu', '-', 'BC', 'Management', 'Raju', 'Devi', 'jero guardian', 'img/bmom.jpg', 'img/fdad.jpg', 'img/bgaurd.jpg', 'coolie', 'coolie', '10th', '2020-11-11', 'No', 'No', 0, 'No', 'no', 'no', 'No', 0, 'nil', '6734788347', '86', 'good', 'good', '80', 'no', 'no', 'good', 'good', 'normal', 'talented', '43895456', 'udangudi', '2023-06-22', 'Passport Active', '20/3/2023', '45795498', '2025-03-13', 460, 596, '2356472', '78996438', '53863672', 5000, '5864868', 'no', 'no', 'no', 'Aathi', 'Canara Bank', 'THOOTHUKUDI', 'No', 'Full_time', 'AU65472', 'Free', '587868666643', 'CNR0023', 'active'),
('950320105005', 16, 25, '2003-03-01', 'Muthu', 'Raj', 'Student', 'img/Raj.jpg', 'Male', '169', '50', '121212121', '2222222222', '44444444444', '66666666666', '12546788098', '545454548787', '1h/882 housing board', 'tuty', 'tamilnadu', '628008', 'scare in hand', 'tamil', 'english', 'b+', 'babu@gmail.com', 'singing', 'india', 'hindu', '-', 'BC', 'Management', 'Jayaram', 'Vijaya', 'babu guardian', 'img/bmom.jpg', 'img/fdad.jpg', 'img/bgaurd.jpg', 'coolie', 'coolie', '10th', '2020-11-11', 'No', 'No', 0, 'No', 'no', 'no', 'No', 0, 'nil', '6734788347', '86', 'good', 'good', '80', 'no', 'no', 'good', 'good', 'normal', 'talented', '43895456', 'udangudi', '2023-06-22', 'Passport Active', '20/3/2023', '45795498', '2025-03-13', 460, 596, '2356472', '78996438', '53863672', 5000, '5864868', 'no', 'no', 'no', 'Muthuraj', 'TMB BANK', 'THOOTHUKUDI', 'No', 'Full_time', 'AU65473', 'Free', '587868666644', 'TMP0234', 'active'),
('950320105006', 16, 25, '2002-04-27', 'Gomathi', 'S', 'Student', 'img/gomathi.jpg', 'Female', '175', '50', '121212221', '2222222222', '44444444444', '66666666666', '12546788098', '545454548787', '1h/882 housing board', 'thirunelveli', 'tamilnadu', '628003', 'scare in hand', 'tamil', 'english', 'A', 'jero@gmail.com', 'speech', 'india', 'hindu', '-', 'BC', 'Management', 'Raju', 'Devi', 'jero guardian', 'img/bmom.jpg', 'img/fdad.jpg', 'img/bgaurd.jpg', 'coolie', 'coolie', '10th', '2020-11-11', 'No', 'No', 0, 'No', 'no', 'no', 'No', 0, 'nil', '6734788347', '86', 'good', 'good', '80', 'no', 'no', 'good', 'good', 'normal', 'talented', '43895456', 'udangudi', '2023-06-22', 'Passport Active', '20/3/2023', '45795498', '2025-03-13', 460, 596, '2356472', '78996438', '53863672', 5000, '5864868', 'no', 'no', 'no', 'Gomathi', 'Canara Bank', 'THOOTHUKUDI', 'No', 'Full_time', 'AU65474', 'Free', '587868666645', 'CNR0023', 'active'),
('950320105007', 16, 25, '2003-05-17', 'Dharma ', 'raj', 'Student', 'img/gowtham.jpg', 'Male', '175', '50', '121212221', '2222222222', '44444444444', '66666666666', '12546788098', '545454548787', '1h/882 housing board', 'thirunelveli', 'tamilnadu', '628003', 'scare in hand', 'tamil', 'english', 'O', 'jero@gmail.com', 'speech', 'india', 'hindu', '-', 'BC', 'Management', 'Raju', 'Devi', 'jero guardian', 'img/bmom.jpg', 'img/fdad.jpg', 'img/bgaurd.jpg', 'coolie', 'coolie', '10th', '2020-11-11', 'No', 'No', 0, 'No', 'no', 'no', 'No', 0, 'nil', '6734788347', '86', 'good', 'good', '80', 'no', 'no', 'good', 'good', 'normal', 'talented', '43895456', 'udangudi', '2023-06-22', 'Passport Active', '20/3/2023', '45795498', '2025-03-13', 460, 596, '2356472', '78996438', '53863672', 5000, '5864868', 'no', 'no', 'no', 'Dharmaraj', 'TMB BANK', 'THOOTHUKUDI', 'No', 'Full_time', 'AU65475', 'Free', '587868666646', 'TMP0234', 'active'),
('950320105012', 16, 27, '2002-06-02', 'jeyantha', 'S', 'Student', 'img/jeyantha.jpg', 'Female', '175', '50', '121212221', '2222222222', '44444444444', '66666666666', '12546788098', '545454548787', '1h/882 housing board', 'thirunelveli', 'tamilnadu', '628003', 'scare in hand', 'tamil', 'english', 'B', 'jero@gmail.com', 'speech', 'india', 'hindu', '-', 'BC', 'Management', 'Raju', 'Devi', 'jero guardian', 'img/bmom.jpg', 'img/fdad.jpg', 'img/bgaurd.jpg', 'coolie', 'coolie', '10th', '2020-11-11', 'No', 'No', 0, 'No', 'no', 'no', 'No', 0, 'nil', '6734788347', '86', 'good', 'good', '80', 'no', 'no', 'good', 'good', 'normal', 'talented', '43895456', 'udangudi', '2023-06-22', 'Passport Active', '20/3/2023', '45795498', '2025-03-13', 460, 596, '2356472', '78996438', '53863672', 5000, '5864868', 'no', 'no', 'no', 'jeyantha', 'Canara Bank', 'THOOTHUKUDI', 'No', 'Full_time', 'AU65476', 'Free', '587868666647', 'CNR0023', 'active'),
('950320105013', 16, 27, '2003-07-07', 'Jerrick', 'roshan', 'Student', 'img/jeri.jpg', 'Male', '175', '50', '121212221', '2222222222', '44444444444', '66666666666', '12546788098', '545454548787', '1h/882 housing board', 'thirunelveli', 'tamilnadu', '628003', 'scare in hand', 'tamil', 'english', 'A', 'jero@gmail.com', 'speech', 'india', 'hindu', '-', 'BC', 'Management', 'Raju', 'Devi', 'jero guardian', 'img/bmom.jpg', 'img/fdad.jpg', 'img/bgaurd.jpg', 'coolie', 'coolie', '10th', '2020-11-11', 'No', 'No', 0, 'No', 'no', 'no', 'No', 0, 'nil', '6734788347', '86', 'good', 'good', '80', 'no', 'no', 'good', 'good', 'normal', 'talented', '43895456', 'udangudi', '2023-06-22', 'Passport Active', '20/3/2023', '45795498', '2025-03-13', 460, 596, '2356472', '78996438', '53863672', 5000, '5864868', 'no', 'no', 'no', 'Jerrickroshan', 'TMB BANK', 'THOOTHUKUDI', 'No', 'Full_time', 'AU65477', 'Free', '587868666648', 'TMP0234', 'active'),
('950320105014', 16, 27, '2002-08-02', 'karthiga ', 's', 'Student', 'img/karthiga.jpg', 'Female', '175', '50', '121212221', '2222222222', '44444444444', '66666666666', '12546788098', '545454548787', '1h/882 housing board', 'thirunelveli', 'tamilnadu', '628003', 'scare in hand', 'tamil', 'english', 'O', 'jero@gmail.com', 'speech', 'india', 'hindu', '-', 'BC', 'Management', 'Raju', 'Devi', 'jero guardian', 'img/bmom.jpg', 'img/fdad.jpg', 'img/bgaurd.jpg', 'coolie', 'coolie', '10th', '2020-11-11', 'No', 'No', 0, 'No', 'no', 'no', 'No', 0, 'nil', '6734788347', '86', 'good', 'good', '80', 'no', 'no', 'good', 'good', 'normal', 'talented', '43895456', 'udangudi', '2023-06-22', 'Passport Active', '20/3/2023', '45795498', '2025-03-13', 460, 596, '2356472', '78996438', '53863672', 5000, '5864868', 'no', 'no', 'no', 'karthiga', 'Canara Bank', 'THOOTHUKUDI', 'No', 'Full_time', 'AU65478', 'Free', '587868666649', 'CNR0023', 'active'),
('950320105015', 16, 27, '2003-08-01', 'sasdika', 'e', 'Student', 'img/sasthika.jpg', 'Female', '169', '50', '121212121', '2222222222', '44444444444', '66666666666', '12546788098', '545454548787', '1h/882 housing board', 'tuty', 'tamilnadu', '628008', 'scare in hand', 'tamil', 'english', 'b+', 'babu@gmail.com', 'singing', 'india', 'hindu', '-', 'BC', 'Management', 'Jayaram', 'Vijaya', 'babu guardian', 'img/bmom.jpg', 'img/fdad.jpg', 'img/bgaurd.jpg', 'coolie', 'coolie', '10th', '2020-11-11', 'No', 'No', 0, 'No', 'no', 'no', 'No', 0, 'nil', '6734788347', '86', 'good', 'good', '80', 'no', 'no', 'good', 'good', 'normal', 'talented', '43895456', 'udangudi', '2023-06-22', 'Passport Active', '20/3/2023', '45795498', '2025-03-13', 460, 596, '2356472', '78996438', '53863672', 5000, '5864868', 'no', 'no', 'no', 'sasdika', 'TMB BANK', 'THOOTHUKUDI', 'No', 'Full_time', 'AU65479', 'Free', '587868666650', 'TMP0234', 'active'),
('950320105018', 16, 27, '2002-01-02', 'godjin ', 'damy', 'Student', 'img/godji.jpg', 'Male', '175', '50', '121212221', '2222222222', '44444444444', '66666666666', '12546788098', '545454548787', '1h/882 housing board', 'thirunelveli', 'tamilnadu', '628003', 'scare in hand', 'tamil', 'english', 'A', 'jero@gmail.com', 'speech', 'india', 'hindu', '-', 'BC', 'Management', 'Raju', 'Devi', 'jero guardian', 'img/bmom.jpg', 'img/fdad.jpg', 'img/bgaurd.jpg', 'coolie', 'coolie', '10th', '2020-11-11', 'No', 'No', 0, 'No', 'no', 'no', 'No', 0, 'nil', '6734788347', '86', 'good', 'good', '80', 'no', 'no', 'good', 'good', 'normal', 'talented', '43895456', 'udangudi', '2023-06-22', 'Passport Active', '20/3/2023', '45795498', '2025-03-13', 460, 596, '2356472', '78996438', '53863672', 5000, '5864868', 'no', 'no', 'no', 'godjindamy', 'Canara Bank', 'THOOTHUKUDI', 'No', 'Full_time', 'AU65480', 'Free', '587868666651', 'CNR0023', 'active'),
('950320105022', 16, 32, '2003-02-27', 'prami', 'jenitta', 'Student', 'img/jenitta.jpg', 'Female', '175', '50', '121212221', '2222222222', '44444444444', '66666666666', '12546788098', '545454548787', '1h/882 housing board', 'thirunelveli', 'tamilnadu', '628003', 'scare in hand', 'tamil', 'english', 'A', 'jero@gmail.com', 'speech', 'india', 'hindu', '-', 'BC', 'Management', 'Raju', 'Devi', 'jero guardian', 'img/bmom.jpg', 'img/fdad.jpg', 'img/bgaurd.jpg', 'coolie', 'coolie', '10th', '2020-11-11', 'No', 'No', 0, 'No', 'no', 'no', 'No', 0, 'nil', '6734788347', '86', 'good', 'good', '80', 'no', 'no', 'good', 'good', 'normal', 'talented', '43895456', 'udangudi', '2023-06-22', 'Passport Active', '20/3/2023', '45795498', '2025-03-13', 460, 596, '2356472', '78996438', '53863672', 5000, '5864868', 'no', 'no', 'no', 'prami', 'TMB BANK', 'THOOTHUKUDI', 'No', 'Part_time', 'AU65481', 'Free', '587868666652', 'TMP0234', 'active');
INSERT INTO `erp_student` (`stu_id`, `cls_id`, `fee_id`, `stu_dob`, `stu_fname`, `stu_lname`, `r_rolename`, `stu_img`, `stu_gender`, `stu_height`, `stu_weight`, `stu_mobile`, `stu_fmobile`, `stu_mmobile`, `stu_gmobile`, `stu_admno`, `stu_aadhar`, `stu_padd`, `stu_city`, `stu_state`, `stu_zip`, `stu_idmark`, `stu_mlang`, `stu_klang`, `stu_bloodgrp`, `stu_email`, `stu_hobbies`, `stu_nationality`, `stu_religion`, `stu_caste`, `stu_community`, `stu_quota`, `stu_father`, `stu_mother`, `stu_guardian`, `stu_motherimg`, `stu_fatherimg`, `stu_guardianimg`, `stu_foccupation`, `stu_moccupation`, `stu_fqualification`, `stu_doj`, `stu_transport`, `stu_hostel`, `h_id`, `stu_roomno`, `stu_disability`, `stu_disid`, `stu_distype`, `stu_disper`, `stu_pdoctor`, `stu_pdoctorno`, `stu_bp`, `stu_visionL`, `stu_visionR`, `stu_pulse`, `stu_squint`, `stu_pallor`, `stu_eyecon`, `stu_dentalcon`, `stu_healthcon`, `stu_comments`, `stu_ppno`, `stu_ppissueat`, `stu_ppexpdate`, `stu_visa`, `stu_issuedate`, `stu_visano`, `stu_visaexpdate`, `stu_10thmark`, `stu_12thmark`, `stu_comcerno`, `stu_10theno`, `stu_12theno`, `stu_income`, `stu_inccerno`, `stu_orphan`, `stu_fg`, `stu_splcat`, `stu_nameasbank`, `stu_bankname`, `stu_brancename`, `stu_lateral`, `stu_coursetype`, `stu_councellingno`, `stu_hosteltype`, `stu_accno`, `stu_ifsc`, `stu_status`) VALUES
('950320105023', 16, 32, '2002-03-07', 'shanmuga', 'sundari', 'Student', 'img/sundari.jpg', 'Female', '175', '50', '121212221', '2222222222', '44444444444', '66666666666', '12546788098', '545454548787', '1h/882 housing board', 'thirunelveli', 'tamilnadu', '628003', 'scare in hand', 'tamil', 'english', 'O', 'jero@gmail.com', 'speech', 'india', 'hindu', '-', 'BC', 'Management', 'Raju', 'Devi', 'jero guardian', 'img/bmom.jpg', 'img/fdad.jpg', 'img/bgaurd.jpg', 'coolie', 'coolie', '10th', '2020-11-11', 'No', 'No', 0, 'No', 'no', 'no', 'No', 0, 'nil', '6734788347', '86', 'good', 'good', '80', 'no', 'no', 'good', 'good', 'normal', 'talented', '43895456', 'udangudi', '2023-06-22', 'Passport Active', '20/3/2023', '45795498', '2025-03-13', 460, 596, '2356472', '78996438', '53863672', 5000, '5864868', 'no', 'no', 'no', 'shanmugasundhari', 'Canara Bank', 'THOOTHUKUDI', 'No', 'Part_time', 'AU65482', 'Free', '587868666653', 'CNR0023', 'active'),
('950320105025', 16, 32, '2003-04-17', 'amira ', 'mabel', 'Student', 'img/amira.jpg', 'Female', '175', '50', '121212221', '2222222222', '44444444444', '66666666666', '12546788098', '545454548787', '1h/882 housing board', 'thirunelveli', 'tamilnadu', '628003', 'scare in hand', 'tamil', 'english', 'B', 'jero@gmail.com', 'speech', 'india', 'hindu', '-', 'MBC', 'Management', 'Raju', 'Devi', 'jero guardian', 'img/bmom.jpg', 'img/fdad.jpg', 'img/bgaurd.jpg', 'coolie', 'coolie', '10th', '2020-11-11', 'No', 'No', 0, 'No', 'no', 'no', 'No', 0, 'nil', '673478837', '86', 'good', 'good', '80', 'no', 'no', 'good', 'good', 'normal', 'talented', '4389545', 'udangudi', '2023-06-22', 'Passport Active', '20/3/2023', '45795498', '2025-03-13', 460, 596, '23564782', '7899648', '5386367', 5000, '5864868', 'no', 'no', 'no', 'amira', 'TMB BANK', 'THOOTHUKUDI', 'No', 'Part_time', 'AU65483', 'no', '58786867664', 'TMB0234', 'active'),
('950320105028', 16, 32, '2002-05-07', 'aasha', 'm', 'Student', 'img/aasha.jpg', 'Female', '175', '50', '121212221', '2222222222', '44444444444', '66666666666', '12546788098', '545454548787', '1h/882 housing board', 'thirunelveli', 'tamilnadu', '628003', 'scare in hand', 'tamil', 'english', 'A', 'jero@gmail.com', 'speech', 'india', 'hindu', '-', 'BC', 'Management', 'Raju', 'Devi', 'jero guardian', 'img/bmom.jpg', 'img/fdad.jpg', 'img/bgaurd.jpg', 'coolie', 'coolie', '10th', '2020-11-11', 'No', 'No', 0, 'No', 'no', 'no', 'No', 0, 'nil', '6734788347', '86', 'good', 'good', '80', 'no', 'no', 'good', 'good', 'normal', 'talented', '43895456', 'udangudi', '2023-06-22', 'Passport Active', '20/3/2023', '45795498', '2025-03-13', 460, 596, '2356472', '78996438', '53863672', 5000, '5864868', 'no', 'no', 'no', 'aasha', 'Canara Bank', 'THOOTHUKUDI', 'No', 'Part_time', 'AU65484', 'Free', '587868666655', 'CNR0023', 'active'),
('950320105305', 16, 32, '2003-06-27', 'jeron', 'r', 'Student', 'img/rishu.jpg', 'Male', '175', '50', '121212221', '2222222222', '44444444444', '66666666666', '12546788098', '545454548787', '1h/882 housing board', 'thirunelveli', 'tamilnadu', '628003', 'scare in hand', 'tamil', 'english', 'O', 'jero@gmail.com', 'speech', 'india', 'hindu', '-', 'BC', 'Management', 'Raju', 'Devi', 'jero guardian', 'img/bmom.jpg', 'img/fdad.jpg', 'img/bgaurd.jpg', 'coolie', 'coolie', '10th', '2020-11-11', 'No', 'No', 0, 'No', 'no', 'no', 'No', 0, 'nil', '6734788347', '86', 'good', 'good', '80', 'no', 'no', 'good', 'good', 'normal', 'talented', '43895456', 'udangudi', '2023-06-22', 'Passport Active', '20/3/2023', '45795498', '2025-03-13', 460, 596, '2356472', '78996438', '53863672', 5000, '5864868', 'no', 'no', 'no', 'jeron', 'TMB BANK', 'THOOTHUKUDI', 'No', 'Part_time', 'AU65485', 'Free', '587868666656', 'TMB0234', 'active'),
('950320106003', 2, 17, '2002-09-07', 'vivek', 'kumar', 'Student', 'img/vivek.jpg', 'Male', '175', '50', '121212221', '2222222222', '44444444444', '66666666666', '12546788098', '545454548787', '1h/882 housing board', 'thirunelveli', 'tamilnadu', '628003', 'scare in hand', 'tamil', 'english', 'A', 'jero@gmail.com', 'speech', 'india', 'hindu', '-', 'BC', 'Management', 'Raju', 'Devi', 'jero guardian', 'img/bmom.jpg', 'img/fdad.jpg', 'img/bgaurd.jpg', 'coolie', 'coolie', '10th', '2020-11-11', 'No', 'No', 0, 'No', 'no', 'no', 'No', 0, 'nil', '6734788347', '86', 'good', 'good', '80', 'no', 'no', 'good', 'good', 'normal', 'talented', '43895456', 'udangudi', '2023-06-22', 'Passport Active', '20/3/2023', '45795498', '2025-03-13', 460, 596, '2356472', '78996438', '53863672', 5000, '5864868', 'no', 'no', 'no', 'vivekkumar', 'Canara Bank', 'THOOTHUKUDI', 'No', 'Part_time', 'AU65486', 'No', '587868666657', 'CNR0023', 'active'),
('950320106005', 2, 17, '2002-03-01', 'bala', 'jana', 'Student', 'img/bala.jpg', 'Male', '169', '50', '121212121', '2222222222', '44444444444', '66666666666', '12546788098', '545454548787', '1h/882 housing board', 'tuty', 'tamilnadu', '628008', 'scare in hand', 'tamil', 'english', 'b+', 'babu@gmail.com', 'singing', 'india', 'hindu', '-', 'BC', 'Management', 'Jayaram', 'Vijaya', 'babu guardian', 'img/bmom.jpg', 'img/fdad.jpg', 'img/bgaurd.jpg', 'coolie', 'coolie', '10th', '2020-11-11', 'No', 'No', 0, 'No', 'no', 'no', 'No', 0, 'nil', '6734788347', '86', 'good', 'good', '80', 'no', 'no', 'good', 'good', 'normal', 'talented', '43895456', 'udangudi', '2023-06-22', 'Passport Active', '20/3/2023', '45795498', '2025-03-13', 460, 596, '2356472', '78996438', '53863672', 5000, '5864868', 'no', 'no', 'no', 'balajana', 'TMB BANK', 'THOOTHUKUDI', 'No', 'Part_time', 'AU65487', 'No', '587868666658', 'TMB0234', 'active'),
('950320106006', 2, 18, '2002-01-07', 'sri ', 'ram', 'Student', 'img/sri.jpg', 'Male', '175', '50', '121212221', '2222222222', '44444444444', '66666666666', '12546788098', '545454548787', '1h/882 housing board', 'thirunelveli', 'tamilnadu', '628003', 'scare in hand', 'tamil', 'english', 'O', 'jero@gmail.com', 'speech', 'india', 'hindu', '-', 'BC', 'Management', 'Raju', 'Devi', 'jero guardian', 'img/bmom.jpg', 'img/fdad.jpg', 'img/bgaurd.jpg', 'coolie', 'coolie', '10th', '2020-11-11', 'No', 'No', 0, 'No', 'no', 'no', 'No', 0, 'nil', '6734788347', '86', 'good', 'good', '80', 'no', 'no', 'good', 'good', 'normal', 'talented', '43895456', 'udangudi', '2023-06-22', 'Passport Active', '20/3/2023', '45795498', '2025-03-13', 460, 596, '2356472', '78996438', '53863672', 5000, '5864868', 'no', 'no', 'no', 'sriram', 'Canara Bank', 'THOOTHUKUDI', 'No', 'Part_time', 'AU65488', 'No', '587868666659', 'CNR0023', 'active'),
('950320106007', 2, 17, '2002-02-07', 'srinivasa ', 'viknesh', 'Student', 'img/vikky.jpg', 'Male', '175', '50', '121212221', '2222222222', '44444444444', '66666666666', '12546788098', '545454548787', '1h/882 housing board', 'thirunelveli', 'tamilnadu', '628003', 'scare in hand', 'tamil', 'english', 'A', 'jero@gmail.com', 'speech', 'india', 'hindu', '-', 'BC', 'Management', 'Raju', 'Devi', 'jero guardian', 'img/bmom.jpg', 'img/fdad.jpg', 'img/bgaurd.jpg', 'coolie', 'coolie', '10th', '2020-11-11', 'No', 'No', 0, 'No', 'no', 'no', 'No', 0, 'nil', '6734788347', '86', 'good', 'good', '80', 'no', 'no', 'good', 'good', 'normal', 'talented', '43895456', 'udangudi', '2023-06-22', 'Passport Active', '20/3/2023', '45795498', '2025-03-13', 460, 596, '2356472', '78996438', '53863672', 5000, '5864868', 'no', 'no', 'no', 'srinivasavignesh', 'TMB BANK', 'THOOTHUKUDI', 'No', 'Part_time', 'AU65489', 'No', '587868666660', 'TMB0234', 'active'),
('950320106012', 2, 19, '2002-03-07', 'kumar', 'val', 'Student', 'img/kumar.jpg', 'Male', '175', '50', '121212221', '2222222222', '44444444444', '66666666666', '12546788098', '545454548787', '1h/882 housing board', 'thirunelveli', 'tamilnadu', '628003', 'scare in hand', 'tamil', 'english', 'B', 'jero@gmail.com', 'speech', 'india', 'hindu', '-', 'BC', 'Management', 'Raju', 'Devi', 'jero guardian', 'img/bmom.jpg', 'img/fdad.jpg', 'img/bgaurd.jpg', 'coolie', 'coolie', '10th', '2020-11-11', 'No', 'No', 0, 'No', 'no', 'no', 'No', 0, 'nil', '6734788347', '86', 'good', 'good', '80', 'no', 'no', 'good', 'good', 'normal', 'talented', '43895456', 'udangudi', '2023-06-22', 'Passport Active', '20/3/2023', '45795498', '2025-03-13', 460, 596, '2356472', '78996438', '53863672', 5000, '5864868', 'no', 'no', 'no', 'kumarvel', 'Canara Bank', 'THOOTHUKUDI', 'No', 'Part_time', 'AU65490', 'No', '587868666661', 'CNR0023', 'active'),
('950320106013', 2, 19, '2002-03-07', 'stanes', 'lee', 'Student', 'img/staneslee.jpg', 'Male', '175', '50', '121212221', '2222222222', '44444444444', '66666666666', '12546788098', '545454548787', '1h/882 housing board', 'thirunelveli', 'tamilnadu', '628003', 'scare in hand', 'tamil', 'english', 'O', 'jero@gmail.com', 'speech', 'india', 'hindu', '-', 'BC', 'Management', 'Raju', 'Devi', 'jero guardian', 'img/bmom.jpg', 'img/fdad.jpg', 'img/bgaurd.jpg', 'coolie', 'coolie', '10th', '2020-11-11', 'No', 'No', 0, 'No', 'no', 'no', 'No', 0, 'nil', '6734788347', '86', 'good', 'good', '80', 'no', 'no', 'good', 'good', 'normal', 'talented', '43895456', 'udangudi', '2023-06-22', 'Passport Active', '20/3/2023', '45795498', '2025-03-13', 460, 596, '2356472', '78996438', '53863672', 5000, '5864868', 'no', 'no', 'no', 'staneslee', 'TMB BANK', 'THOOTHUKUDI', 'No', 'Part_time', 'AU65491', 'No', '587868666662', 'TMB0234', 'active'),
('950320106014', 2, 19, '2002-09-07', 'anbu ', 'Newton', 'Student', 'img/anbu.jpg', 'Male', '175', '50', '121212221', '2222222222', '44444444444', '66666666666', '12546788098', '545454548787', '1h/882 housing board', 'thirunelveli', 'tamilnadu', '628003', 'scare in hand', 'tamil', 'english', 'A', 'jero@gmail.com', 'speech', 'india', 'hindu', '-', 'BC', 'Management', 'Raju', 'Devi', 'jero guardian', 'img/bmom.jpg', 'img/fdad.jpg', 'img/bgaurd.jpg', 'coolie', 'coolie', '10th', '2020-11-11', 'No', 'No', 0, 'No', 'no', 'no', 'No', 0, 'nil', '6734788347', '86', 'good', 'good', '80', 'no', 'no', 'good', 'good', 'normal', 'talented', '43895456', 'udangudi', '2023-06-22', 'Passport Active', '20/3/2023', '45795498', '2025-03-13', 460, 596, '2356472', '78996438', '53863672', 5000, '5864868', 'no', 'no', 'no', 'anbunewton', 'Canara Bank', 'THOOTHUKUDI', 'No', 'Part_time', 'AU65492', 'No', '587868666663', 'CNR0023', 'active'),
('950320106015', 2, 24, '2002-03-01', 'mada', 'samy', 'Student', 'img/samy.jpg', 'Male', '169', '50', '121212121', '2222222222', '44444444444', '66666666666', '12546788098', '545454548787', '1h/882 housing board', 'tuty', 'tamilnadu', '628008', 'scare in hand', 'tamil', 'english', 'b+', 'babu@gmail.com', 'singing', 'india', 'hindu', '-', 'BC', 'Management', 'Jayaram', 'Vijaya', 'babu guardian', 'img/bmom.jpg', 'img/fdad.jpg', 'img/bgaurd.jpg', 'coolie', 'coolie', '10th', '2020-11-11', 'No', 'No', 0, 'No', 'no', 'no', 'No', 0, 'nil', '6734788347', '86', 'good', 'good', '80', 'no', 'no', 'good', 'good', 'normal', 'talented', '43895456', 'udangudi', '2023-06-22', 'Passport Active', '20/3/2023', '45795498', '2025-03-13', 460, 596, '2356472', '78996438', '53863672', 5000, '5864868', 'no', 'no', 'no', 'madasamy', 'TMB BANK', 'THOOTHUKUDI', 'No', 'Part_time', 'AU65493', 'No', '587868666664', 'TMB0234', 'active'),
('950320106018', 2, 24, '2002-04-07', 'ajith ', 'Kumar', 'Student', 'img/ajith.jpg', 'Male', '175', '50', '121212221', '2222222222', '44444444444', '66666666666', '12546788098', '545454548787', '1h/882 housing board', 'thirunelveli', 'tamilnadu', '628003', 'scare in hand', 'tamil', 'english', 'B', 'jero@gmail.com', 'speech', 'india', 'hindu', '-', 'BC', 'Management', 'Raju', 'Devi', 'jero guardian', 'img/bmom.jpg', 'img/fdad.jpg', 'img/bgaurd.jpg', 'coolie', 'coolie', '10th', '2020-11-11', 'No', 'No', 0, 'No', 'no', 'no', 'No', 0, 'nil', '6734788347', '86', 'good', 'good', '80', 'no', 'no', 'good', 'good', 'normal', 'talented', '43895456', 'udangudi', '2023-06-22', 'Passport Active', '20/3/2023', '45795498', '2025-03-13', 460, 596, '2356472', '78996438', '53863672', 5000, '5864868', 'no', 'no', 'no', 'ajithkumar', 'Canara Bank', 'THOOTHUKUDI', 'No', 'Part_time', 'AU65494', 'No', '587868666665', 'CNR0023', 'active'),
('950320106022', 2, 24, '2002-05-07', 'thirupathi', 'raja', 'Student', 'img/thirupathu.jpg', 'Male', '175', '50', '121212221', '2222222222', '44444444444', '66666666666', '12546788098', '545454548787', '1h/882 housing board', 'thirunelveli', 'tamilnadu', '628003', 'scare in hand', 'tamil', 'english', 'O', 'jero@gmail.com', 'speech', 'india', 'hindu', '-', 'BC', 'Management', 'Raju', 'Devi', 'jero guardian', 'img/bmom.jpg', 'img/fdad.jpg', 'img/bgaurd.jpg', 'coolie', 'coolie', '10th', '2020-11-11', 'No', 'No', 0, 'No', 'no', 'no', 'No', 0, 'nil', '6734788347', '86', 'good', 'good', '80', 'no', 'no', 'good', 'good', 'normal', 'talented', '43895456', 'udangudi', '2023-06-22', 'Passport Active', '20/3/2023', '45795498', '2025-03-13', 460, 596, '2356472', '78996438', '53863672', 5000, '5864868', 'no', 'no', 'no', 'thirupathiraja', 'TMB BANK', 'THOOTHUKUDI', 'No', 'Part_time', 'AU65495', 'No', '587868666666', 'TMB0234', 'active'),
('950320106023', 2, 19, '2002-06-07', 'anto', 'rohan', 'Student', 'img/anto.jpg', 'Male', '175', '50', '121212221', '2222222222', '44444444444', '66666666666', '12546788098', '545454548787', '1h/882 housing board', 'thirunelveli', 'tamilnadu', '628003', 'scare in hand', 'tamil', 'english', 'A', 'jero@gmail.com', 'speech', 'india', 'hindu', '-', 'BC', 'Management', 'Raju', 'Devi', 'jero guardian', 'img/bmom.jpg', 'img/fdad.jpg', 'img/bgaurd.jpg', 'coolie', 'coolie', '10th', '2020-11-11', 'No', 'No', 0, 'No', 'no', 'no', 'No', 0, 'nil', '6734788347', '86', 'good', 'good', '80', 'no', 'no', 'good', 'good', 'normal', 'talented', '43895456', 'udangudi', '2023-06-22', 'Passport Active', '20/3/2023', '45795498', '2025-03-13', 460, 596, '2356472', '78996438', '53863672', 5000, '5864868', 'no', 'no', 'no', 'antorohan', 'Canara Bank', 'THOOTHUKUDI', 'No', 'Part_time', 'AU65496', 'No', '587868666667', 'CNR0023', 'active'),
('950320106025', 2, 17, '2002-07-07', 'abishek ', 'Sudhan', 'Student', 'img/sudhan.jpg', 'Male', '175', '50', '121212221', '2222222222', '44444444444', '66666666666', '12546788098', '545454548787', '1h/882 housing board', 'thirunelveli', 'tamilnadu', '628003', 'scare in hand', 'tamil', 'english', 'A', 'jero@gmail.com', 'speech', 'india', 'hindu', '-', 'BC', 'Management', 'Raju', 'Devi', 'jero guardian', 'img/bmom.jpg', 'img/fdad.jpg', 'img/bgaurd.jpg', 'coolie', 'coolie', '10th', '2020-11-11', 'No', 'No', 0, 'No', 'no', 'no', 'No', 0, 'nil', '6734788347', '86', 'good', 'good', '80', 'no', 'no', 'good', 'good', 'normal', 'talented', '43895456', 'udangudi', '2023-06-22', 'Passport Active', '20/3/2023', '45795498', '2025-03-13', 460, 596, '2356472', '78996438', '53863672', 5000, '5864868', 'no', 'no', 'no', 'abisheksudhan', 'TMB BANK', 'THOOTHUKUDI', 'No', 'Part_time', 'AU65497', 'No', '587868666668', 'TMB0234', 'active'),
('950320106028', 2, 17, '2002-08-07', 'mejack', 'son', 'Student', 'img/mejack.jpg', 'Male', '175', '50', '121212221', '2222222222', '44444444444', '66666666666', '12546788098', '545454548787', '1h/882 housing board', 'thirunelveli', 'tamilnadu', '628003', 'scare in hand', 'tamil', 'english', 'O', 'jero@gmail.com', 'speech', 'india', 'hindu', '-', 'BC', 'Management', 'Raju', 'Devi', 'jero guardian', 'img/bmom.jpg', 'img/fdad.jpg', 'img/bgaurd.jpg', 'coolie', 'coolie', '10th', '2020-11-11', 'No', 'No', 0, 'No', 'no', 'no', 'No', 0, 'nil', '6734788347', '86', 'good', 'good', '80', 'no', 'no', 'good', 'good', 'normal', 'talented', '43895456', 'udangudi', '2023-06-22', 'Passport Active', '20/3/2023', '45795498', '2025-03-13', 460, 596, '2356472', '78996438', '53863672', 5000, '5864868', 'no', 'no', 'no', 'mejackson', 'Canara Bank', 'THOOTHUKUDI', 'No', 'Part_time', 'AU65498', 'No', '587868666669', 'CNR0023', 'active'),
('950320106305', 2, 19, '2002-09-07', 'gandhi', 'raj', 'Student', 'img/gandhiu.jpg', 'Male', '175', '50', '121212221', '2222222222', '44444444444', '66666666666', '12546788098', '545454548787', '1h/882 housing board', 'thirunelveli', 'tamilnadu', '628003', 'scare in hand', 'tamil', 'english', 'B', 'jero@gmail.com', 'speech', 'india', 'hindu', '-', 'BC', 'Management', 'Raju', 'Devi', 'jero guardian', 'img/bmom.jpg', 'img/fdad.jpg', 'img/bgaurd.jpg', 'coolie', 'coolie', '10th', '2020-11-11', 'No', 'No', 0, 'No', 'no', 'no', 'No', 0, 'nil', '6734788347', '86', 'good', 'good', '80', 'no', 'no', 'good', 'good', 'normal', 'talented', '43895456', 'udangudi', '2023-06-22', 'Passport Active', '20/3/2023', '45795498', '2025-03-13', 460, 596, '2356472', '78996438', '53863672', 5000, '5864868', 'no', 'no', 'no', 'gandhiraj', 'TMB BANK', 'THOOTHUKUDI', 'No', 'Part_time', 'AU65499', 'No', '587868666670', 'TMB0234', 'active'),
('950320106701', 2, 19, '2002-11-07', 'soundhar', 'raj', 'Student', 'img/soundar.jpg', 'Male', '175', '50', '121212221', '2222222222', '44444444444', '66666666666', '12546788098', '545454548787', '1h/882 housing board', 'thirunelveli', 'tamilnadu', '628003', 'scare in hand', 'tamil', 'english', 'A', 'jero@gmail.com', 'speech', 'india', 'hindu', '-', 'BC', 'Management', 'Raju', 'Devi', 'jero guardian', 'img/bmom.jpg', 'img/fdad.jpg', 'img/bgaurd.jpg', 'coolie', 'coolie', '10th', '2020-11-11', 'No', 'No', 0, 'No', 'no', 'no', 'No', 0, 'nil', '6734788347', '86', 'good', 'good', '80', 'no', 'no', 'good', 'good', 'normal', 'talented', '43895456', 'udangudi', '2023-06-22', 'Passport Active', '20/3/2023', '45795498', '2025-03-13', 460, 596, '2356472', '78996438', '53863672', 5000, '5864868', 'no', 'no', 'no', 'soundharraj', 'Canara Bank', 'THOOTHUKUDI', 'No', 'Part_time', 'AU65500', 'No', '587868666671', 'CNR0023', 'active'),
('950320114003', 7, 33, '2002-01-07', 'Ashok', 'S', 'Student', 'img/ashok.jpg', 'Male', '175', '50', '121212221', '2222222222', '44444444444', '66666666666', '12546788098', '545454548787', '1h/882 housing board', 'thirunelveli', 'tamilnadu', '628003', 'scare in hand', 'tamil', 'english', 'O', 'jero@gmail.com', 'speech', 'india', 'hindu', '-', 'BC', 'Management', 'Raju', 'Devi', 'jero guardian', 'img/bmom.jpg', 'img/fdad.jpg', 'img/bgaurd.jpg', 'coolie', 'coolie', '10th', '2020-11-11', 'No', 'No', 0, 'No', 'no', 'no', 'No', 0, 'nil', '6734788347', '86', 'good', 'good', '80', 'no', 'no', 'good', 'good', 'normal', 'talented', '43895456', 'udangudi', '2023-06-22', 'Passport Active', '20/3/2023', '45795498', '2025-03-13', 460, 596, '2356472', '78996438', '53863672', 5000, '5864868', 'no', 'no', 'no', 'Ashok', 'TMB BANK', 'THOOTHUKUDI', 'No', 'Part_time', 'AU65501', 'No', '587868666672', 'TMB0234', 'active'),
('950320114005', 7, 33, '2002-03-01', 'ram', 'babu', 'Student', 'img/babu.jpg', 'Male', '169', '50', '121212121', '2222222222', '44444444444', '66666666666', '12546788098', '545454548787', '1h/882 housing board', 'tuty', 'tamilnadu', '628008', 'scare in hand', 'tamil', 'english', 'b+', 'babu@gmail.com', 'singing', 'india', 'hindu', '-', 'BC', 'Management', 'Jayaram', 'Vijaya', 'babu guardian', 'img/bmom.jpg', 'img/fdad.jpg', 'img/bgaurd.jpg', 'coolie', 'coolie', '10th', '2020-11-11', 'No', 'No', 0, 'No', 'no', 'no', 'No', 0, 'nil', '6734788347', '86', 'good', 'good', '80', 'no', 'no', 'good', 'good', 'normal', 'talented', '43895456', 'udangudi', '2023-06-22', 'Passport Active', '20/3/2023', '45795498', '2025-03-13', 460, 596, '2356472', '78996438', '53863672', 5000, '5864868', 'no', 'no', 'no', 'rambabu', 'Canara Bank', 'THOOTHUKUDI', 'No', 'Part_time', 'AU65502', 'No', '587868666673', 'CNR0023', 'active'),
('950320114006', 7, 35, '2002-02-07', 'Ram', 'lingam', 'Student', 'img/ram.jpg', 'Male', '175', '50', '121212221', '2222222222', '44444444444', '66666666666', '12546788098', '545454548787', '1h/882 housing board', 'thirunelveli', 'tamilnadu', '628003', 'scare in hand', 'tamil', 'english', 'A', 'jero@gmail.com', 'speech', 'india', 'hindu', '-', 'BC', 'Management', 'Raju', 'Devi', 'jero guardian', 'img/bmom.jpg', 'img/fdad.jpg', 'img/bgaurd.jpg', 'coolie', 'coolie', '10th', '2020-11-11', 'No', 'No', 0, 'No', 'no', 'no', 'No', 0, 'nil', '6734788347', '86', 'good', 'good', '80', 'no', 'no', 'good', 'good', 'normal', 'talented', '43895456', 'udangudi', '2023-06-22', 'Passport Active', '20/3/2023', '45795498', '2025-03-13', 460, 596, '2356472', '78996438', '53863672', 5000, '5864868', 'no', 'no', 'no', 'ramlingam', 'TMB BANK', 'THOOTHUKUDI', 'No', 'Part_time', 'AU65503', 'No', '587868666674', 'TMB0234', 'active'),
('950320114007', 7, 40, '2002-04-07', 'Ravi', 'S', 'Student', 'img/ravi.jpg', 'Male', '175', '50', '121212221', '2222222222', '44444444444', '66666666666', '12546788098', '545454548787', '1h/882 housing board', 'thirunelveli', 'tamilnadu', '628003', 'scare in hand', 'tamil', 'english', 'A', 'jero@gmail.com', 'speech', 'india', 'hindu', '-', 'BC', 'Management', 'Raju', 'Devi', 'jero guardian', 'img/bmom.jpg', 'img/fdad.jpg', 'img/bgaurd.jpg', 'coolie', 'coolie', '10th', '2020-11-11', 'No', 'No', 0, 'No', 'no', 'no', 'No', 0, 'nil', '6734788347', '86', 'good', 'good', '80', 'no', 'no', 'good', 'good', 'normal', 'talented', '43895456', 'udangudi', '2023-06-22', 'Passport Active', '20/3/2023', '45795498', '2025-03-13', 460, 596, '2356472', '78996438', '53863672', 5000, '5864868', 'no', 'no', 'no', 'Ravi', 'Canara Bank', 'THOOTHUKUDI', 'No', 'Part_time', 'AU65504', 'No', '587868666675', 'CNR0023', 'active'),
('950320114012', 7, 33, '2002-05-07', 'Raani', 'V', 'Student', 'img/raani.jpg', 'Female', '175', '50', '121212221', '2222222222', '44444444444', '66666666666', '12546788098', '545454548787', '1h/882 housing board', 'thirunelveli', 'tamilnadu', '628003', 'scare in hand', 'tamil', 'english', 'A', 'jero@gmail.com', 'speech', 'india', 'hindu', '-', 'BC', 'Management', 'Raju', 'Devi', 'jero guardian', 'img/bmom.jpg', 'img/fdad.jpg', 'img/bgaurd.jpg', 'coolie', 'coolie', '10th', '2020-11-11', 'No', 'No', 0, 'No', 'no', 'no', 'No', 0, 'nil', '6734788347', '86', 'good', 'good', '80', 'no', 'no', 'good', 'good', 'normal', 'talented', '43895456', 'udangudi', '2023-06-22', 'Passport Active', '20/3/2023', '45795498', '2025-03-13', 460, 596, '2356472', '78996438', '53863672', 5000, '5864868', 'no', 'no', 'no', 'Raani', 'TMB BANK', 'THOOTHUKUDI', 'No', 'Part_time', 'AU65505', 'No', '587868666676', 'TMB0234', 'active'),
('950320114013', 7, 35, '2002-06-07', 'Jerrick', 'lingam', 'Student', 'img/roshan.jpg', 'Male', '175', '50', '121212221', '2222222222', '44444444444', '66666666666', '12546788098', '545454548787', '1h/882 housing board', 'thirunelveli', 'tamilnadu', '628003', 'scare in hand', 'tamil', 'english', 'A', 'jero@gmail.com', 'speech', 'india', 'hindu', '-', 'BC', 'Management', 'Raju', 'Devi', 'jero guardian', 'img/bmom.jpg', 'img/fdad.jpg', 'img/bgaurd.jpg', 'coolie', 'coolie', '10th', '2020-11-11', 'No', 'No', 0, 'No', 'no', 'no', 'No', 0, 'nil', '6734788347', '86', 'good', 'good', '80', 'no', 'no', 'good', 'good', 'normal', 'talented', '43895456', 'udangudi', '2023-06-22', 'Passport Active', '20/3/2023', '45795498', '2025-03-13', 460, 596, '2356472', '78996438', '53863672', 5000, '5864868', 'no', 'no', 'no', 'Jerricklingam', 'Canara Bank', 'THOOTHUKUDI', 'No', 'Part_time', 'AU65506', 'No', '587868666677', 'CNR0023', 'active'),
('950320114014', 7, 40, '2002-07-07', 'John ', 'Martin', 'Student', 'img/john.jpg', 'Male', '175', '50', '121212221', '2222222222', '44444444444', '66666666666', '12546788098', '545454548787', '1h/882 housing board', 'thirunelveli', 'tamilnadu', '628003', 'scare in hand', 'tamil', 'english', 'A', 'jero@gmail.com', 'speech', 'india', 'hindu', '-', 'BC', 'Management', 'Raju', 'Devi', 'jero guardian', 'img/bmom.jpg', 'img/fdad.jpg', 'img/bgaurd.jpg', 'coolie', 'coolie', '10th', '2020-11-11', 'No', 'No', 0, 'No', 'no', 'no', 'No', 0, 'nil', '6734788347', '86', 'good', 'good', '80', 'no', 'no', 'good', 'good', 'normal', 'talented', '43895456', 'udangudi', '2023-06-22', 'Passport Active', '20/3/2023', '45795498', '2025-03-13', 460, 596, '2356472', '78996438', '53863672', 5000, '5864868', 'no', 'no', 'no', 'Johnmartin', 'TMB BANK', 'THOOTHUKUDI', 'No', 'Part_time', 'AU65507', 'No', '587868666678', 'TMB0234', 'active'),
('950320114015', 7, 33, '2002-08-01', 'Muthu', 'samy', 'Student', 'img/karupu.jpg', 'Male', '169', '50', '121212121', '2222222222', '44444444444', '66666666666', '12546788098', '545454548787', '1h/882 housing board', 'tuty', 'tamilnadu', '628008', 'scare in hand', 'tamil', 'english', 'b+', 'babu@gmail.com', 'singing', 'india', 'hindu', '-', 'BC', 'Management', 'Jayaram', 'Vijaya', 'babu guardian', 'img/bmom.jpg', 'img/fdad.jpg', 'img/bgaurd.jpg', 'coolie', 'coolie', '10th', '2020-11-11', 'No', 'No', 0, 'No', 'no', 'no', 'No', 0, 'nil', '6734788347', '86', 'good', 'good', '80', 'no', 'no', 'good', 'good', 'normal', 'talented', '43895456', 'udangudi', '2023-06-22', 'Passport Active', '20/3/2023', '45795498', '2025-03-13', 460, 596, '2356472', '78996438', '53863672', 5000, '5864868', 'no', 'no', 'no', 'Muthusamy', 'Canara Bank', 'THOOTHUKUDI', 'No', 'Part_time', 'AU65508', 'No', '587868666679', 'CNR0023', 'active'),
('950320114018', 7, 35, '2002-09-07', 'Muthu', 'Kumar', 'Student', 'img/prem.jpg', 'Male', '175', '50', '121212221', '2222222222', '44444444444', '66666666666', '12546788098', '545454548787', '1h/882 housing board', 'thirunelveli', 'tamilnadu', '628003', 'scare in hand', 'tamil', 'english', 'A', 'jero@gmail.com', 'speech', 'india', 'hindu', '-', 'BC', 'Management', 'Raju', 'Devi', 'jero guardian', 'img/bmom.jpg', 'img/fdad.jpg', 'img/bgaurd.jpg', 'coolie', 'coolie', '10th', '2020-11-11', 'No', 'No', 0, 'No', 'no', 'no', 'No', 0, 'nil', '6734788347', '86', 'good', 'good', '80', 'no', 'no', 'good', 'good', 'normal', 'talented', '43895456', 'udangudi', '2023-06-22', 'Passport Active', '20/3/2023', '45795498', '2025-03-13', 460, 596, '2356472', '78996438', '53863672', 5000, '5864868', 'no', 'no', 'no', 'Muthukumar', 'TMB BANK', 'THOOTHUKUDI', 'No', 'Part_time', 'AU65509', 'No', '587868666680', 'TMB0234', 'active'),
('950320114022', 7, 40, '2002-10-07', 'Ravi', 'Varma', 'Student', 'img/ravi.jpg', 'Male', '175', '50', '121212221', '2222222222', '44444444444', '66666666666', '12546788098', '545454548787', '1h/882 housing board', 'thirunelveli', 'tamilnadu', '628003', 'scare in hand', 'tamil', 'english', 'A', 'jero@gmail.com', 'speech', 'india', 'hindu', '-', 'BC', 'Management', 'Raju', 'Devi', 'jero guardian', 'img/bmom.jpg', 'img/fdad.jpg', 'img/bgaurd.jpg', 'coolie', 'coolie', '10th', '2020-11-11', 'No', 'No', 0, 'No', 'no', 'no', 'No', 0, 'nil', '6734788347', '86', 'good', 'good', '80', 'no', 'no', 'good', 'good', 'normal', 'talented', '43895456', 'udangudi', '2023-06-22', 'Passport Active', '20/3/2023', '45795498', '2025-03-13', 460, 596, '2356472', '78996438', '53863672', 5000, '5864868', 'no', 'no', 'no', 'Ravivarma', 'Canara Bank', 'THOOTHUKUDI', 'No', 'Part_time', 'AU65510', 'No', '587868666681', 'CNR0023', 'active'),
('950320114023', 7, 33, '2002-11-07', 'Stanley', 'R', 'Student', 'img/stanley.jpg', 'Male', '175', '50', '121212221', '2222222222', '44444444444', '66666666666', '12546788098', '545454548787', '1h/882 housing board', 'thirunelveli', 'tamilnadu', '628003', 'scare in hand', 'tamil', 'english', 'A', 'jero@gmail.com', 'speech', 'india', 'hindu', '-', 'BC', 'Management', 'Raju', 'Devi', 'jero guardian', 'img/bmom.jpg', 'img/fdad.jpg', 'img/bgaurd.jpg', 'coolie', 'coolie', '10th', '2020-11-11', 'No', 'No', 0, 'No', 'no', 'no', 'No', 0, 'nil', '6734788347', '86', 'good', 'good', '80', 'no', 'no', 'good', 'good', 'normal', 'talented', '43895456', 'udangudi', '2023-06-22', 'Passport Active', '20/3/2023', '45795498', '2025-03-13', 460, 596, '2356472', '78996438', '53863672', 5000, '5864868', 'no', 'no', 'no', 'Stanley', 'TMB BANK', 'THOOTHUKUDI', 'No', 'Part_time', 'AU65511', 'No', '587868666682', 'TMB0234', 'active'),
('950320114025', 7, 33, '2002-11-07', 'Sudhan', 'R', 'Student', 'img/stanley.jpg', 'Male', '175', '50', '121212221', '2222222222', '44444444444', '66666666666', '12546788098', '545454548787', '1h/882 housing board', 'thirunelveli', 'tamilnadu', '628003', 'scare in hand', 'tamil', 'english', 'A', 'jero@gmail.com', 'speech', 'india', 'hindu', '-', 'BC', 'Management', 'Raju', 'Devi', 'jero guardian', 'img/bmom.jpg', 'img/fdad.jpg', 'img/bgaurd.jpg', 'coolie', 'coolie', '10th', '2020-11-11', 'No', 'No', 0, 'No', 'no', 'no', 'No', 0, 'nil', '6734788347', '86', 'good', 'good', '80', 'no', 'no', 'good', 'good', 'normal', 'talented', '43895456', 'udangudi', '2023-06-22', 'Passport Active', '20/3/2023', '45795498', '2025-03-13', 460, 596, '2356472', '78996438', '53863672', 5000, '5864868', 'no', 'no', 'no', 'Sudhan', 'TMB BANK', 'THOOTHUKUDI', 'No', 'Part_time', 'AU65512', 'No', '587868666682', 'TMB0234', 'active'),
('950321103001', 8, 41, '2003-09-07', 'Abhi', 'jebas', 'Student', 'img/jebas.jpg', 'Male', '175', '50', '121212221', '2222222222', '44444444444', '66666666666', '12546788098', '545454548787', '1h/882 housing board', 'thirunelveli', 'tamilnadu', '628003', 'scare in hand', 'tamil', 'english', 'A', 'jero@gmail.com', 'speech', 'india', 'hindu', '-', 'BC', 'Management', 'Raju', 'Devi', 'jero guardian', 'img/bmom.jpg', 'img/fdad.jpg', 'img/bgaurd.jpg', 'coolie', 'coolie', '10th', '2020-11-11', 'No', 'No', 0, 'No', 'no', 'no', 'No', 0, 'nil', '6734788347', '86', 'good', 'good', '80', 'no', 'no', 'good', 'good', 'normal', 'talented', '43895456', 'udangudi', '2023-06-22', 'Passport Active', '20/3/2023', '45795498', '2025-03-13', 460, 596, '2356472', '78996438', '53863672', 5000, '5864868', 'no', 'no', 'no', 'Abijebas', 'TMB BANK', 'THOOTHUKUDI', 'No', 'Part_time', 'AU65512', 'No', '587868666684', 'TMB0234', 'active'),
('950321103002', 8, 43, '2003-01-07', 'Ajith', 'kumar', 'Student', 'img/ajith.jpg', 'Male', '175', '50', '121212221', '2222222222', '44444444444', '66666666666', '12546788098', '545454548787', '1h/882 housing board', 'thirunelveli', 'tamilnadu', '628003', 'scare in hand', 'tamil', 'english', 'A', 'jero@gmail.com', 'speech', 'india', 'hindu', '-', 'BC', 'Management', 'Raju', 'Devi', 'jero guardian', 'img/bmom.jpg', 'img/fdad.jpg', 'img/bgaurd.jpg', 'coolie', 'coolie', '10th', '2020-11-11', 'No', 'No', 0, 'No', 'no', 'no', 'No', 0, 'nil', '6734788347', '86', 'good', 'good', '80', 'no', 'no', 'good', 'good', 'normal', 'talented', '43895456', 'udangudi', '2023-06-22', 'Passport Active', '20/3/2023', '45795498', '2025-03-13', 460, 596, '2356472', '78996438', '53863672', 5000, '5864868', 'no', 'no', 'no', 'Ajithkumar', 'Canara Bank', 'THOOTHUKUDI', 'No', 'Part_time', 'AU65513', 'No', '587868666685', 'CNR0023', 'active'),
('950321103003', 8, 48, '2003-02-07', 'Sudha', 'R', 'Student', 'img/sudha.jpg', 'Female', '175', '50', '121212221', '2222222222', '44444444444', '66666666666', '12546788098', '545454548787', '1h/882 housing board', 'thirunelveli', 'tamilnadu', '628003', 'scare in hand', 'tamil', 'english', 'A', 'jero@gmail.com', 'speech', 'india', 'hindu', '-', 'BC', 'Management', 'Raju', 'Devi', 'jero guardian', 'img/bmom.jpg', 'img/fdad.jpg', 'img/bgaurd.jpg', 'coolie', 'coolie', '10th', '2020-11-11', 'No', 'No', 0, 'No', 'no', 'no', 'No', 0, 'nil', '6734788347', '86', 'good', 'good', '80', 'no', 'no', 'good', 'good', 'normal', 'talented', '43895456', 'udangudi', '2023-06-22', 'Passport Active', '20/3/2023', '45795498', '2025-03-13', 460, 596, '2356472', '78996438', '53863672', 5000, '5864868', 'no', 'no', 'no', 'sudha', 'TMB BANK', 'THOOTHUKUDI', 'No', 'Part_time', 'AU65514', 'No', '587868666686', 'TMB0234', 'active'),
('950321103004', 8, 41, '2003-03-07', 'Sudhan ', 'S', 'Student', 'img/sudhan.jpg', 'Male', '175', '50', '121212221', '2222222222', '44444444444', '66666666666', '12546788098', '545454548787', '1h/882 housing board', 'thirunelveli', 'tamilnadu', '628003', 'scare in hand', 'tamil', 'english', 'A', 'jero@gmail.com', 'speech', 'india', 'hindu', '-', 'BC', 'Management', 'Raju', 'Devi', 'jero guardian', 'img/bmom.jpg', 'img/fdad.jpg', 'img/bgaurd.jpg', 'coolie', 'coolie', '10th', '2020-11-11', 'No', 'No', 0, 'No', 'no', 'no', 'No', 0, 'nil', '6734788347', '86', 'good', 'good', '80', 'no', 'no', 'good', 'good', 'normal', 'talented', '43895456', 'udangudi', '2023-06-22', 'Passport Active', '20/3/2023', '45795498', '2025-03-13', 460, 596, '2356472', '78996438', '53863672', 5000, '5864868', 'no', 'no', 'no', 'sudhan', 'Canara Bank', 'THOOTHUKUDI', 'No', 'Part_time', 'AU65515', 'No', '587868666687', 'CNR0023', 'active'),
('950321103005', 8, 43, '2003-09-07', 'Ashok', 'jebas', 'Student', 'img/jebas.jpg', 'Male', '175', '50', '121212221', '2222222222', '44444444444', '66666666666', '12546788098', '545454548787', '1h/882 housing board', 'thirunelveli', 'tamilnadu', '628003', 'scare in hand', 'tamil', 'english', 'A', 'jero@gmail.com', 'speech', 'india', 'hindu', '-', 'BC', 'Management', 'Raju', 'Devi', 'jero guardian', 'img/bmom.jpg', 'img/fdad.jpg', 'img/bgaurd.jpg', 'coolie', 'coolie', '10th', '2020-11-11', 'No', 'No', 0, 'No', 'no', 'no', 'No', 0, 'nil', '6734788347', '86', 'good', 'good', '80', 'no', 'no', 'good', 'good', 'normal', 'talented', '43895456', 'udangudi', '2023-06-22', 'Passport Active', '20/3/2023', '45795498', '2025-03-13', 460, 596, '2356472', '78996438', '53863672', 5000, '5864868', 'no', 'no', 'no', 'Ashokjebas', 'TMB BANK', 'THOOTHUKUDI', 'No', 'Part_time', 'AU65516', 'No', '587868666688', 'TMB0234', 'active'),
('950321103006', 8, 48, '2003-01-07', 'Ajith', 'E', 'Student', 'img/ajith.jpg', 'Male', '175', '50', '121212221', '2222222222', '44444444444', '66666666666', '12546788098', '545454548787', '1h/882 housing board', 'thirunelveli', 'tamilnadu', '628003', 'scare in hand', 'tamil', 'english', 'A', 'jero@gmail.com', 'speech', 'india', 'hindu', '-', 'BC', 'Management', 'Raju', 'Devi', 'jero guardian', 'img/bmom.jpg', 'img/fdad.jpg', 'img/bgaurd.jpg', 'coolie', 'coolie', '10th', '2020-11-11', 'No', 'No', 0, 'No', 'no', 'no', 'No', 0, 'nil', '6734788347', '86', 'good', 'good', '80', 'no', 'no', 'good', 'good', 'normal', 'talented', '43895456', 'udangudi', '2023-06-22', 'Passport Active', '20/3/2023', '45795498', '2025-03-13', 460, 596, '2356472', '78996438', '53863672', 5000, '5864868', 'no', 'no', 'no', 'Ajith', 'Canara Bank', 'THOOTHUKUDI', 'No', 'Part_time', 'AU65517', 'No', '587868666689', 'CNR0023', 'active'),
('950321103007', 8, 41, '2003-02-07', 'Stanley', 'R', 'Student', 'img/stanley.jpg', 'Male', '175', '50', '121212221', '2222222222', '44444444444', '66666666666', '12546788098', '545454548787', '1h/882 housing board', 'thirunelveli', 'tamilnadu', '628003', 'scare in hand', 'tamil', 'english', 'A', 'jero@gmail.com', 'speech', 'india', 'hindu', '-', 'BC', 'Management', 'Raju', 'Devi', 'jero guardian', 'img/bmom.jpg', 'img/fdad.jpg', 'img/bgaurd.jpg', 'coolie', 'coolie', '10th', '2020-11-11', 'No', 'No', 0, 'No', 'no', 'no', 'No', 0, 'nil', '6734788347', '86', 'good', 'good', '80', 'no', 'no', 'good', 'good', 'normal', 'talented', '43895456', 'udangudi', '2023-06-22', 'Passport Active', '20/3/2023', '45795498', '2025-03-13', 460, 596, '2356472', '78996438', '53863672', 5000, '5864868', 'no', 'no', 'no', 'Stanley', 'TMB BANK', 'THOOTHUKUDI', 'No', 'Part_time', 'AU65518', 'No', '587868666690', 'TMB0234', 'active'),
('950321103008', 8, 43, '2003-03-07', 'Sudhakar ', 'S', 'Student', 'img/sudhakar.jpg', 'Male', '175', '50', '121212221', '2222222222', '44444444444', '66666666666', '12546788098', '545454548787', '1h/882 housing board', 'thirunelveli', 'tamilnadu', '628003', 'scare in hand', 'tamil', 'english', 'A', 'jero@gmail.com', 'speech', 'india', 'hindu', '-', 'BC', 'Management', 'Raju', 'Devi', 'jero guardian', 'img/bmom.jpg', 'img/fdad.jpg', 'img/bgaurd.jpg', 'coolie', 'coolie', '10th', '2020-11-11', 'No', 'No', 0, 'No', 'no', 'no', 'No', 0, 'nil', '6734788347', '86', 'good', 'good', '80', 'no', 'no', 'good', 'good', 'normal', 'talented', '43895456', 'udangudi', '2023-06-22', 'Passport Active', '20/3/2023', '45795498', '2025-03-13', 460, 596, '2356472', '78996438', '53863672', 5000, '5864868', 'no', 'no', 'no', 'Sudhagar', 'Canara Bank', 'THOOTHUKUDI', 'No', 'Part_time', 'AU65519', 'No', '587868666691', 'CNR0023', 'active'),
('950321103009', 8, 48, '2003-04-07', 'Thomas', 'Abhraham', 'Student', 'img/thomas.jpg', 'Male', '175', '50', '121212221', '2222222222', '44444444444', '66666666666', '12546788098', '545454548787', '1h/882 housing board', 'thirunelveli', 'tamilnadu', '628003', 'scare in hand', 'tamil', 'english', 'A', 'jero@gmail.com', 'speech', 'india', 'hindu', '-', 'BC', 'Management', 'Raju', 'Devi', 'jero guardian', 'img/bmom.jpg', 'img/fdad.jpg', 'img/bgaurd.jpg', 'coolie', 'coolie', '10th', '2020-11-11', 'No', 'No', 0, 'No', 'no', 'no', 'No', 0, 'nil', '6734788347', '86', 'good', 'good', '80', 'no', 'no', 'good', 'good', 'normal', 'talented', '43895456', 'udangudi', '2023-06-22', 'Passport Active', '20/3/2023', '45795498', '2025-03-13', 460, 596, '2356472', '78996438', '53863672', 5000, '5864868', 'no', 'no', 'no', 'Thomasabraham', 'TMB BANK', 'THOOTHUKUDI', 'No', 'Part_time', 'AU65520', 'No', '587868666692', 'TMB0234', 'active'),
('950321103010', 8, 41, '2003-05-07', 'john', 'K', 'Student', 'img/john.jpg', 'Male', '175', '50', '121212221', '2222222222', '44444444444', '66666666666', '12546788098', '545454548787', '1h/882 housing board', 'thirunelveli', 'tamilnadu', '628003', 'scare in hand', 'tamil', 'english', 'A', 'jero@gmail.com', 'speech', 'india', 'hindu', '-', 'BC', 'Management', 'Raju', 'Devi', 'jero guardian', 'img/bmom.jpg', 'img/fdad.jpg', 'img/bgaurd.jpg', 'coolie', 'coolie', '10th', '2020-11-11', 'No', 'No', 0, 'No', 'no', 'no', 'No', 0, 'nil', '6734788347', '86', 'good', 'good', '80', 'no', 'no', 'good', 'good', 'normal', 'talented', '43895456', 'udangudi', '2023-06-22', 'Passport Active', '20/3/2023', '45795498', '2025-03-13', 460, 596, '2356472', '78996438', '53863672', 5000, '5864868', 'no', 'no', 'no', 'John', 'Canara Bank', 'THOOTHUKUDI', 'No', 'Part_time', 'AU65521', 'No', '587868666693', 'CNR0023', 'active'),
('950321103011', 8, 43, '2003-06-07', 'Janaki', 'S', 'Student', 'img/janaki.jpg', 'Male', '175', '50', '121212221', '2222222222', '44444444444', '66666666666', '12546788098', '545454548787', '1h/882 housing board', 'thirunelveli', 'tamilnadu', '628003', 'scare in hand', 'tamil', 'english', 'A', 'jero@gmail.com', 'speech', 'india', 'hindu', '-', 'BC', 'Management', 'Raju', 'Devi', 'jero guardian', 'img/bmom.jpg', 'img/fdad.jpg', 'img/bgaurd.jpg', 'coolie', 'coolie', '10th', '2020-11-11', 'No', 'No', 0, 'No', 'no', 'no', 'No', 0, 'nil', '6734788347', '86', 'good', 'good', '80', 'no', 'no', 'good', 'good', 'normal', 'talented', '43895456', 'udangudi', '2023-06-22', 'Passport Active', '20/3/2023', '45795498', '2025-03-13', 460, 596, '2356472', '78996438', '53863672', 5000, '5864868', 'no', 'no', 'no', 'janaki', 'TMB BANK', 'THOOTHUKUDI', 'No', 'Part_time', 'AU65522', 'No', '587868666694', 'TMB0234', 'active'),
('950321104001', 11, 9, '2003-01-04', 'Aathi durai', 'M', 'Student', 'img/aathi.jpg', 'Male', '164', '50', '121212345', '2222245645', '44444444565', '66666666464', '12543465098', '545345345787', '1h/882 housing board', 'kerala', 'kerala', '628009', 'scare in hand', 'tamil', 'english', 'o+', 'Vignesh@gmail.com', 'Reading,dance', 'india', 'hindu', '-', 'MBC', 'Management', 'Durai', 'Lakshmi', 'Vignesh guardian', 'img/bmom.jpg', 'img/fdad.jpg', 'img/bgaurd.jpg', 'coolie', 'coolie', '10th', '2020-11-12', 'No', 'No', 0, 'No', 'no', 'no', 'No', 0, 'nil', '6734788347', '86', 'good', 'good', '80', 'no', 'no', 'good', 'good', 'normal', 'talented', '43895456', 'udangudi', '2023-06-22', 'Passport Active', '20/3/2023', '45795498', '2025-03-13', 460, 596, '2356472', '78996438', '53863672', 5000, '5864868', 'no', 'no', 'no', 'Aathi durai', 'Canara Bank', 'THOOTHUKUDI', 'No', 'Part_time', 'AU65523', 'No', '587868666695', 'CNR0023', 'active'),
('950321104002', 11, 11, '2003-02-04', 'Abishek A Stepan', 'S', 'Student', 'img/stepan.jpg', 'Male', '164', '50', '121212345', '2222245645', '44444444565', '66666666464', '12543465098', '545345345787', '1h/882 housing board', 'kerala', 'kerala', '628009', 'scare in hand', 'tamil', 'english', 'o+', 'Vignesh@gmail.com', 'Reading,dance', 'india', 'hindu', '-', 'MBC', 'Management', 'Durai', 'Lakshmi', 'Vignesh guardian', 'img/bmom.jpg', 'img/fdad.jpg', 'img/bgaurd.jpg', 'coolie', 'coolie', '10th', '2020-11-12', 'No', 'No', 0, 'No', 'no', 'no', 'No', 0, 'nil', '6734788347', '86', 'good', 'good', '80', 'no', 'no', 'good', 'good', 'normal', 'talented', '43895456', 'udangudi', '2023-06-22', 'Passport Active', '20/3/2023', '45795498', '2025-03-13', 460, 596, '2356472', '78996438', '53863672', 5000, '5864868', 'no', 'no', 'no', 'Abishek A Stepan', 'TMB BANK', 'THOOTHUKUDI', 'No', 'Part_time', 'AU65524', 'No', '587868666696', 'TMB0234', 'active'),
('950321104004', 11, 16, '2003-03-04', 'Alwin', 'K', 'Student', 'img/alwin.jpg', 'Male', '164', '50', '121212345', '2222245645', '44444444565', '66666666464', '12543465098', '545345345787', '1h/882 housing board', 'kerala', 'kerala', '628009', 'scare in hand', 'tamil', 'english', 'o+', 'Vignesh@gmail.com', 'Reading,dance', 'india', 'hindu', '-', 'MBC', 'Management', 'Durai', 'Lakshmi', 'Vignesh guardian', 'img/bmom.jpg', 'img/fdad.jpg', 'img/bgaurd.jpg', 'coolie', 'coolie', '10th', '2020-11-12', 'No', 'No', 0, 'No', 'no', 'no', 'No', 0, 'nil', '6734788347', '86', 'good', 'good', '80', 'no', 'no', 'good', 'good', 'normal', 'talented', '43895456', 'udangudi', '2023-06-22', 'Passport Active', '20/3/2023', '45795498', '2025-03-13', 460, 596, '2356472', '78996438', '53863672', 5000, '5864868', 'no', 'no', 'no', 'Alwin', 'Canara Bank', 'THOOTHUKUDI', 'No', 'Part_time', 'AU65525', 'No', '587868666697', 'CNR0023', 'active'),
('950321104005', 11, 9, '2003-04-04', 'Mari', 'Muthu', 'Student', 'img/muthu.jpg', 'Male', '164', '50', '121212345', '2222245645', '44444444565', '66666666464', '12543465098', '545345345787', '1h/882 housing board', 'kerala', 'kerala', '628009', 'scare in hand', 'tamil', 'english', 'o+', 'Vignesh@gmail.com', 'Reading,dance', 'india', 'hindu', '-', 'MBC', 'Management', 'Durai', 'Lakshmi', 'Vignesh guardian', 'img/bmom.jpg', 'img/fdad.jpg', 'img/bgaurd.jpg', 'coolie', 'coolie', '10th', '2020-11-12', 'No', 'No', 0, 'No', 'no', 'no', 'No', 0, 'nil', '6734788347', '86', 'good', 'good', '80', 'no', 'no', 'good', 'good', 'normal', 'talented', '43895456', 'udangudi', '2023-06-22', 'Passport Active', '20/3/2023', '45795498', '2025-03-13', 460, 596, '2356472', '78996438', '53863672', 5000, '5864868', 'no', 'no', 'no', 'Marimuthu', 'TMB BANK', 'THOOTHUKUDI', 'No', 'Part_time', 'AU65526', 'No', '587868666698', 'TMB0234', 'active'),
('950321104007', 11, 11, '2003-05-04', 'Anantha', 'Kumaran', 'Student', 'img/ananthu.jpg', 'Male', '164', '50', '121212345', '2222245645', '44444444565', '66666666464', '12543465098', '545345345787', '1h/882 housing board', 'kerala', 'kerala', '628009', 'scare in hand', 'tamil', 'english', 'o+', 'Vignesh@gmail.com', 'Reading,dance', 'india', 'hindu', '-', 'MBC', 'Management', 'Durai', 'Lakshmi', 'Vignesh guardian', 'img/bmom.jpg', 'img/fdad.jpg', 'img/bgaurd.jpg', 'coolie', 'coolie', '10th', '2020-11-12', 'No', 'No', 0, 'No', 'no', 'no', 'No', 0, 'nil', '6734788347', '86', 'good', 'good', '80', 'no', 'no', 'good', 'good', 'normal', 'talented', '43895456', 'udangudi', '2023-06-22', 'Passport Active', '20/3/2023', '45795498', '2025-03-13', 460, 596, '2356472', '78996438', '53863672', 5000, '5864868', 'no', 'no', 'no', 'Ananthakumaran', 'Canara Bank', 'THOOTHUKUDI', 'No', 'Part_time', 'AU65527', 'No', '587868666699', 'CNR0023', 'active'),
('950321104010', 11, 16, '2003-06-04', 'Anush', 'M', 'Student', 'img/anush.jpg', 'Male', '164', '50', '121212345', '2222245645', '44444444565', '66666666464', '12543465098', '545345345787', '1h/882 housing board', 'kerala', 'kerala', '628009', 'scare in hand', 'tamil', 'english', 'o+', 'Vignesh@gmail.com', 'Reading,dance', 'india', 'hindu', '-', 'MBC', 'Management', 'Durai', 'Lakshmi', 'Vignesh guardian', 'img/bmom.jpg', 'img/fdad.jpg', 'img/bgaurd.jpg', 'coolie', 'coolie', '10th', '2020-11-12', 'No', 'No', 0, 'No', 'no', 'no', 'No', 0, 'nil', '6734788347', '86', 'good', 'good', '80', 'no', 'no', 'good', 'good', 'normal', 'talented', '43895456', 'udangudi', '2023-06-22', 'Passport Active', '20/3/2023', '45795498', '2025-03-13', 460, 596, '2356472', '78996438', '53863672', 5000, '5864868', 'no', 'no', 'no', 'Anush', 'TMB BANK', 'THOOTHUKUDI', 'No', 'Part_time', 'AU65528', 'No', '587868666700', 'TMB0234', 'active'),
('950321104011', 11, 9, '2003-07-04', 'Aravind', 'M', 'Student', 'img/aravind.jpg', 'Male', '164', '50', '121212345', '2222245645', '44444444565', '66666666464', '12543465098', '545345345787', '1h/882 housing board', 'kerala', 'kerala', '628009', 'scare in hand', 'tamil', 'english', 'o+', 'Vignesh@gmail.com', 'Reading,dance', 'india', 'hindu', '-', 'MBC', 'Management', 'Durai', 'Lakshmi', 'Vignesh guardian', 'img/bmom.jpg', 'img/fdad.jpg', 'img/bgaurd.jpg', 'coolie', 'coolie', '10th', '2020-11-12', 'No', 'No', 0, 'No', 'no', 'no', 'No', 0, 'nil', '6734788347', '86', 'good', 'good', '80', 'no', 'no', 'good', 'good', 'normal', 'talented', '43895456', 'udangudi', '2023-06-22', 'Passport Active', '20/3/2023', '45795498', '2025-03-13', 460, 596, '2356472', '78996438', '53863672', 5000, '5864868', 'no', 'no', 'no', 'Aravind', 'Canara Bank', 'THOOTHUKUDI', 'No', 'Part_time', 'AU65529', 'No', '587868666701', 'CNR0023', 'active'),
('950321104012', 11, 11, '2003-08-04', 'Arul rino fernando', 'M', 'Student', 'img/arul.jpg', 'Male', '164', '50', '121212345', '2222245645', '44444444565', '66666666464', '12543465098', '545345345787', '1h/882 housing board', 'kerala', 'kerala', '', 'scare in hand', 'tamil', 'english', 'o+', 'Vignesh@gmail.com', 'Reading,dance', 'india', 'hindu', '-', 'MBC', 'Management', 'Durai', 'Lakshmi', 'Vignesh guardian', 'img/bmom.jpg', 'img/fdad.jpg', 'img/bgaurd.jpg', 'coolie', 'coolie', '10th', '2020-11-12', 'No', 'No', 0, 'No', 'no', 'no', 'No', 0, 'nil', '6734788347', '86', 'good', 'good', '80', 'no', 'no', 'good', 'good', 'normal', 'talented', '43895456', 'udangudi', '2023-06-22', 'Passport Active', '20/3/2023', '45795498', '2025-03-13', 460, 596, '2356472', '78996438', '53863672', 5000, '5864868', 'no', 'no', 'no', 'Arul rino fernando', 'TMB BANK', 'THOOTHUKUDI', 'No', 'Part_time', 'AU65530', 'No', '587868666702', 'TMB0234', 'active'),
('950321104015', 11, 16, '2003-09-04', 'Denni thomas', 'M', 'Student', 'img/denni.jpg', 'Male', '164', '50', '121212345', '2222245645', '44444444565', '66666666464', '12543465098', '545345345787', '1h/882 housing board', 'kerala', 'kerala', '628009', 'scare in hand', 'tamil', 'english', 'o+', 'Vignesh@gmail.com', 'Reading,dance', 'india', 'hindu', '-', 'MBC', 'Management', 'Durai', 'Lakshmi', 'Vignesh guardian', 'img/bmom.jpg', 'img/fdad.jpg', 'img/bgaurd.jpg', 'coolie', 'coolie', '10th', '2020-11-12', 'No', 'No', 0, 'No', 'no', 'no', 'No', 0, 'nil', '6734788347', '86', 'good', 'good', '80', 'no', 'no', 'good', 'good', 'normal', 'talented', '43895456', 'udangudi', '2023-06-22', 'Passport Active', '20/3/2023', '45795498', '2025-03-13', 460, 596, '2356472', '78996438', '53863672', 5000, '5864868', 'no', 'no', 'no', 'Denni thomas', 'Canara Bank', 'THOOTHUKUDI', 'No', 'Part_time', 'AU65531', 'No', '587868666703', 'CNR0023', 'active'),
('950321104028', 11, 9, '2003-10-04', 'Mark s thomas', 'M', 'Student', 'img/thomas.jpg', 'Male', '164', '50', '121212345', '2222245645', '44444444565', '66666666464', '12543465098', '545345345787', '1h/882 housing board', 'kerala', 'kerala', '628009', 'scare in hand', 'tamil', 'english', 'o+', 'Vignesh@gmail.com', 'Reading,dance', 'india', 'hindu', '-', 'MBC', 'Management', 'Durai', 'Lakshmi', 'Vignesh guardian', 'img/bmom.jpg', 'img/fdad.jpg', 'img/bgaurd.jpg', 'coolie', 'coolie', '10th', '2020-11-12', 'No', 'No', 0, 'No', 'no', 'no', 'No', 0, 'nil', '6734788347', '86', 'good', 'good', '80', 'no', 'no', 'good', 'good', 'normal', 'talented', '43895456', 'udangudi', '2023-06-22', 'Passport Active', '20/3/2023', '45795498', '2025-03-13', 460, 596, '2356472', '78996438', '53863672', 5000, '5864868', 'no', 'no', 'no', 'Mark s thomas', 'TMB BANK', 'THOOTHUKUDI', 'No', 'Part_time', 'AU65532', 'No', '587868666704', 'TMB0234', 'active');
INSERT INTO `erp_student` (`stu_id`, `cls_id`, `fee_id`, `stu_dob`, `stu_fname`, `stu_lname`, `r_rolename`, `stu_img`, `stu_gender`, `stu_height`, `stu_weight`, `stu_mobile`, `stu_fmobile`, `stu_mmobile`, `stu_gmobile`, `stu_admno`, `stu_aadhar`, `stu_padd`, `stu_city`, `stu_state`, `stu_zip`, `stu_idmark`, `stu_mlang`, `stu_klang`, `stu_bloodgrp`, `stu_email`, `stu_hobbies`, `stu_nationality`, `stu_religion`, `stu_caste`, `stu_community`, `stu_quota`, `stu_father`, `stu_mother`, `stu_guardian`, `stu_motherimg`, `stu_fatherimg`, `stu_guardianimg`, `stu_foccupation`, `stu_moccupation`, `stu_fqualification`, `stu_doj`, `stu_transport`, `stu_hostel`, `h_id`, `stu_roomno`, `stu_disability`, `stu_disid`, `stu_distype`, `stu_disper`, `stu_pdoctor`, `stu_pdoctorno`, `stu_bp`, `stu_visionL`, `stu_visionR`, `stu_pulse`, `stu_squint`, `stu_pallor`, `stu_eyecon`, `stu_dentalcon`, `stu_healthcon`, `stu_comments`, `stu_ppno`, `stu_ppissueat`, `stu_ppexpdate`, `stu_visa`, `stu_issuedate`, `stu_visano`, `stu_visaexpdate`, `stu_10thmark`, `stu_12thmark`, `stu_comcerno`, `stu_10theno`, `stu_12theno`, `stu_income`, `stu_inccerno`, `stu_orphan`, `stu_fg`, `stu_splcat`, `stu_nameasbank`, `stu_bankname`, `stu_brancename`, `stu_lateral`, `stu_coursetype`, `stu_councellingno`, `stu_hosteltype`, `stu_accno`, `stu_ifsc`, `stu_status`) VALUES
('950321105003', 9, 25, '2002-09-07', 'pranav', 'kumar', 'Student', 'img/pranav.jpg', 'Male', '175', '50', '121212221', '2222222222', '44444444444', '66666666666', '12546788098', '545454548787', '1h/882 housing board', 'thirunelveli', 'tamilnadu', '628003', 'scare in hand', 'tamil', 'english', 'A', 'jero@gmail.com', 'speech', 'india', 'hindu', '-', 'BC', 'Management', 'Raju', 'Devi', 'jero guardian', 'img/bmom.jpg', 'img/fdad.jpg', 'img/bgaurd.jpg', 'coolie', 'coolie', '10th', '2020-11-12', 'No', 'No', 0, 'No', 'no', 'no', 'No', 0, 'nil', '6734788347', '86', 'good', 'good', '80', 'no', 'no', 'good', 'good', 'normal', 'talented', '43895456', 'udangudi', '2023-06-22', 'Passport Active', '20/3/2023', '45795498', '2025-03-13', 460, 596, '2356472', '78996438', '53863672', 5000, '5864868', 'no', 'no', 'no', 'pranavkumar', 'Canara Bank', 'THOOTHUKUDI', 'No', 'Part_time', 'AU65533', 'No', '587868666705', 'TMB0234', 'active'),
('950321105005', 9, 27, '2003-03-01', 'bala', 'sundar', 'Student', 'img/bala.jpg', 'Male', '169', '50', '121212121', '2222222222', '44444444444', '66666666666', '12546788098', '545454548787', '1h/882 housing board', 'tuty', 'tamilnadu', '628008', 'scare in hand', 'tamil', 'english', 'b+', 'babu@gmail.com', 'singing', 'india', 'hindu', '-', 'BC', 'Management', 'Jayaram', 'Vijaya', 'babu guardian', 'img/bmom.jpg', 'img/fdad.jpg', 'img/bgaurd.jpg', 'coolie', 'coolie', '10th', '2020-11-12', 'No', 'No', 0, 'No', 'no', 'no', 'No', 0, 'nil', '6734788347', '86', 'good', 'good', '80', 'no', 'no', 'good', 'good', 'normal', 'talented', '43895456', 'udangudi', '2023-06-22', 'Passport Active', '20/3/2023', '45795498', '2025-03-13', 460, 596, '2356472', '78996438', '53863672', 5000, '5864868', 'no', 'no', 'no', 'balasundhar', 'TMB BANK', 'THOOTHUKUDI', 'No', 'Part_time', 'AU65534', 'No', '587868666706', 'CNR0023', 'active'),
('950321105006', 9, 32, '2002-01-07', 'hari ', 'ram', 'Student', 'img/hari.jpg', 'Male', '175', '50', '121212221', '2222222222', '44444444444', '66666666666', '12546788098', '545454548787', '1h/882 housing board', 'thirunelveli', 'tamilnadu', '628003', 'scare in hand', 'tamil', 'english', 'A', 'jero@gmail.com', 'speech', 'india', 'hindu', '-', 'BC', 'Management', 'Raju', 'Devi', 'jero guardian', 'img/bmom.jpg', 'img/fdad.jpg', 'img/bgaurd.jpg', 'coolie', 'coolie', '10th', '2020-11-12', 'No', 'No', 0, 'No', 'no', 'no', 'No', 0, 'nil', '6734788347', '86', 'good', 'good', '80', 'no', 'no', 'good', 'good', 'normal', 'talented', '43895456', 'udangudi', '2023-06-22', 'Passport Active', '20/3/2023', '45795498', '2025-03-13', 460, 596, '2356472', '78996438', '53863672', 5000, '5864868', 'no', 'no', 'no', 'hariraam', 'Canara Bank', 'THOOTHUKUDI', 'No', 'Part_time', 'AU65535', 'No', '587868666707', 'TMB0234', 'active'),
('950321105007', 9, 25, '2003-02-07', 'leela ', 'devi', 'Student', 'img/leele.jpg', 'Female', '175', '50', '121212221', '2222222222', '44444444444', '66666666666', '12546788098', '545454548787', '1h/882 housing board', 'thirunelveli', 'tamilnadu', '628003', 'scare in hand', 'tamil', 'english', 'A', 'jero@gmail.com', 'speech', 'india', 'hindu', '-', 'BC', 'Management', 'Raju', 'Devi', 'jero guardian', 'img/bmom.jpg', 'img/fdad.jpg', 'img/bgaurd.jpg', 'coolie', 'coolie', '10th', '2020-11-12', 'No', 'No', 0, 'No', 'no', 'no', 'No', 0, 'nil', '6734788347', '86', 'good', 'good', '80', 'no', 'no', 'good', 'good', 'normal', 'talented', '43895456', 'udangudi', '2023-06-22', 'Passport Active', '20/3/2023', '45795498', '2025-03-13', 460, 596, '2356472', '78996438', '53863672', 5000, '5864868', 'no', 'no', 'no', 'leela Devi', 'TMB BANK', 'THOOTHUKUDI', 'No', 'Part_time', 'AU65536', 'No', '587868666708', 'CNR0023', 'active'),
('950321105008', 9, 27, '2002-03-07', 'abhinaya', 's', 'Student', 'img/abi.jpg', 'Female', '175', '50', '121212221', '2222222222', '44444444444', '66666666666', '12546788098', '545454548787', '1h/882 housing board', 'thirunelveli', 'tamilnadu', '628003', 'scare in hand', 'tamil', 'english', 'A', 'jero@gmail.com', 'speech', 'india', 'hindu', '-', 'BC', 'Management', 'Raju', 'Devi', 'jero guardian', 'img/bmom.jpg', 'img/fdad.jpg', 'img/bgaurd.jpg', 'coolie', 'coolie', '10th', '2020-11-12', 'No', 'No', 0, 'No', 'no', 'no', 'No', 0, 'nil', '6734788347', '86', 'good', 'good', '80', 'no', 'no', 'good', 'good', 'normal', 'talented', '43895456', 'udangudi', '2023-06-22', 'Passport Active', '20/3/2023', '45795498', '2025-03-13', 460, 596, '2356472', '78996438', '53863672', 5000, '5864868', 'no', 'no', 'no', 'abhinaya', 'Canara Bank', 'THOOTHUKUDI', 'No', 'Part_time', 'AU65537', 'No', '587868666709', 'TMB0234', 'active'),
('950321105009', 9, 32, '2003-04-07', 'jeya', 'priya', 'Student', 'img/rpriya.jpg', 'Female', '175', '50', '121212221', '2222222222', '44444444444', '66666666666', '12546788098', '545454548787', '1h/882 housing board', 'thirunelveli', 'tamilnadu', '628003', 'scare in hand', 'tamil', 'english', 'A', 'jero@gmail.com', 'speech', 'india', 'hindu', '-', 'BC', 'Management', 'Raju', 'Devi', 'jero guardian', 'img/bmom.jpg', 'img/fdad.jpg', 'img/bgaurd.jpg', 'coolie', 'coolie', '10th', '2020-11-12', 'No', 'No', 0, 'No', 'no', 'no', 'No', 0, 'nil', '6734788347', '86', 'good', 'good', '80', 'no', 'no', 'good', 'good', 'normal', 'talented', '43895456', 'udangudi', '2023-06-22', 'Passport Active', '20/3/2023', '45795498', '2025-03-13', 460, 596, '2356472', '78996438', '53863672', 5000, '5864868', 'no', 'no', 'no', 'jeyapriya', 'TMB BANK', 'THOOTHUKUDI', 'No', 'Part_time', 'AU65538', 'No', '587868666710', 'CNR0023', 'active'),
('950321105010', 9, 25, '2002-05-07', 'karthiga ', 's', 'Student', 'img/karthiga.jpg', 'Female', '175', '50', '121212221', '2222222222', '44444444444', '66666666666', '12546788098', '545454548787', '1h/882 housing board', 'thirunelveli', 'tamilnadu', '628003', 'scare in hand', 'tamil', 'english', 'A', 'jero@gmail.com', 'speech', 'india', 'hindu', '-', 'BC', 'Management', 'Raju', 'Devi', 'jero guardian', 'img/bmom.jpg', 'img/fdad.jpg', 'img/bgaurd.jpg', 'coolie', 'coolie', '10th', '2020-11-12', 'No', 'No', 0, 'No', 'no', 'no', 'No', 0, 'nil', '6734788347', '86', 'good', 'good', '80', 'no', 'no', 'good', 'good', 'normal', 'talented', '43895456', 'udangudi', '2023-06-22', 'Passport Active', '20/3/2023', '45795498', '2025-03-13', 460, 596, '2356472', '78996438', '53863672', 5000, '5864868', 'no', 'no', 'no', 'karthiga', 'Canara Bank', 'THOOTHUKUDI', 'No', 'Part_time', 'AU65539', 'No', '587868666711', 'CNR0023', 'active'),
('950321105011', 9, 27, '2003-06-01', 'sasdika', 'e', 'Student', 'img/sasdika.jpg', 'Female', '169', '50', '121212121', '2222222222', '44444444444', '66666666666', '12546788098', '545454548787', '1h/882 housing board', 'tuty', 'tamilnadu', '628008', 'scare in hand', 'tamil', 'english', 'b+', 'babu@gmail.com', 'singing', 'india', 'hindu', '-', 'BC', 'Management', 'Jayaram', 'Vijaya', 'babu guardian', 'img/bmom.jpg', 'img/fdad.jpg', 'img/bgaurd.jpg', 'coolie', 'coolie', '10th', '2020-11-12', 'No', 'No', 0, 'No', 'no', 'no', 'No', 0, 'nil', '6734788347', '86', 'good', 'good', '80', 'no', 'no', 'good', 'good', 'normal', 'talented', '43895456', 'udangudi', '2023-06-22', 'Passport Active', '20/3/2023', '45795498', '2025-03-13', 460, 596, '2356472', '78996438', '53863672', 5000, '5864868', 'no', 'no', 'no', 'sasdika', 'TMB BANK', 'THOOTHUKUDI', 'No', 'Part_time', 'AU65540', 'No', '587868666712', 'TMB0234', 'active'),
('950321105012', 9, 32, '2002-07-07', 'godjin ', 'damy', 'Student', 'img/godji.jpg', 'Male', '175', '50', '121212221', '2222222222', '44444444444', '66666666666', '12546788098', '545454548787', '1h/882 housing board', 'thirunelveli', 'tamilnadu', '628003', 'scare in hand', 'tamil', 'english', 'A', 'jero@gmail.com', 'speech', 'india', 'hindu', '-', 'BC', 'Management', 'Raju', 'Devi', 'jero guardian', 'img/bmom.jpg', 'img/fdad.jpg', 'img/bgaurd.jpg', 'coolie', 'coolie', '10th', '2020-11-12', 'No', 'No', 0, 'No', 'no', 'no', 'No', 0, 'nil', '6734788347', '86', 'good', 'good', '80', 'no', 'no', 'good', 'good', 'normal', 'talented', '43895456', 'udangudi', '2023-06-22', 'Passport Active', '20/3/2023', '45795498', '2025-03-13', 460, 596, '2356472', '78996438', '53863672', 5000, '5864868', 'no', 'no', 'no', 'godjin', 'Canara Bank', 'THOOTHUKUDI', 'No', 'Part_time', 'AU65541', 'No', '587868666713', 'CNR0023', 'active'),
('950321105013', 9, 25, '2003-08-07', 'prami', 'jenitta', 'Student', 'img/prami.jpg', 'Male', '175', '50', '121212221', '2222222222', '44444444444', '66666666666', '12546788098', '545454548787', '1h/882 housing board', 'thirunelveli', 'tamilnadu', '628003', 'scare in hand', 'tamil', 'english', 'A', 'jero@gmail.com', 'speech', 'india', 'hindu', '-', 'BC', 'Management', 'Raju', 'Devi', 'jero guardian', 'img/bmom.jpg', 'img/fdad.jpg', 'img/bgaurd.jpg', 'coolie', 'coolie', '10th', '2020-11-12', 'No', 'No', 0, 'No', 'no', 'no', 'No', 0, 'nil', '6734788347', '86', 'good', 'good', '80', 'no', 'no', 'good', 'good', 'normal', 'talented', '43895456', 'udangudi', '2023-06-22', 'Passport Active', '20/3/2023', '45795498', '2025-03-13', 460, 596, '2356472', '78996438', '53863672', 5000, '5864868', 'no', 'no', 'no', 'prami', 'TMB BANK', 'THOOTHUKUDI', 'No', 'Part_time', 'AU65542', 'No', '587868666714', 'TMB0234', 'active'),
('950321105014', 9, 27, '2002-09-07', 'shanmuga', 'sundari', 'Student', 'img/sanmuga.jpg', 'Male', '175', '50', '121212221', '2222222222', '44444444444', '66666666666', '12546788098', '545454548787', '1h/882 housing board', 'thirunelveli', 'tamilnadu', '628003', 'scare in hand', 'tamil', 'english', 'A', 'jero@gmail.com', 'speech', 'india', 'hindu', '-', 'BC', 'Management', 'Raju', 'Devi', 'jero guardian', 'img/bmom.jpg', 'img/fdad.jpg', 'img/bgaurd.jpg', 'coolie', 'coolie', '10th', '2020-11-12', 'No', 'No', 0, 'No', 'no', 'no', 'No', 0, 'nil', '6734788347', '86', 'good', 'good', '80', 'no', 'no', 'good', 'good', 'normal', 'talented', '43895456', 'udangudi', '2023-06-22', 'Passport Active', '20/3/2023', '45795498', '2025-03-13', 460, 596, '2356472', '78996438', '53863672', 5000, '5864868', 'no', 'no', 'no', 'shanmuga', 'Canara Bank', 'THOOTHUKUDI', 'No', 'Part_time', 'AU65543', 'No', '587868666715', 'CNR0023', 'active'),
('950321105015', 9, 32, '2003-10-07', 'amira ', 'mabel', 'Student', 'img/amira.jpg', 'Female', '175', '50', '121212221', '2222222222', '44444444444', '66666666666', '12546788098', '545454548787', '1h/882 housing board', 'thirunelveli', 'tamilnadu', '628003', 'scare in hand', 'tamil', 'english', 'A', 'jero@gmail.com', 'speech', 'india', 'hindu', '-', 'BC', 'Management', 'Raju', 'Devi', 'jero guardian', 'img/bmom.jpg', 'img/fdad.jpg', 'img/bgaurd.jpg', 'coolie', 'coolie', '10th', '2020-11-12', 'No', 'No', 0, 'No', 'no', 'no', 'No', 0, 'nil', '6734788347', '86', 'good', 'good', '80', 'no', 'no', 'good', 'good', 'normal', 'talented', '43895456', 'udangudi', '2023-06-22', 'Passport Active', '20/3/2023', '45795498', '2025-03-13', 460, 596, '2356472', '78996438', '53863672', 5000, '5864868', 'no', 'no', 'no', 'amira', 'TMB BANK', 'THOOTHUKUDI', 'No', 'Part_time', 'AU65544', 'No', '587868666716', 'TMB0234', 'active'),
('950321105016', 9, 25, '2002-09-07', 'aasha', 'm', 'Student', 'img/aasa.jpg', 'Female', '175', '50', '121212221', '2222222222', '44444444444', '66666666666', '12546788098', '545454548787', '1h/882 housing board', 'thirunelveli', 'tamilnadu', '628003', 'scare in hand', 'tamil', 'english', 'A', 'jero@gmail.com', 'speech', 'india', 'hindu', '-', 'BC', 'Management', 'Raju', 'Devi', 'jero guardian', 'img/bmom.jpg', 'img/fdad.jpg', 'img/bgaurd.jpg', 'coolie', 'coolie', '10th', '2020-11-12', 'No', 'No', 0, 'No', 'no', 'no', 'No', 0, 'nil', '6734788347', '86', 'good', 'good', '80', 'no', 'no', 'good', 'good', 'normal', 'talented', '43895456', 'udangudi', '2023-06-22', 'Passport Active', '20/3/2023', '45795498', '2025-03-13', 460, 596, '2356472', '78996438', '53863672', 5000, '5864868', 'no', 'no', 'no', 'aasha', 'Canara Bank', 'THOOTHUKUDI', 'No', 'Part_time', 'AU65545', 'No', '587868666717', 'CNR0023', 'active'),
('950321105017', 9, 27, '2003-05-07', 'jeron', 'r', 'Student', 'img/jeron.jpg', 'Male', '175', '50', '121212221', '2222222222', '44444444444', '66666666666', '12546788098', '545454548787', '1h/882 housing board', 'thirunelveli', 'tamilnadu', '628003', 'scare in hand', 'tamil', 'english', 'A', 'jero@gmail.com', 'speech', 'india', 'hindu', '-', 'BC', 'Management', 'Raju', 'Devi', 'jero guardian', 'img/bmom.jpg', 'img/fdad.jpg', 'img/bgaurd.jpg', 'coolie', 'coolie', '10th', '2020-11-12', 'No', 'No', 0, 'No', 'no', 'no', 'No', 0, 'nil', '6734788347', '86', 'good', 'good', '80', 'no', 'no', 'good', 'good', 'normal', 'talented', '43895456', 'udangudi', '2023-06-22', 'Passport Active', '20/3/2023', '45795498', '2025-03-13', 460, 596, '2356472', '78996438', '53863672', 5000, '5864868', 'no', 'no', 'no', 'jeron', 'TMB BANK', 'THOOTHUKUDI', 'No', 'Part_time', 'AU65546', 'No', '587868666718', 'TMB0234', 'active'),
('950321105018', 9, 32, '2002-04-07', 'aman', 'kumar', 'Student', 'img/aman.jpg', 'Male', '175', '50', '121212221', '2222222222', '44444444444', '66666666666', '12546788098', '545454548787', '1h/882 housing board', 'thirunelveli', 'tamilnadu', '628003', 'scare in hand', 'tamil', 'english', 'A', 'jero@gmail.com', 'speech', 'india', 'hindu', '-', 'BC', 'Management', 'Raju', 'Devi', 'jero guardian', 'img/bmom.jpg', 'img/fdad.jpg', 'img/bgaurd.jpg', 'coolie', 'coolie', '10th', '2020-11-12', 'No', 'No', 0, 'No', 'no', 'no', 'No', 0, 'nil', '6734788347', '86', 'good', 'good', '80', 'no', 'no', 'good', 'good', 'normal', 'talented', '43895456', 'udangudi', '2023-06-22', 'Passport Active', '20/3/2023', '45795498', '2025-03-13', 460, 596, '2356472', '78996438', '53863672', 5000, '5864868', 'no', 'no', 'no', 'aman', 'Canara Bank', 'THOOTHUKUDI', 'No', 'Part_time', 'AU65547', 'No', '587868666719', 'CNR0023', 'active'),
('950321106003', 10, 17, '2003-01-01', 'kumar', 'pranav', 'Student', 'img/kumar.jpg', 'Male', '175', '50', '121212221', '2222222222', '44444444444', '66666666666', '12546788098', '545454548787', '1h/882 housing board', 'thirunelveli', 'tamilnadu', '628003', 'scare in hand', 'tamil', 'english', 'A', 'jero@gmail.com', 'speech', 'india', 'hindu', '-', 'BC', 'Management', 'Raju', 'Devi', 'jero guardian', 'img/bmom.jpg', 'img/fdad.jpg', 'img/bgaurd.jpg', 'coolie', 'coolie', '10th', '2020-11-12', 'No', 'No', 0, 'No', 'no', 'no', 'No', 0, 'nil', '6734788347', '86', 'good', 'good', '80', 'no', 'no', 'good', 'good', 'normal', 'talented', '43895456', 'udangudi', '2023-06-22', 'Passport Active', '20/3/2023', '45795498', '2025-03-13', 460, 596, '2356472', '78996438', '53863672', 5000, '5864868', 'no', 'no', 'no', 'kumar', 'TMB BANK', 'THOOTHUKUDI', 'No', 'Part_time', 'AU65548', 'No', '587868666720', 'TMB0234', 'active'),
('950321106005', 10, 19, '2003-02-02', 'sundar', 'bala', 'Student', 'img/sundga.jpg', 'Male', '169', '50', '121212121', '2222222222', '44444444444', '66666666666', '12546788098', '545454548787', '1h/882 housing board', 'tuty', 'tamilnadu', '628008', 'scare in hand', 'tamil', 'english', 'b+', 'babu@gmail.com', 'singing', 'india', 'hindu', '-', 'BC', 'Management', 'Jayaram', 'Vijaya', 'babu guardian', 'img/bmom.jpg', 'img/fdad.jpg', 'img/bgaurd.jpg', 'coolie', 'coolie', '10th', '2020-11-12', 'No', 'No', 0, 'No', 'no', 'no', 'No', 0, 'nil', '6734788347', '86', 'good', 'good', '80', 'no', 'no', 'good', 'good', 'normal', 'talented', '43895456', 'udangudi', '2023-06-22', 'Passport Active', '20/3/2023', '45795498', '2025-03-13', 460, 596, '2356472', '78996438', '53863672', 5000, '5864868', 'no', 'no', 'no', 'sundarbala', 'Canara Bank', 'THOOTHUKUDI', 'No', 'Part_time', 'AU65549', 'No', '587868666721', 'CNR0023', 'active'),
('950321106006', 10, 24, '2003-03-03', 'ram', 'hari ', 'Student', 'img/ram.jpg', 'Male', '175', '50', '121212221', '2222222222', '44444444444', '66666666666', '12546788098', '545454548787', '1h/882 housing board', 'thirunelveli', 'tamilnadu', '628003', 'scare in hand', 'tamil', 'english', 'A', 'jero@gmail.com', 'speech', 'india', 'hindu', '-', 'BC', 'Management', 'Raju', 'Devi', 'jero guardian', 'img/bmom.jpg', 'img/fdad.jpg', 'img/bgaurd.jpg', 'coolie', 'coolie', '10th', '2020-11-12', 'No', 'No', 0, 'No', 'no', 'no', 'No', 0, 'nil', '6734788347', '86', 'good', 'good', '80', 'no', 'no', 'good', 'good', 'normal', 'talented', '43895456', 'udangudi', '2023-06-22', 'Passport Active', '20/3/2023', '45795498', '2025-03-13', 460, 596, '2356472', '78996438', '53863672', 5000, '5864868', 'no', 'no', 'no', 'ramhari', 'TMB BANK', 'THOOTHUKUDI', 'No', 'Part_time', 'AU65550', 'No', '587868666722', 'TMB0234', 'active'),
('950321106007', 10, 17, '2003-04-04', 'devi', 'leela ', 'Student', 'img/devi.jpg', 'Male', '175', '50', '121212221', '2222222222', '44444444444', '66666666666', '12546788098', '545454548787', '1h/882 housing board', 'thirunelveli', 'tamilnadu', '628003', 'scare in hand', 'tamil', 'english', 'A', 'jero@gmail.com', 'speech', 'india', 'hindu', '-', 'BC', 'Management', 'Raju', 'Devi', 'jero guardian', 'img/bmom.jpg', 'img/fdad.jpg', 'img/bgaurd.jpg', 'coolie', 'coolie', '10th', '2020-11-12', 'No', 'No', 0, 'No', 'no', 'no', 'No', 0, 'nil', '6734788347', '86', 'good', 'good', '80', 'no', 'no', 'good', 'good', 'normal', 'talented', '43895456', 'udangudi', '2023-06-22', 'Passport Active', '20/3/2023', '45795498', '2025-03-13', 460, 596, '2356472', '78996438', '53863672', 5000, '5864868', 'no', 'no', 'no', 'Devileela', 'Canara Bank', 'THOOTHUKUDI', 'No', 'Part_time', 'AU65551', 'No', '587868666723', 'TMB0234', 'active'),
('950321106012', 10, 19, '2003-05-08', 's', 'abhinaya', 'Student', 'img/abi.jpg', 'Female', '175', '50', '121212221', '2222222222', '44444444444', '66666666666', '12546788098', '545454548787', '1h/882 housing board', 'thirunelveli', 'tamilnadu', '628003', 'scare in hand', 'tamil', 'english', 'A', 'jero@gmail.com', 'speech', 'india', 'hindu', '-', 'BC', 'Management', 'Raju', 'Devi', 'jero guardian', 'img/bmom.jpg', 'img/fdad.jpg', 'img/bgaurd.jpg', 'coolie', 'coolie', '10th', '2020-11-12', 'No', 'No', 0, 'No', 'no', 'no', 'No', 0, 'nil', '6734788347', '86', 'good', 'good', '80', 'no', 'no', 'good', 'good', 'normal', 'talented', '43895456', 'udangudi', '2023-06-22', 'Passport Active', '20/3/2023', '45795498', '2025-03-13', 460, 596, '2356472', '78996438', '53863672', 5000, '5864868', 'no', 'no', 'no', 'abhinaya', 'TMB BANK', 'THOOTHUKUDI', 'No', 'Part_time', 'AU65552', 'No', '587868666724', 'CNR0023', 'active'),
('950321106013', 10, 24, '2003-06-11', 'priya', 'jeya', 'Student', 'img/priya.jpg', 'Female', '175', '50', '121212221', '2222222222', '44444444444', '66666666666', '12546788098', '545454548787', '1h/882 housing board', 'thirunelveli', 'tamilnadu', '628003', 'scare in hand', 'tamil', 'english', 'A', 'jero@gmail.com', 'speech', 'india', 'hindu', '-', 'BC', 'Management', 'Raju', 'Devi', 'jero guardian', 'img/bmom.jpg', 'img/fdad.jpg', 'img/bgaurd.jpg', 'coolie', 'coolie', '10th', '2020-11-12', 'No', 'No', 0, 'No', 'no', 'no', 'No', 0, 'nil', '6734788347', '86', 'good', 'good', '80', 'no', 'no', 'good', 'good', 'normal', 'talented', '43895456', 'udangudi', '2023-06-22', 'Passport Active', '20/3/2023', '45795498', '2025-03-13', 460, 596, '2356472', '78996438', '53863672', 5000, '5864868', 'no', 'no', 'no', 'priya', 'Canara Bank', 'THOOTHUKUDI', 'No', 'Part_time', 'AU65553', 'No', '587868666725', 'TMB0234', 'active'),
('950321106014', 10, 17, '2003-07-13', 's', 'karthiga ', 'Student', 'img/karthiga.jpg', 'Female', '175', '50', '121212221', '2222222222', '44444444444', '66666666666', '12546788098', '545454548787', '1h/882 housing board', 'thirunelveli', 'tamilnadu', '628003', 'scare in hand', 'tamil', 'english', 'A', 'jero@gmail.com', 'speech', 'india', 'hindu', '-', 'BC', 'Management', 'Raju', 'Devi', 'jero guardian', 'img/bmom.jpg', 'img/fdad.jpg', 'img/bgaurd.jpg', 'coolie', 'coolie', '10th', '2020-11-12', 'No', 'No', 0, 'No', 'no', 'no', 'No', 0, 'nil', '6734788347', '86', 'good', 'good', '80', 'no', 'no', 'good', 'good', 'normal', 'talented', '43895456', 'udangudi', '2023-06-22', 'Passport Active', '20/3/2023', '45795498', '2025-03-13', 460, 596, '2356472', '78996438', '53863672', 5000, '5864868', 'no', 'no', 'no', 'karthiga', 'TMB BANK', 'THOOTHUKUDI', 'No', 'Part_time', 'AU65554', 'No', '587868666726', 'CNR0023', 'active'),
('950321106015', 10, 19, '2003-08-15', 'e', 'sasdika', 'Student', 'img/sadika.jpg', 'Female', '169', '50', '121212121', '2222222222', '44444444444', '66666666666', '12546788098', '545454548787', '1h/882 housing board', 'tuty', 'tamilnadu', '628008', 'scare in hand', 'tamil', 'english', 'b+', 'babu@gmail.com', 'singing', 'india', 'hindu', '-', 'BC', 'Management', 'Jayaram', 'Vijaya', 'babu guardian', 'img/bmom.jpg', 'img/fdad.jpg', 'img/bgaurd.jpg', 'coolie', 'coolie', '10th', '2020-11-12', 'No', 'No', 0, 'No', 'no', 'no', 'No', 0, 'nil', '6734788347', '86', 'good', 'good', '80', 'no', 'no', 'good', 'good', 'normal', 'talented', '43895456', 'udangudi', '2023-06-22', 'Passport Active', '20/3/2023', '45795498', '2025-03-13', 460, 596, '2356472', '78996438', '53863672', 5000, '5864868', 'no', 'no', 'no', 'sasdika', 'Canara Bank', 'THOOTHUKUDI', 'No', 'Part_time', 'AU65555', 'No', '587868666727', 'TMB0234', 'active'),
('950321106018', 10, 27, '2003-09-17', 'damy', 'godjin ', 'Student', 'img/dammy.jpg', 'Male', '175', '50', '121212221', '2222222222', '44444444444', '66666666666', '12546788098', '545454548787', '1h/882 housing board', 'thirunelveli', 'tamilnadu', '628003', 'scare in hand', 'tamil', 'english', 'A', 'jero@gmail.com', 'speech', 'india', 'hindu', '-', 'BC', 'Management', 'Raju', 'Devi', 'jero guardian', 'img/bmom.jpg', 'img/fdad.jpg', 'img/bgaurd.jpg', 'coolie', 'coolie', '10th', '2020-11-12', 'No', 'No', 0, 'No', 'no', 'no', 'No', 0, 'nil', '6734788347', '86', 'good', 'good', '80', 'no', 'no', 'good', 'good', 'normal', 'talented', '43895456', 'udangudi', '2023-06-22', 'Passport Active', '20/3/2023', '45795498', '2025-03-13', 460, 596, '2356472', '78996438', '53863672', 5000, '5864868', 'no', 'no', 'no', 'damy', 'TMB BANK', 'THOOTHUKUDI', 'No', 'Part_time', 'AU65556', 'No', '587868666728', 'CNR0023', 'active'),
('950321106022', 10, 17, '2003-01-19', 'jenitta', 'prami', 'Student', 'img/jenitto.jpg', 'Male', '175', '50', '121212221', '2222222222', '44444444444', '66666666666', '12546788098', '545454548787', '1h/882 housing board', 'thirunelveli', 'tamilnadu', '628003', 'scare in hand', 'tamil', 'english', 'A', 'jero@gmail.com', 'speech', 'india', 'hindu', '-', 'BC', 'Management', 'Raju', 'Devi', 'jero guardian', 'img/bmom.jpg', 'img/fdad.jpg', 'img/bgaurd.jpg', 'coolie', 'coolie', '10th', '2020-11-12', 'No', 'No', 0, 'No', 'no', 'no', 'No', 0, 'nil', '6734788347', '86', 'good', 'good', '80', 'no', 'no', 'good', 'good', 'normal', 'talented', '43895456', 'udangudi', '2023-06-22', 'Passport Active', '20/3/2023', '45795498', '2025-03-13', 460, 596, '2356472', '78996438', '53863672', 5000, '5864868', 'no', 'no', 'no', 'jenitta', 'Canara Bank', 'THOOTHUKUDI', 'No', 'Part_time', 'AU65557', 'No', '587868666729', 'TMB0234', 'active'),
('950321106023', 10, 19, '2003-02-21', 'sundari', 'shanmuga', 'Student', 'img/sundari.jpg', 'Male', '175', '50', '121212221', '2222222222', '44444444444', '66666666666', '12546788098', '545454548787', '1h/882 housing board', 'thirunelveli', 'tamilnadu', '628003', 'scare in hand', 'tamil', 'english', 'A', 'jero@gmail.com', 'speech', 'india', 'hindu', '-', 'BC', 'Management', 'Raju', 'Devi', 'jero guardian', 'img/bmom.jpg', 'img/fdad.jpg', 'img/bgaurd.jpg', 'coolie', 'coolie', '10th', '2020-11-12', 'No', 'No', 0, 'No', 'no', 'no', 'No', 0, 'nil', '6734788347', '86', 'good', 'good', '80', 'no', 'no', 'good', 'good', 'normal', 'talented', '43895456', 'udangudi', '2023-06-22', 'Passport Active', '20/3/2023', '45795498', '2025-03-13', 460, 596, '2356472', '78996438', '53863672', 5000, '5864868', 'no', 'no', 'no', 'sundari', 'TMB BANK', 'THOOTHUKUDI', 'No', 'Part_time', 'AU65558', 'No', '587868666730', 'CNR0023', 'active'),
('950321106025', 10, 27, '2003-03-23', 'mabel', 'amira ', 'Student', 'img/mabel.jpg', 'Male', '175', '50', '121212221', '2222222222', '44444444444', '66666666666', '12546788098', '545454548787', '1h/882 housing board', 'thirunelveli', 'tamilnadu', '628003', 'scare in hand', 'tamil', 'english', 'A', 'jero@gmail.com', 'speech', 'india', 'hindu', '-', 'BC', 'Management', 'Raju', 'Devi', 'jero guardian', 'img/bmom.jpg', 'img/fdad.jpg', 'img/bgaurd.jpg', 'coolie', 'coolie', '10th', '2020-11-12', 'No', 'No', 0, 'No', 'no', 'no', 'No', 0, 'nil', '6734788347', '86', 'good', 'good', '80', 'no', 'no', 'good', 'good', 'normal', 'talented', '43895456', 'udangudi', '2023-06-22', 'Passport Active', '20/3/2023', '45795498', '2025-03-13', 460, 596, '2356472', '78996438', '53863672', 5000, '5864868', 'no', 'no', 'no', 'mabel', 'Canara Bank', 'THOOTHUKUDI', 'No', 'Part_time', 'AU65559', 'No', '587868666731', 'TMB0234', 'active'),
('950321106028', 10, 17, '2003-04-24', 'm', 'aasha', 'Student', 'img/aasa.jpg', 'Female', '175', '50', '121212221', '2222222222', '44444444444', '66666666666', '12546788098', '545454548787', '1h/882 housing board', 'thirunelveli', 'tamilnadu', '628003', 'scare in hand', 'tamil', 'english', 'A', 'jero@gmail.com', 'speech', 'india', 'hindu', '-', 'BC', 'Management', 'Raju', 'Devi', 'jero guardian', 'img/bmom.jpg', 'img/fdad.jpg', 'img/bgaurd.jpg', 'coolie', 'coolie', '10th', '2020-11-12', 'No', 'No', 0, 'No', 'no', 'no', 'No', 0, 'nil', '6734788347', '86', 'good', 'good', '80', 'no', 'no', 'good', 'good', 'normal', 'talented', '43895456', 'udangudi', '2023-06-22', 'Passport Active', '20/3/2023', '45795498', '2025-03-13', 460, 596, '2356472', '78996438', '53863672', 5000, '5864868', 'no', 'no', 'no', 'aasha', 'TMB BANK', 'THOOTHUKUDI', 'No', 'Part_time', 'AU65560', 'No', '587868666732', 'CNR0023', 'active'),
('950321106305', 10, 19, '2003-05-25', 'r', 'jeron', 'Student', 'img/rishu.jpg', 'Male', '175', '50', '121212221', '2222222222', '44444444444', '66666666666', '12546788098', '545454548787', '1h/882 housing board', 'thirunelveli', 'tamilnadu', '628003', 'scare in hand', 'tamil', 'english', 'A', 'jero@gmail.com', 'speech', 'india', 'hindu', '-', 'BC', 'Management', 'Raju', 'Devi', 'jero guardian', 'img/bmom.jpg', 'img/fdad.jpg', 'img/bgaurd.jpg', 'coolie', 'coolie', '10th', '2020-11-12', 'No', 'No', 0, 'No', 'no', 'no', 'No', 0, 'nil', '6734788347', '86', 'good', 'good', '80', 'no', 'no', 'good', 'good', 'normal', 'talented', '43895456', 'udangudi', '2023-06-22', 'Passport Active', '20/3/2023', '45795498', '2025-03-13', 460, 596, '2356472', '78996438', '53863672', 5000, '5864868', 'no', 'no', 'no', 'jeron', 'Canara Bank', 'THOOTHUKUDI', 'No', 'Part_time', 'AU65561', 'No', '587868666733', 'TMB0234', 'active'),
('950321106701', 10, 27, '2003-06-27', 'kumar', 'aman', 'Student', 'img/kumar.jpg', 'Male', '175', '50', '121212221', '2222222222', '44444444444', '66666666666', '12546788098', '545454548787', '1h/882 housing board', 'thirunelveli', 'tamilnadu', '628003', 'scare in hand', 'tamil', 'english', 'A', 'jero@gmail.com', 'speech', 'india', 'hindu', '-', 'BC', 'Management', 'Raju', 'Devi', 'jero guardian', 'img/bmom.jpg', 'img/fdad.jpg', 'img/bgaurd.jpg', 'coolie', 'coolie', '10th', '2020-11-12', 'No', 'No', 0, 'No', 'no', 'no', 'No', 0, 'nil', '6734788347', '86', 'good', 'good', '80', 'no', 'no', 'good', 'good', 'normal', 'talented', '43895456', 'udangudi', '2023-06-22', 'Passport Active', '20/3/2023', '45795498', '2025-03-13', 460, 596, '2356472', '78996438', '53863672', 5000, '5864868', 'no', 'no', 'no', 'kumar', 'TMB BANK', 'THOOTHUKUDI', 'No', 'Part_time', 'AU65562', 'No', '587868666734', 'CNR0023', 'active'),
('950321114003', 18, 33, '2003-07-07', 'aadesh', 'S', 'Student', 'img/aadhed.jpg', 'Male', '175', '50', '121212221', '2222222222', '44444444444', '66666666666', '12546788098', '545454548787', '1h/882 housing board', 'thirunelveli', 'tamilnadu', '628003', 'scare in hand', 'tamil', 'english', 'A', 'jero@gmail.com', 'speech', 'india', 'hindu', '-', 'BC', 'Management', 'Raju', 'Devi', 'jero guardian', 'img/bmom.jpg', 'img/fdad.jpg', 'img/bgaurd.jpg', 'coolie', 'coolie', '10th', '2020-11-12', 'No', 'No', 0, 'No', 'no', 'no', 'No', 0, 'nil', '6734788347', '86', 'good', 'good', '80', 'no', 'no', 'good', 'good', 'normal', 'talented', '43895456', 'udangudi', '2023-06-22', 'Passport Active', '20/3/2023', '45795498', '2025-03-13', 460, 596, '2356472', '78996438', '53863672', 5000, '5864868', 'no', 'no', 'no', 'aadesh', 'Canara Bank', 'THOOTHUKUDI', 'No', 'Part_time', 'AU65563', 'No', '587868666735', 'TMB0234', 'active'),
('950321114005', 18, 35, '2003-08-08', 'Dhana', 'raj', 'Student', 'img/raj.jpg', 'Male', '169', '50', '121212121', '2222222222', '44444444444', '66666666666', '12546788098', '545454548787', '1h/882 housing board', 'tuty', 'tamilnadu', '628008', 'scare in hand', 'tamil', 'english', 'b+', 'babu@gmail.com', 'singing', 'india', 'hindu', '-', 'BC', 'Management', 'Jayaram', 'Vijaya', 'babu guardian', 'img/bmom.jpg', 'img/fdad.jpg', 'img/bgaurd.jpg', 'coolie', 'coolie', '10th', '2020-11-12', 'No', 'No', 0, 'No', 'no', 'no', 'No', 0, 'nil', '6734788347', '86', 'good', 'good', '80', 'no', 'no', 'good', 'good', 'normal', 'talented', '43895456', 'udangudi', '2023-06-22', 'Passport Active', '20/3/2023', '45795498', '2025-03-13', 460, 596, '2356472', '78996438', '53863672', 5000, '5864868', 'no', 'no', 'no', 'Dhanaraj', 'TMB BANK', 'THOOTHUKUDI', 'No', 'Part_time', 'AU65564', 'No', '587868666736', 'CNR0023', 'active'),
('950321114006', 18, 40, '2003-09-09', 'Dharma ', 'prapu', 'Student', 'img/dharma.jpg', 'Male', '175', '50', '121212221', '2222222222', '44444444444', '66666666666', '12546788098', '545454548787', '1h/882 housing board', 'thirunelveli', 'tamilnadu', '628003', 'scare in hand', 'tamil', 'english', 'A', 'jero@gmail.com', 'speech', 'india', 'hindu', '-', 'BC', 'Management', 'Raju', 'Devi', 'jero guardian', 'img/bmom.jpg', 'img/fdad.jpg', 'img/bgaurd.jpg', 'coolie', 'coolie', '10th', '2020-11-12', 'No', 'No', 0, 'No', 'no', 'no', 'No', 0, 'nil', '6734788347', '86', 'good', 'good', '80', 'no', 'no', 'good', 'good', 'normal', 'talented', '43895456', 'udangudi', '2023-06-22', 'Passport Active', '20/3/2023', '45795498', '2025-03-13', 460, 596, '2356472', '78996438', '53863672', 5000, '5864868', 'no', 'no', 'no', 'Dharmaprapbhu', 'Canara Bank', 'THOOTHUKUDI', 'No', 'Part_time', 'AU65565', 'No', '587868666737', 'TMB0234', 'active'),
('950321114007', 18, 33, '2003-01-17', 'Gowtham ', 'S', 'Student', 'img/gowtham.jpg', 'Male', '175', '50', '121212221', '2222222222', '44444444444', '66666666666', '12546788098', '545454548787', '1h/882 housing board', 'thirunelveli', 'tamilnadu', '628003', 'scare in hand', 'tamil', 'english', 'A', 'jero@gmail.com', 'speech', 'india', 'hindu', '-', 'BC', 'Management', 'Raju', 'Devi', 'jero guardian', 'img/bmom.jpg', 'img/fdad.jpg', 'img/bgaurd.jpg', 'coolie', 'coolie', '10th', '2020-11-12', 'No', 'No', 0, 'No', 'no', 'no', 'No', 0, 'nil', '6734788347', '86', 'good', 'good', '80', 'no', 'no', 'good', 'good', 'normal', 'talented', '43895456', 'udangudi', '2023-06-22', 'Passport Active', '20/3/2023', '45795498', '2025-03-13', 460, 596, '2356472', '78996438', '53863672', 5000, '5864868', 'no', 'no', 'no', 'Gowtham', 'TMB BANK', 'THOOTHUKUDI', 'No', 'Part_time', 'AU65566', 'No', '587868666738', 'CNR0023', 'active'),
('950321114012', 18, 35, '2003-02-17', 'john', 'V', 'Student', 'img/jero.jpg', 'Male', '175', '50', '121212221', '2222222222', '44444444444', '66666666666', '12546788098', '545454548787', '1h/882 housing board', 'thirunelveli', 'tamilnadu', '628003', 'scare in hand', 'tamil', 'english', 'A', 'jero@gmail.com', 'speech', 'india', 'hindu', '-', 'BC', 'Management', 'Raju', 'Devi', 'jero guardian', 'img/bmom.jpg', 'img/fdad.jpg', 'img/bgaurd.jpg', 'coolie', 'coolie', '10th', '2020-11-12', 'No', 'No', 0, 'No', 'no', 'no', 'No', 0, 'nil', '6734788347', '86', 'good', 'good', '80', 'no', 'no', 'good', 'good', 'normal', 'talented', '43895456', 'udangudi', '2023-06-22', 'Passport Active', '20/3/2023', '45795498', '2025-03-13', 460, 596, '2356472', '78996438', '53863672', 5000, '5864868', 'no', 'no', 'no', 'John', 'Canara Bank', 'THOOTHUKUDI', 'No', 'Part_time', 'AU65567', 'No', '587868666739', 'TMB0234', 'active'),
('950321114013', 18, 40, '2003-03-17', 'Jerrick', 'M', 'Student', 'img/roshan.jpg', 'Male', '175', '50', '121212221', '2222222222', '44444444444', '66666666666', '12546788098', '545454548787', '1h/882 housing board', 'thirunelveli', 'tamilnadu', '628003', 'scare in hand', 'tamil', 'english', 'A', 'jero@gmail.com', 'speech', 'india', 'hindu', '-', 'BC', 'Management', 'Raju', 'Devi', 'jero guardian', 'img/bmom.jpg', 'img/fdad.jpg', 'img/bgaurd.jpg', 'coolie', 'coolie', '10th', '2020-11-12', 'No', 'No', 0, 'No', 'no', 'no', 'No', 0, 'nil', '6734788347', '86', 'good', 'good', '80', 'no', 'no', 'good', 'good', 'normal', 'talented', '43895456', 'udangudi', '2023-06-22', 'Passport Active', '20/3/2023', '45795498', '2025-03-13', 460, 596, '2356472', '78996438', '53863672', 5000, '5864868', 'no', 'no', 'no', 'Jerrick', 'TMB BANK', 'THOOTHUKUDI', 'No', 'Part_time', 'AU65568', 'No', '587868666740', 'CNR0023', 'active'),
('950321114014', 18, 33, '2003-04-27', 'Jebas', 'S', 'Student', 'img/jebas.jpg', 'Male', '175', '50', '121212221', '2222222222', '44444444444', '66666666666', '12546788098', '545454548787', '1h/882 housing board', 'thirunelveli', 'tamilnadu', '628003', 'scare in hand', 'tamil', 'english', 'A', 'jero@gmail.com', 'speech', 'india', 'hindu', '-', 'BC', 'Management', 'Raju', 'Devi', 'jero guardian', 'img/bmom.jpg', 'img/fdad.jpg', 'img/bgaurd.jpg', 'coolie', 'coolie', '10th', '2020-11-12', 'No', 'No', 0, 'No', 'no', 'no', 'No', 0, 'nil', '6734788347', '86', 'good', 'good', '80', 'no', 'no', 'good', 'good', 'normal', 'talented', '43895456', 'udangudi', '2023-06-22', 'Passport Active', '20/3/2023', '45795498', '2025-03-13', 460, 596, '2356472', '78996438', '53863672', 5000, '5864868', 'no', 'no', 'no', 'Jebas', 'Canara Bank', 'THOOTHUKUDI', 'No', 'Part_time', 'AU65569', 'No', '587868666741', 'TMB0234', 'active'),
('950321114015', 18, 35, '2003-05-21', 'karuppa', 'raj', 'Student', 'img/karupu.jpg', 'Male', '169', '50', '121212121', '2222222222', '44444444444', '66666666666', '12546788098', '545454548787', '1h/882 housing board', 'tuty', 'tamilnadu', '628008', 'scare in hand', 'tamil', 'english', 'b+', 'babu@gmail.com', 'singing', 'india', 'hindu', '-', 'BC', 'Management', 'Jayaram', 'Vijaya', 'babu guardian', 'img/bmom.jpg', 'img/fdad.jpg', 'img/bgaurd.jpg', 'coolie', 'coolie', '10th', '2020-11-12', 'No', 'No', 0, 'No', 'no', 'no', 'No', 0, 'nil', '6734788347', '86', 'good', 'good', '80', 'no', 'no', 'good', 'good', 'normal', 'talented', '43895456', 'udangudi', '2023-06-22', 'Passport Active', '20/3/2023', '45795498', '2025-03-13', 460, 596, '2356472', '78996438', '53863672', 5000, '5864868', 'no', 'no', 'no', 'karuppu', 'TMB BANK', 'THOOTHUKUDI', 'No', 'Part_time', 'AU65570', 'No', '587868666742', 'CNR0023', 'active'),
('950321114018', 18, 40, '2003-06-07', 'Prem ', 'm', 'Student', 'img/prem.jpg', 'Male', '175', '50', '121212221', '2222222222', '44444444444', '66666666666', '12546788098', '545454548787', '1h/882 housing board', 'thirunelveli', 'tamilnadu', '628003', 'scare in hand', 'tamil', 'english', 'A', 'jero@gmail.com', 'speech', 'india', 'hindu', '-', 'BC', 'Management', 'Raju', 'Devi', 'jero guardian', 'img/bmom.jpg', 'img/fdad.jpg', 'img/bgaurd.jpg', 'coolie', 'coolie', '10th', '2020-11-12', 'No', 'No', 0, 'No', 'no', 'no', 'No', 0, 'nil', '6734788347', '86', 'good', 'good', '80', 'no', 'no', 'good', 'good', 'normal', 'talented', '43895456', 'udangudi', '2023-06-22', 'Passport Active', '20/3/2023', '45795498', '2025-03-13', 460, 596, '2356472', '78996438', '53863672', 5000, '5864868', 'no', 'no', 'no', 'Prem', 'Canara Bank', 'THOOTHUKUDI', 'No', 'Part_time', 'AU65571', 'No', '587868666743', 'TMB0234', 'active'),
('950321114022', 18, 33, '2003-07-27', 'jeyam', 'ravi', 'Student', 'img/sridhar.jpg', 'Male', '175', '50', '121212221', '2222222222', '44444444444', '66666666666', '12546788098', '545454548787', '1h/882 housing board', 'thirunelveli', 'tamilnadu', '628003', 'scare in hand', 'tamil', 'english', 'A', 'jero@gmail.com', 'speech', 'india', 'hindu', '-', 'BC', 'Management', 'Raju', 'Devi', 'jero guardian', 'img/bmom.jpg', 'img/fdad.jpg', 'img/bgaurd.jpg', 'coolie', 'coolie', '10th', '2020-11-12', 'No', 'No', 0, 'No', 'no', 'no', 'No', 0, 'nil', '6734788347', '86', 'good', 'good', '80', 'no', 'no', 'good', 'good', 'normal', 'talented', '43895456', 'udangudi', '2023-06-22', 'Passport Active', '20/3/2023', '45795498', '2025-03-13', 460, 596, '2356472', '78996438', '53863672', 5000, '5864868', 'no', 'no', 'no', 'jeyamravi', 'TMB BANK', 'THOOTHUKUDI', 'No', 'Part_time', 'AU65571', 'No', '587868666744', 'CNR0023', 'active'),
('950321114023', 18, 35, '2003-08-17', 'Surya', 'R', 'Student', 'img/stanley.jpg', 'Male', '175', '50', '121212221', '2222222222', '44444444444', '66666666666', '12546788098', '545454548787', '1h/882 housing board', 'thirunelveli', 'tamilnadu', '628003', 'scare in hand', 'tamil', 'english', 'A', 'jero@gmail.com', 'speech', 'india', 'hindu', '-', 'BC', 'Management', 'Raju', 'Devi', 'jero guardian', 'img/bmom.jpg', 'img/fdad.jpg', 'img/bgaurd.jpg', 'coolie', 'coolie', '10th', '2020-11-12', 'No', 'No', 0, 'No', 'no', 'no', 'No', 0, 'nil', '6734788347', '86', 'good', 'good', '80', 'no', 'no', 'good', 'good', 'normal', 'talented', '43895456', 'udangudi', '2023-06-22', 'Passport Active', '20/3/2023', '45795498', '2025-03-13', 460, 596, '2356472', '78996438', '53863672', 5000, '5864868', 'no', 'no', 'no', 'surya', 'Canara Bank', 'THOOTHUKUDI', 'No', 'Part_time', 'AU65572', 'No', '587868666745', 'TMB0234', 'active'),
('950321114025', 18, 40, '2003-09-07', 'Sudhagar', 'S', 'Student', 'img/sudhan.jpg', 'Male', '175', '50', '121212221', '2222222222', '44444444444', '66666666666', '12546788098', '545454548787', '1h/882 housing board', 'thirunelveli', 'tamilnadu', '628003', 'scare in hand', 'tamil', 'english', 'A', 'jero@gmail.com', 'speech', 'india', 'hindu', '-', 'BC', 'Management', 'Raju', 'Devi', 'jero guardian', 'img/bmom.jpg', 'img/fdad.jpg', 'img/bgaurd.jpg', 'coolie', 'coolie', '10th', '2020-11-12', 'No', 'No', 0, 'No', 'no', 'no', 'No', 0, 'nil', '6734788347', '86', 'good', 'good', '80', 'no', 'no', 'good', 'good', 'normal', 'talented', '43895456', 'udangudi', '2023-06-22', 'Passport Active', '20/3/2023', '45795498', '2025-03-13', 460, 596, '2356472', '78996438', '53863672', 5000, '5864868', 'no', 'no', 'no', 'sudhagar', 'TMB BANK', 'THOOTHUKUDI', 'No', 'Part_time', 'AU65573', 'No', '587868666746', 'CNR0023', 'active');

-- --------------------------------------------------------

--
-- Table structure for table `erp_subject`
--

CREATE TABLE `erp_subject` (
  `sub_id` bigint(20) NOT NULL COMMENT 'subject id',
  `tt_subcode` varchar(10) NOT NULL COMMENT 'Timetable subjectcode',
  `cls_id` bigint(20) NOT NULL COMMENT 'class id',
  `sub_name` varchar(50) NOT NULL COMMENT 'subject name',
  `sub_credit` int(20) NOT NULL COMMENT 'subject credits',
  `sub_type` int(10) NOT NULL COMMENT 'subject type\r\n(0-others\r\n1-lab\r\n2-core\r\n3-elective)',
  `f_id` varchar(20) NOT NULL COMMENT 'faculty id'
) ENGINE=InnoDB DEFAULT CHARSET=utf8mb4 COLLATE=utf8mb4_general_ci;

--
-- Dumping data for table `erp_subject`
--

INSERT INTO `erp_subject` (`sub_id`, `tt_subcode`, `cls_id`, `sub_name`, `sub_credit`, `sub_type`, `f_id`) VALUES
(1, 'CS3401', 11, 'Introduction to Operating System', 3, 2, 'f003'),
(2, 'CS3452', 11, 'Theory of Computation', 3, 2, 'f002'),
(3, 'CS3461', 11, 'Operating System Laboratory', 1, 1, 'f003'),
(4, 'CS3481', 11, 'Database Management System Laboratory', 1, 1, 'f022'),
(5, 'CS3491', 11, 'Machine Learning lab', 3, 2, 'f002'),
(6, 'CS3492', 11, 'Database Management System', 3, 2, 'f023'),
(7, 'GE3451', 11, 'Environmental Science and Sustainability', 3, 2, 'f022'),
(8, 'CS8601', 1, 'Mobile Computing', 3, 2, 'f002'),
(9, 'CS8602', 1, 'Compiler Design', 4, 2, 'f003'),
(10, 'CS8603', 1, 'distributed system', 3, 2, 'f022'),
(11, 'CS8611', 1, 'Mini Project', 2, 3, 'f024'),
(12, 'CS8651', 1, 'Internet Programming', 3, 2, 'f023'),
(13, 'CS8661', 1, 'Internet Programming Laboratory', 2, 1, 'f042'),
(14, 'CS8662', 1, 'Mobile Application Development Laboratory', 2, 1, 'f024'),
(15, 'CS8691', 1, 'artificial intelligence', 3, 2, 'f042'),
(16, 'EC8095', 2, 'Vlsi Design', 3, 3, 'f001'),
(17, 'EC8611', 2, 'Technical Electrical', 3, 2, 'f025'),
(18, 'EC8651', 2, 'Transmission Lines and Rf System', 3, 2, 'f026'),
(19, 'EC8652', 2, 'Wiireless Communication', 3, 2, 'f027'),
(20, 'EC8661', 2, 'Vlsi Design Laboratory', 2, 1, 'f004'),
(21, 'EC8681', 2, 'Microprocessors and Microcontrollers Laboratory', 2, 1, 'f026'),
(22, 'EC8691', 2, 'Microprocessors and Microcontrollers', 3, 2, 'f004'),
(23, 'EC8645', 2, 'Communication systems ', 3, 2, 'f028'),
(24, 'EC8465', 2, 'Communication systems lab', 2, 1, 'f006'),
(25, 'EC3452', 10, 'Electromagnetic fields', 3, 2, 'f025'),
(26, 'EC3401', 10, 'Networks and Security', 4, 2, 'f001'),
(27, 'EC3451', 10, 'Linear integrated Systems', 3, 2, 'f027'),
(28, 'EC3492', 10, 'Digital Signal Processing', 2, 2, 'f041'),
(29, 'EC3491', 10, 'Communication systems', 3, 2, 'f026'),
(30, 'GE3451', 10, 'Environmental Science and Sustainability', 3, 2, 'f004'),
(31, 'EC3461', 10, 'Communication systems lab', 2, 1, 'f001'),
(32, 'EC3462', 10, 'Linear integrated Systems lab', 2, 1, 'f006'),
(33, 'EC3498', 10, 'Digital Signal Processing lab', 2, 1, 'f026'),
(34, 'EE8601', 16, 'Solid statics drivers', 3, 2, 'f028'),
(35, 'EE8602', 16, 'Protect and Switch gear', 3, 2, 'f006'),
(36, 'EE8603', 16, 'Embedded Systems', 3, 2, 'f045'),
(37, 'EE8003', 16, 'Power systems stability', 3, 3, 'f005'),
(38, 'EE8001', 16, 'Visual language and applications', 3, 3, 'f044'),
(39, 'EE8661', 16, 'Power electronics and Drives', 2, 1, 'f026'),
(40, 'EE8681', 16, 'Microprocessors and Microcontrollers Laboratory', 2, 1, 'f043'),
(41, 'EE8611', 16, 'Mini projects', 2, 1, 'f029'),
(42, 'GE3451', 9, 'Environmental Science and Sustainability', 3, 0, 'f005'),
(43, 'EE3401', 9, 'Transmission and Distribution', 2, 2, 'f044'),
(44, 'EE3402', 9, 'Linear Integrated Circuit', 3, 2, 'f028'),
(45, 'EE3403', 9, 'Measurements and instrumentation', 3, 2, 'f045'),
(46, 'EE3404', 9, 'Microprocessors and controllers', 3, 2, 'f006'),
(47, 'EE3405', 9, 'Electrical machines', 3, 2, 'f044'),
(48, 'EE3411', 9, 'Electrical machines lab', 2, 1, 'f043'),
(49, 'EE3412', 9, 'Linear Integrated Circuit lab', 2, 1, 'f005'),
(50, 'EE3413', 9, 'Microprocessors and Microcontrollers Lab', 2, 1, 'f028'),
(51, 'ME8651', 7, 'Design of transmission systems', 3, 2, 'f010'),
(52, 'ME8691', 7, 'Computer aided design and manufactor', 3, 2, 'f009'),
(53, 'ME8693', 7, 'Heat and mass transfer', 3, 2, 'f032'),
(54, 'ME8692', 7, 'Machine Element', 3, 2, 'f030'),
(55, 'ME8694', 7, 'Hydraclices and pneumatics', 3, 2, 'f046'),
(56, 'ME8681', 7, 'cad-cam lab', 2, 1, 'f030'),
(57, 'ME8682', 7, 'Design and fabricates project', 2, 1, 'f031'),
(58, 'HS8581', 7, 'professional communication lab', 2, 1, 'f032'),
(59, 'ME3491', 18, 'Theory of machines', 3, 2, 'f009'),
(60, 'ME3451', 18, 'Thermal Engineering', 4, 2, 'f046'),
(61, 'ME3492', 18, 'HHydraclices and pneumatics', 3, 2, 'f010'),
(62, 'ME3493', 18, 'Manufactory technology', 3, 2, 'f031'),
(63, 'CE3491', 18, 'Strength of materials', 3, 2, 'f010'),
(64, 'GE3451', 18, 'Environmental Science and Sustainability', 3, 0, 'f032'),
(65, 'CE3481', 18, 'Strength of materials and fluid lab', 2, 1, 'f010'),
(66, 'ME3461', 18, 'Termal Engineering', 2, 1, 'f009'),
(67, 'CE8601', 20, 'Design of steel structre Elements ', 3, 2, 'f007'),
(68, 'CE8602', 20, 'Design of steel structre Elements ', 3, 2, 'f008'),
(69, 'CE8603', 20, 'Irrigation Engineering', 3, 2, 'f035'),
(70, 'CE8604', 20, 'Highways Engineering', 3, 2, 'f034'),
(71, 'EN8592', 20, 'Waste material management', 3, 2, 'f047'),
(72, 'CE8611', 20, 'Highway Engineering', 2, 1, 'f033'),
(73, 'CE8612', 20, 'Irrigation Engineering lab', 2, 1, 'f007'),
(74, 'HS8581', 20, 'professional communication lab', 2, 1, 'f035'),
(75, 'CE3401', 8, 'Applied hydraulics Engineering', 3, 2, 'f033'),
(76, 'CE3402', 8, 'Strength of materials', 3, 2, 'f034'),
(77, 'CE3403', 8, 'Concreate technology', 3, 2, 'f035'),
(78, 'CE3404', 8, 'Soil machanics', 3, 2, 'f008'),
(79, 'CE3405', 8, 'Highway&railway engineering', 3, 2, 'f007'),
(80, 'GE3451', 8, 'Environmental Science and Sustainability', 3, 0, 'f035'),
(81, 'CE3411', 8, 'Concreate technology lab', 2, 1, 'f007'),
(82, 'CE3412', 8, 'Material Engineering lab', 2, 1, 'f047'),
(83, 'CE3413', 8, 'Solid machines lab', 2, 1, 'f008'),
(84, 'HS8586', 1, 'Professional Communication', 2, 1, 'f003'),
(85, 'CS3462', 11, 'DataScience', 3, 2, 'f003'),
(86, 'CS3468', 11, 'Artificial Intelligence', 3, 2, 'f042'),
(87, 'EE8013', 16, 'Power systems lab', 2, 2, 'f005'),
(88, 'ME8695', 7, 'Automobile Engineering', 2, 3, 'f031'),
(89, 'ME3496', 18, 'Manufacturing lab', 2, 1, 'f046'),
(90, 'CE8603', 20, 'Building Structure', 3, 2, 'f035'),
(100, 'MBA101', 6, 'Macroeconomics', 2, 2, 'f011'),
(101, 'MBA102', 6, 'Business law', 3, 2, 'f038'),
(102, 'MBA103', 6, 'Operation management', 3, 2, 'f012'),
(103, 'MBA104', 6, 'Corporate finance', 3, 2, 'f039'),
(104, 'MBA105', 6, 'Optimization and research', 3, 2, 'f040'),
(105, 'MBA106', 6, 'Organizational behaviour', 3, 2, 'f012'),
(106, 'MBA107', 6, 'Project management lab', 2, 1, 'f012'),
(107, 'MBA108', 6, 'Macroeconomics lab', 2, 1, 'f040');

-- --------------------------------------------------------

--
-- Table structure for table `erp_test`
--

CREATE TABLE `erp_test` (
  `test_id` bigint(20) NOT NULL COMMENT 'test id ',
  `test_name` varchar(30) NOT NULL COMMENT 'test name ',
  `test_maxmark` varchar(20) NOT NULL COMMENT 'max mark for test',
  `test_passmark` varchar(20) NOT NULL COMMENT 'pass mark for test',
  `test_type` varchar(20) NOT NULL COMMENT 'test type (g-grade/m-mark)'
) ENGINE=MyISAM DEFAULT CHARSET=latin1 COLLATE=latin1_swedish_ci;

--
-- Dumping data for table `erp_test`
--

INSERT INTO `erp_test` (`test_id`, `test_name`, `test_maxmark`, `test_passmark`, `test_type`) VALUES
(1, 'Slip Test 1', '20', '10', 'm'),
(2, 'Slip Test 2', '20', '10', 'm'),
(3, 'Slip Test 3', '20', '10', 'm'),
(4, 'Slip Test 4', '20', '10', 'm'),
(5, 'Slip Test 5', '20', '10', 'm'),
(6, 'Slip Test 6', '20', '10', 'm'),
(7, 'Slip Test 7', '20', '10', 'm'),
(8, 'Slip Test 8', '20', '10', 'm'),
(9, 'Slip Test 9', '20', '10', 'm'),
(10, 'Slip Test 10', '20', '10', 'm'),
(11, 'Slip Test 11', '20', '10', 'm'),
(12, 'Slip Test 12', '20', '10', 'm'),
(13, 'Slip Test 13', '20', '10', 'm'),
(14, 'Slip Test 14', '20', '10', 'm'),
(15, 'Slip Test 15', '20', '10', 'm'),
(16, 'Slip Test 16', '20', '10', 'm'),
(17, 'Slip Test 17', '20', '10', 'm'),
(18, 'Slip Test 18', '20', '10', 'm'),
(19, 'Slip Test 19', '20', '10', 'm'),
(20, 'Slip Test 20', '20', '10', 'm'),
(21, 'Unit Test 1', '50', '25', 'm'),
(22, 'Unit Test 2', '50', '25', 'm'),
(23, 'Unit Test 3', '50', '25', 'm'),
(24, 'Unit Test 4', '50', '25', 'm'),
(25, 'Unit Test 5', '50', '25', 'm'),
(26, 'IAT 1', '50', '25', 'm'),
(27, 'IAT 2', '50', '25', 'm'),
(28, 'IAT 3', '50', '25', 'm'),
(29, 'Model exam', '100', '50', 'm'),
(30, 'University', '100', '50', 'g');

-- --------------------------------------------------------

--
-- Table structure for table `erp_timetable`
--

CREATE TABLE `erp_timetable` (
  `tt_id` int(200) NOT NULL COMMENT 'timetable_id (autu_increment)',
  `cls_id` bigint(20) NOT NULL COMMENT 'class_id',
  `sc_id` bigint(20) NOT NULL COMMENT 'schedule id',
  `tt_day` varchar(30) NOT NULL COMMENT 'timetable_day',
  `tt_period` varchar(20) NOT NULL COMMENT 'timetable_periodno',
  `tt_subcode` varchar(30) NOT NULL COMMENT 'timetable_subjectcode',
  `tt_secondary` varchar(10) NOT NULL COMMENT 'secondary subcode',
  `tt_date` date DEFAULT NULL COMMENT 'date of subject to be altered',
  `tt_status` int(5) NOT NULL COMMENT 'status (0-invalid | 1-valid)'
) ENGINE=InnoDB DEFAULT CHARSET=utf8mb4 COLLATE=utf8mb4_general_ci;

--
-- Dumping data for table `erp_timetable`
--

INSERT INTO `erp_timetable` (`tt_id`, `cls_id`, `sc_id`, `tt_day`, `tt_period`, `tt_subcode`, `tt_secondary`, `tt_date`, `tt_status`) VALUES
(1, 1, 1, 'Mon', '1', 'CS8601', 'f023', '2023-04-03', 1),
(2, 1, 1, 'Mon', '2', 'CS8602', ' ', NULL, 0),
(3, 1, 1, 'Mon', '3', 'CS8602', ' ', NULL, 0),
(4, 1, 1, 'Mon', '4', 'CS8603', ' ', NULL, 0),
(5, 1, 1, 'Mon', '5', 'CS8661', ' ', NULL, 0),
(6, 1, 1, 'Mon', '6', 'CS8661', ' ', NULL, 0),
(7, 1, 1, 'Mon', '7', 'CS8661', '', NULL, 0),
(8, 1, 1, 'Mon', '8', 'CS8602', '', NULL, 0),
(9, 1, 1, 'Tue', '1', 'CS8602', 'f002', '2023-04-03', 1),
(10, 1, 1, 'Tue', '2', 'CS8603', '', NULL, 0),
(11, 1, 1, 'Tue', '3', 'CS8603', '', NULL, 0),
(12, 1, 1, 'Tue', '4', 'CS8651', '', NULL, 0),
(13, 1, 1, 'Tue', '5', 'CS8651', '', NULL, 0),
(14, 1, 1, 'Tue', '6', 'CS8691', '', NULL, 0),
(15, 1, 1, 'Tue', '7', 'CS8691', '', NULL, 0),
(16, 1, 1, 'Tue', '8', 'CS8603', '', NULL, 0),
(17, 1, 1, 'Wed', '1', 'CS8603', '', NULL, 0),
(18, 1, 1, 'Wed', '2', 'CS8651', '', NULL, 0),
(19, 1, 1, 'Wed', '3', 'CS8651', '', NULL, 0),
(20, 1, 1, 'Wed', '4', 'CS8691', '', NULL, 0),
(21, 1, 1, 'Wed', '5', 'CS8662', '', NULL, 0),
(22, 1, 1, 'Wed', '6', 'CS8662', '', NULL, 0),
(23, 1, 1, 'Wed', '7', 'CS8662', '', NULL, 0),
(24, 1, 1, 'Wed', '8', 'CS8651', '', NULL, 0),
(25, 1, 1, 'Thu', '1', 'CS8651', '', NULL, 0),
(26, 1, 1, 'Thu', '2', 'CS8691', '', NULL, 0),
(27, 1, 1, 'Thu', '3', 'CS8691', '', NULL, 0),
(28, 1, 1, 'Thu', '4', 'CS8611', '', NULL, 0),
(29, 1, 1, 'Thu', '5', 'CS8611', '', NULL, 0),
(30, 1, 1, 'Thu', '6', 'CS8601', '', NULL, 0),
(31, 1, 1, 'Thu', '7', 'CS8601', '', NULL, 0),
(32, 1, 1, 'Thu', '8', 'CS8691', '', NULL, 0),
(33, 1, 1, 'Fri', '1', 'CS8691', '', NULL, 0),
(34, 1, 1, 'Fri', '2', 'CS8611', '', NULL, 0),
(35, 1, 1, 'Fri', '3', 'CS8611', '', NULL, 0),
(36, 1, 1, 'Fri', '4', 'CS8601', '', NULL, 0),
(37, 1, 1, 'Fri ', '5', 'HS8586', '', NULL, 0),
(38, 1, 1, 'Fri', '6', 'HS8586', '', NULL, 0),
(39, 1, 1, 'Fri', '7', 'CS8651', '', NULL, 0),
(40, 1, 1, 'Fri', '8', 'CS8611', '', NULL, 0),
(41, 1, 1, 'Sat', '1', 'CS8611', '', NULL, 0),
(42, 1, 1, 'Sat', '2', 'CS8601', '', NULL, 0),
(43, 1, 1, 'Sat', '3', 'CS8601', '', NULL, 0),
(44, 1, 1, 'Sat', '4', 'CS8602', '', NULL, 0),
(45, 1, 1, 'Sat', '5', 'CS8602', '', NULL, 0),
(46, 1, 1, 'Sat', '6', 'CS8603', '', NULL, 0),
(47, 1, 1, 'Sat', '7', 'CS8603', '', NULL, 0),
(48, 1, 1, 'Sat', '8', 'CS8601', '', NULL, 0),
(49, 11, 2, 'Mon', '1', 'CS3401', ' ', NULL, 0),
(50, 11, 2, 'Mon', '2', 'CS3452', ' ', NULL, 0),
(51, 11, 2, 'Mon', '3', 'CS3452', ' ', NULL, 0),
(52, 11, 2, 'Mon', '4', 'CS3492', ' ', NULL, 0),
(53, 11, 2, 'Mon', '5', 'CS3492', ' ', NULL, 0),
(54, 11, 2, 'Mon', '6', 'GE3451', '', NULL, 0),
(55, 11, 2, 'Mon', '7', 'GE3451', '', NULL, 0),
(56, 11, 2, 'Mon', '8', 'CS3452', '', NULL, 0),
(57, 11, 2, 'Tue', '1', 'CS3452', '', NULL, 0),
(58, 11, 2, 'Tue', '2', 'CS3492', '', NULL, 0),
(59, 11, 2, 'Tue', '3', 'CS3492', '', NULL, 0),
(60, 11, 2, 'Tue', '4', 'GE3451', '', NULL, 0),
(61, 11, 2, 'Tue', '5', 'CS3461', 'f001', '2023-04-03', 1),
(62, 11, 2, 'Tue', '6', 'CS3461', '', NULL, 0),
(63, 11, 2, 'Tue', '7', 'CS3461', '', NULL, 0),
(64, 11, 2, 'Tue', '8', 'CS3492', '', NULL, 0),
(65, 11, 2, 'Wed', '1', 'CS3492', '', NULL, 0),
(66, 11, 2, 'Wed', '2', 'GE3451', '', NULL, 0),
(67, 11, 2, 'Wed', '3', 'GE3451', '', NULL, 0),
(68, 11, 2, 'Wed', '4', 'CS3462', '', NULL, 0),
(69, 11, 2, 'Wed', '5', 'CS3462', '', NULL, 0),
(70, 11, 2, 'Wed', '6', 'CS3468', '', NULL, 0),
(71, 11, 2, 'Wed', '7', 'CS3468', '', NULL, 0),
(72, 11, 2, 'Wed', '8', 'GE3451', '', NULL, 0),
(73, 11, 2, 'Thu', '1', 'GE3451', '', NULL, 0),
(74, 11, 2, 'Thu', '2', 'CS3462', '', NULL, 0),
(75, 11, 2, 'Thu', '3', 'CS3462', '', NULL, 0),
(76, 11, 2, 'Thu', '4', 'CS3468', '', NULL, 0),
(77, 11, 2, 'Thu', '5', 'CS3481', '', NULL, 0),
(78, 11, 2, 'Thu', '6', 'CS3481', '', NULL, 0),
(79, 11, 2, 'Thu', '7', 'CS3481', '', NULL, 0),
(80, 11, 2, 'Thu', '8', 'CS3462', '', NULL, 0),
(81, 11, 2, 'Fri', '1', 'CS3462', '', NULL, 0),
(82, 11, 2, 'Fri', '2', 'CS3468', '', NULL, 0),
(83, 11, 2, 'Fri', '3', 'CS3468', '', NULL, 0),
(84, 11, 2, 'Fri', '4', 'CS3401', '', NULL, 0),
(85, 11, 2, 'Fri ', '5', 'CS3401', '', NULL, 0),
(86, 11, 2, 'Fri', '6', 'CS3452', '', NULL, 0),
(87, 11, 2, 'Fri', '7', 'CS3452', '', NULL, 0),
(88, 11, 2, 'Fri', '8', 'CS3468', '', NULL, 0),
(89, 11, 2, 'Sat', '1', 'CS3468', '', NULL, 0),
(90, 11, 2, 'Sat', '2', 'CS3401', '', NULL, 0),
(91, 11, 2, 'Sat', '3', 'CS3401', '', NULL, 0),
(92, 11, 2, 'Sat', '4', 'CS3452', '', NULL, 0),
(93, 11, 2, 'Sat', '5', 'CS3491', '', NULL, 0),
(94, 11, 2, 'Sat', '6', 'CS3491', '', NULL, 0),
(95, 11, 2, 'Sat', '7', 'CS3491', '', NULL, 0),
(96, 11, 2, 'Sat', '8', 'CS3401', '', NULL, 0),
(97, 2, 3, 'Mon', '1', 'EC8095', ' ', NULL, 0),
(98, 2, 3, 'Mon', '2', 'EC8611', ' ', NULL, 0),
(99, 2, 3, 'Mon', '3', 'EC8611', ' ', NULL, 0),
(100, 2, 3, 'Mon', '4', 'EC8651', ' ', NULL, 0),
(101, 2, 3, 'Mon', '5', 'EC8651', ' ', NULL, 0),
(102, 2, 3, 'Mon', '6', 'EC8652', ' ', NULL, 0),
(103, 2, 3, 'Mon', '7', 'EC8652', '', NULL, 1),
(104, 2, 3, 'Mon', '8', 'EC8611', '', NULL, 0),
(105, 2, 3, 'Tue', '1', 'EC8611', '', NULL, 0),
(106, 2, 3, 'Tue', '2', 'EC8651', '', NULL, 1),
(107, 2, 3, 'Tue', '3', 'EC8651', '', NULL, 0),
(108, 2, 3, 'Tue', '4', 'EC8652', '', NULL, 0),
(109, 2, 3, 'Tue', '5', 'EC8661', 'f001', '2023-03-28', 1),
(110, 2, 3, 'Tue', '6', 'EC8661', 'f001', '2023-03-28', 1),
(111, 2, 3, 'Tue', '7', 'EC8661', 'f001', '2023-03-28', 1),
(112, 2, 3, 'Tue', '8', 'EC8651', '', NULL, 0),
(113, 2, 3, 'Wed', '1', 'EC8651', '', NULL, 0),
(114, 2, 3, 'Wed', '2', 'EC8652', '', NULL, 0),
(115, 2, 3, 'Wed', '3', 'EC8652', '', NULL, 0),
(116, 2, 3, 'Wed', '4', 'EC8691', '', NULL, 0),
(117, 2, 3, 'Wed', '5', 'EC8691', '', NULL, 0),
(118, 2, 3, 'Wed', '6', 'EC8645', '', NULL, 0),
(119, 2, 3, 'Wed', '7', 'EC8645', '', NULL, 0),
(120, 2, 3, 'Wed', '8', 'EC8652', '', NULL, 0),
(121, 2, 3, 'Thu', '1', 'EC8652', '', NULL, 0),
(122, 2, 3, 'Thu', '2', 'EC8691', '', NULL, 0),
(123, 2, 3, 'Thu', '3', 'EC8691', '', NULL, 0),
(124, 2, 3, 'Thu', '4', 'EC8645', '', NULL, 0),
(125, 2, 3, 'Thu', '5', 'EC8681', '', NULL, 0),
(126, 2, 3, 'Thu', '6', 'EC8681', '', NULL, 0),
(127, 2, 3, 'Thu', '7', 'EC8681', '', NULL, 0),
(128, 2, 3, 'Thu', '8', 'EC8691', '', NULL, 0),
(129, 2, 3, 'Fri', '1', 'EC8691', '', NULL, 0),
(130, 2, 3, 'Fri', '2', 'EC8645', '', NULL, 0),
(131, 2, 3, 'Fri', '3', 'EC8645', '', NULL, 0),
(132, 2, 3, 'Fri', '4', 'EC8095', '', NULL, 0),
(133, 2, 3, 'Fri ', '5', 'EC8095', '', NULL, 0),
(134, 2, 3, 'Fri', '6', 'EC8611', '', NULL, 0),
(135, 2, 3, 'Fri', '7', 'EC8611', '', NULL, 0),
(136, 2, 3, 'Fri', '8', 'EC8645', '', NULL, 0),
(137, 2, 3, 'Sat', '1', 'EC8645', '', NULL, 0),
(138, 2, 3, 'Sat', '2', 'EC8095', '', NULL, 0),
(139, 2, 3, 'Sat', '3', 'EC8095', '', NULL, 0),
(140, 2, 3, 'Sat', '4', 'EC8611', '', NULL, 0),
(141, 2, 3, 'Sat', '5', 'EC8465', '', NULL, 0),
(142, 2, 3, 'Sat', '6', 'EC8465', '', NULL, 0),
(143, 2, 3, 'Sat', '7', 'EC8465', '', NULL, 0),
(144, 2, 3, 'Sat', '8', 'EC8095', '', NULL, 0),
(145, 10, 4, 'Mon', '1', 'EC3452', ' ', NULL, 0),
(146, 10, 4, 'Mon', '2', 'EC3401', ' ', NULL, 0),
(147, 10, 4, 'Mon', '3', 'EC3401', ' ', NULL, 0),
(148, 10, 4, 'Mon', '4', 'EC3451', ' ', NULL, 0),
(149, 10, 4, 'Mon', '5', 'EC3461', ' ', NULL, 0),
(150, 10, 4, 'Mon', '6', 'EC3461', ' ', NULL, 0),
(151, 10, 4, 'Mon', '7', 'EC3461', '', NULL, 1),
(152, 10, 4, 'Mon', '8', 'EC3401', '', NULL, 0),
(153, 10, 4, 'Tue', '1', 'EC3401', '', NULL, 0),
(154, 10, 4, 'Tue', '2', 'EC3451', '', NULL, 1),
(155, 10, 4, 'Tue', '3', 'EC3451', '', NULL, 0),
(156, 10, 4, 'Tue', '4', 'EC3492', '', NULL, 0),
(157, 10, 4, 'Tue', '5', 'EC3492', '', NULL, 1),
(158, 10, 4, 'Tue', '6', 'EC3491', '', NULL, 0),
(159, 10, 4, 'Tue', '7', 'EC3491', '', NULL, 0),
(160, 10, 4, 'Tue', '8', 'EC3451', '', NULL, 0),
(161, 10, 4, 'Wed', '1', 'EC3451', '', NULL, 0),
(162, 10, 4, 'Wed', '2', 'EC3492', '', NULL, 0),
(163, 10, 4, 'Wed', '3', 'EC3492', '', NULL, 0),
(164, 10, 4, 'Wed', '4', 'EC3491', '', NULL, 0),
(165, 10, 4, 'Wed', '5', 'EC3462', '', NULL, 0),
(166, 10, 4, 'Wed', '6', 'EC3462', '', NULL, 0),
(167, 10, 4, 'Wed', '7', 'EC3462', '', NULL, 0),
(168, 10, 4, 'Wed', '8', 'EC3492', '', NULL, 0),
(169, 10, 4, 'Thu', '1', 'EC3492', '', NULL, 0),
(170, 10, 4, 'Thu', '2', 'EC3491', '', NULL, 0),
(171, 10, 4, 'Thu', '3', 'EC3491', '', NULL, 0),
(172, 10, 4, 'Thu', '4', 'GE3451', '', NULL, 0),
(173, 10, 4, 'Thu', '5', 'GE3451', '', NULL, 0),
(174, 10, 4, 'Thu', '6', 'EC3452', '', NULL, 0),
(175, 10, 4, 'Thu', '7', 'EC3452', '', NULL, 0),
(176, 10, 4, 'Thu', '8', 'EC3491', '', NULL, 0),
(177, 10, 4, 'Fri', '1', 'EC3491', '', NULL, 0),
(178, 10, 4, 'Fri', '2', 'GE3451', '', NULL, 0),
(179, 10, 4, 'Fri', '3', 'GE3451', '', NULL, 0),
(180, 10, 4, 'Fri', '4', 'EC3452', '', NULL, 0),
(181, 10, 4, 'Fri ', '5', 'EC3498', '', NULL, 0),
(182, 10, 4, 'Fri', '6', 'EC3498', '', NULL, 0),
(183, 10, 4, 'Fri', '7', 'EC3498', '', NULL, 0),
(184, 10, 4, 'Fri', '8', 'GE3451', '', NULL, 0),
(185, 10, 4, 'Sat', '1', 'GE3451', '', NULL, 0),
(186, 10, 4, 'Sat', '2', 'EC3452', '', NULL, 0),
(187, 10, 4, 'Sat', '3', 'EC3452', '', NULL, 0),
(188, 10, 4, 'Sat', '4', 'EC3401', '', NULL, 0),
(189, 10, 4, 'Sat', '5', 'EC3401', '', NULL, 0),
(190, 10, 4, 'Sat', '6', 'EC3451', '', NULL, 0),
(191, 10, 4, 'Sat', '7', 'EC3451', '', NULL, 0),
(192, 10, 4, 'Sat', '8', 'EC3452', '', NULL, 0),
(193, 9, 5, 'Mon', '1', 'GE3451', ' ', NULL, 0),
(194, 9, 5, 'Mon', '2', 'EE3401', ' ', NULL, 0),
(195, 9, 5, 'Mon', '3', 'EE3401', ' ', NULL, 0),
(196, 9, 5, 'Mon', '4', 'EE3402', ' ', NULL, 0),
(197, 9, 5, 'Mon', '5', 'EE3402', ' ', NULL, 0),
(198, 9, 5, 'Mon', '6', 'EE3403', ' ', NULL, 0),
(199, 9, 5, 'Mon', '7', 'EE3403', ' ', NULL, 0),
(200, 9, 5, 'Mon', '8', 'EE3401', ' ', NULL, 0),
(201, 9, 5, 'Tue', '1', 'EE3401', ' ', NULL, 0),
(202, 9, 5, 'Tue', '2', 'EE3402', ' ', NULL, 0),
(203, 9, 5, 'Tue', '3', 'EE3402', ' ', NULL, 0),
(204, 9, 5, 'Tue', '4', 'EE3403', ' ', NULL, 0),
(205, 9, 5, 'Tue', '5', 'EE3411', ' ', NULL, 0),
(206, 9, 5, 'Tue', '6', 'EE3411', ' ', NULL, 0),
(207, 9, 5, 'Tue', '7', 'EE3411', ' ', NULL, 0),
(208, 9, 5, 'Tue', '8', 'EE3402', ' ', NULL, 0),
(209, 9, 5, 'Wed', '1', 'EE3402', ' ', NULL, 0),
(210, 9, 5, 'Wed', '2', 'EE3403', '', NULL, 0),
(211, 9, 5, 'Wed', '3', 'EE3403', '', NULL, 0),
(212, 9, 5, 'Wed', '4', 'EE3404', '', NULL, 0),
(213, 9, 5, 'Wed', '5', 'EE3404', '', NULL, 0),
(214, 9, 5, 'Wed', '6', 'EE3405', '', NULL, 0),
(215, 9, 5, 'Wed', '7', 'EE3405', '', NULL, 0),
(216, 9, 5, 'Wed', '8', 'EE3403', '', NULL, 0),
(217, 9, 5, 'Thu', '1', 'EE3403', '', NULL, 0),
(218, 9, 5, 'Thu', '2', 'EE3404', '', NULL, 0),
(219, 9, 5, 'Thu', '3', 'EE3404', '', NULL, 0),
(220, 9, 5, 'Thu', '4', 'EE3405', '', NULL, 0),
(221, 9, 5, 'Thu', '5', 'EE3412', '', NULL, 0),
(222, 9, 5, 'Thu', '6', 'EE3412', '', NULL, 0),
(223, 9, 5, 'Thu', '7', 'EE3412', '', NULL, 0),
(224, 9, 5, 'Thu', '8', 'EE3404', '', NULL, 0),
(225, 9, 5, 'Fri', '1', 'EE3404', '', NULL, 0),
(226, 9, 5, 'Fri', '2', 'EE3405', '', NULL, 0),
(227, 9, 5, 'Fri', '3', 'EE3405', '', NULL, 0),
(228, 9, 5, 'Fri', '4', 'GE3451', '', NULL, 0),
(229, 9, 5, 'Fri ', '5', 'GE3451', '', NULL, 0),
(230, 9, 5, 'Fri', '6', 'EE3401', '', NULL, 0),
(231, 9, 5, 'Fri', '7', 'EE3401', '', NULL, 0),
(232, 9, 5, 'Fri', '8', 'EE3405', '', NULL, 0),
(233, 9, 5, 'Sat', '1', 'EE3405', '', NULL, 0),
(234, 9, 5, 'Sat', '2', 'GE3451', '', NULL, 0),
(235, 9, 5, 'Sat', '3', 'GE3451', '', NULL, 0),
(236, 9, 5, 'Sat', '4', 'EE3401', '', NULL, 0),
(237, 9, 5, 'Sat', '5', 'EE3413', '', NULL, 0),
(238, 9, 5, 'Sat', '6', 'EE3413', '', NULL, 0),
(239, 9, 5, 'Sat', '7', 'EE3413', '', NULL, 0),
(240, 9, 5, 'Sat', '8', 'GE3451', '', NULL, 0),
(241, 16, 6, 'Mon', '1', 'EE8601', ' ', NULL, 0),
(242, 16, 6, 'Mon', '2', 'EE8602', ' ', NULL, 0),
(243, 16, 6, 'Mon', '3', 'EE8602', ' ', NULL, 0),
(244, 16, 6, 'Mon', '4', 'EE8603', ' ', NULL, 0),
(245, 16, 6, 'Mon', '5', 'EE8681', ' ', NULL, 0),
(246, 16, 6, 'Mon', '6', 'EE8681', ' ', NULL, 0),
(247, 16, 6, 'Mon', '7', 'EE8681', '', NULL, 1),
(248, 16, 6, 'Mon', '8', 'EE8602', '', NULL, 0),
(249, 16, 6, 'Tue', '1', 'EE8602', '', NULL, 0),
(250, 16, 6, 'Tue', '2', 'EE8603', '', NULL, 1),
(251, 16, 6, 'Tue', '3', 'EE8603', '', NULL, 0),
(252, 16, 6, 'Tue', '4', 'EE8003', '', NULL, 0),
(253, 16, 6, 'Tue', '5', 'EE8003', '', NULL, 1),
(254, 16, 6, 'Tue', '6', 'EE8001', '', NULL, 0),
(255, 16, 6, 'Tue', '7', 'EE8001', '', NULL, 0),
(256, 16, 6, 'Tue', '8', 'EE8603', '', NULL, 0),
(257, 16, 6, 'Wed', '1', 'EE8603', '', NULL, 0),
(258, 16, 6, 'Wed', '2', 'EE8003', '', NULL, 0),
(259, 16, 6, 'Wed', '3', 'EE8003', '', NULL, 0),
(260, 16, 6, 'Wed', '4', 'EE8001', '', NULL, 0),
(261, 16, 6, 'Wed', '5', 'EE8013', '', NULL, 0),
(262, 16, 6, 'Wed', '6', 'EE8013', '', NULL, 0),
(263, 16, 6, 'Wed', '7', 'EE8013', '', NULL, 0),
(264, 16, 6, 'Wed', '8', 'EE8003', '', NULL, 0),
(265, 16, 6, 'Thu', '1', 'EE8003', '', NULL, 0),
(266, 16, 6, 'Thu', '2', 'EE8001', '', NULL, 0),
(267, 16, 6, 'Thu', '3', 'EE8001', '', NULL, 0),
(268, 16, 6, 'Thu', '4', 'EE8661', '', NULL, 0),
(269, 16, 6, 'Thu', '5', 'EE8661', '', NULL, 0),
(270, 16, 6, 'Thu', '6', 'EE8601', '', NULL, 0),
(271, 16, 6, 'Thu', '7', 'EE8601', '', NULL, 0),
(272, 16, 6, 'Thu', '8', 'EE8001', '', NULL, 0),
(273, 16, 6, 'Fri', '1', 'EE8001', '', NULL, 0),
(274, 16, 6, 'Fri', '2', 'EE8611', '', NULL, 0),
(275, 16, 6, 'Fri', '3', 'EE8611', '', NULL, 0),
(276, 16, 6, 'Fri', '4', 'EE8601', '', NULL, 0),
(277, 16, 6, 'Fri ', '5', 'EE8611', '', NULL, 0),
(278, 16, 6, 'Fri', '6', 'EE8611', '', NULL, 0),
(279, 16, 6, 'Fri', '7', 'EE8611', '', NULL, 0),
(280, 16, 6, 'Fri', '8', 'EE8661', '', NULL, 0),
(281, 16, 6, 'Sat', '1', 'EE8661', '', NULL, 0),
(282, 16, 6, 'Sat', '2', 'EE8601', '', NULL, 0),
(283, 16, 6, 'Sat', '3', 'EE8601', '', NULL, 0),
(284, 16, 6, 'Sat', '4', 'EE8602', '', NULL, 0),
(285, 16, 6, 'Sat', '5', 'EE8602', '', NULL, 0),
(286, 16, 6, 'Sat', '6', 'EE8603', '', NULL, 0),
(287, 16, 6, 'Sat', '7', 'EE8603', '', NULL, 0),
(288, 16, 6, 'Sat', '8', 'EE8601', '', NULL, 0),
(289, 18, 7, 'Mon', '1', 'ME3491', ' ', NULL, 0),
(290, 18, 7, 'Mon', '2', 'ME3451', ' ', NULL, 0),
(291, 18, 7, 'Mon', '3', 'ME3451', ' ', NULL, 0),
(292, 18, 7, 'Mon', '4', 'ME3492', ' ', NULL, 0),
(293, 18, 7, 'Mon', '5', 'ME3492', ' ', NULL, 0),
(294, 18, 7, 'Mon', '6', 'ME3493', ' ', NULL, 0),
(295, 18, 7, 'Mon', '7', 'ME3493', '', NULL, 0),
(296, 18, 7, 'Mon', '8', 'ME3451', '', NULL, 0),
(297, 18, 7, 'Tue', '1', 'ME3451', '', NULL, 0),
(298, 18, 7, 'Tue', '2', 'ME3492', '', NULL, 0),
(299, 18, 7, 'Tue', '3', 'ME3492', '', NULL, 0),
(300, 18, 7, 'Tue', '4', 'ME3493', '', NULL, 0),
(301, 18, 7, 'Tue', '5', 'CE3481', '', NULL, 0),
(302, 18, 7, 'Tue', '6', 'CE3481', '', NULL, 0),
(303, 18, 7, 'Tue', '7', 'CE3481', '', NULL, 0),
(304, 18, 7, 'Tue', '8', 'ME3492', '', NULL, 0),
(305, 18, 7, 'Wed', '1', 'ME3492', '', NULL, 0),
(306, 18, 7, 'Wed', '2', 'ME3493', '', NULL, 0),
(307, 18, 7, 'Wed', '3', 'ME3493', '', NULL, 0),
(308, 18, 7, 'Wed', '4', 'ME3491', '', NULL, 0),
(309, 18, 7, 'Wed', '5', 'ME3491', '', NULL, 0),
(310, 18, 7, 'Wed', '6', 'ME3451', '', NULL, 0),
(311, 18, 7, 'Wed', '7', 'ME3451', '', NULL, 0),
(312, 18, 7, 'Wed', '8', 'ME3493', '', NULL, 0),
(313, 18, 7, 'Thu', '1', 'ME3493', '', NULL, 0),
(314, 18, 7, 'Thu', '2', 'CE3491', '', NULL, 0),
(315, 18, 7, 'Thu', '3', 'CE3491', '', NULL, 0),
(316, 18, 7, 'Thu', '4', 'GE3451', '', NULL, 0),
(317, 18, 7, 'Thu', '5', 'ME3461', '', NULL, 0),
(318, 18, 7, 'Thu', '6', 'ME3461', '', NULL, 0),
(319, 18, 7, 'Thu', '7', 'ME3461', '', NULL, 0),
(320, 18, 7, 'Thu', '8', 'CE3491', '', NULL, 0),
(321, 18, 7, 'Fri', '1', 'CE3491', '', NULL, 0),
(322, 18, 7, 'Fri', '2', 'GE3451', '', NULL, 0),
(323, 18, 7, 'Fri', '3', 'GE3451', '', NULL, 0),
(324, 18, 7, 'Fri', '4', 'ME3491', '', NULL, 0),
(325, 18, 7, 'Fri ', '5', 'ME3491', '', NULL, 0),
(326, 18, 7, 'Fri', '6', 'ME3451', '', NULL, 0),
(327, 18, 7, 'Fri', '7', 'ME3451', '', NULL, 0),
(328, 18, 7, 'Fri', '8', 'GE3451', '', NULL, 0),
(329, 18, 7, 'Sat', '1', 'GE3451', '', NULL, 0),
(330, 18, 7, 'Sat', '2', 'ME3491', '', NULL, 0),
(331, 18, 7, 'Sat', '3', 'ME3491', '', NULL, 0),
(332, 18, 7, 'Sat', '4', 'ME3451', '', NULL, 0),
(333, 18, 7, 'Sat', '5', 'ME3496', '', NULL, 0),
(334, 18, 7, 'Sat', '6', 'ME3496', '', NULL, 0),
(335, 18, 7, 'Sat', '7', 'ME3496', '', NULL, 0),
(336, 18, 7, 'Sat', '8', 'ME3491', '', NULL, 0),
(337, 7, 8, 'Mon', '1', 'ME8651', ' ', NULL, 0),
(338, 7, 8, 'Mon', '2', 'ME8691', ' ', NULL, 0),
(339, 7, 8, 'Mon', '3', 'ME8691', ' ', NULL, 0),
(340, 7, 8, 'Mon', '4', 'ME8693', ' ', NULL, 0),
(341, 7, 8, 'Mon', '5', 'ME8681', ' ', NULL, 0),
(342, 7, 8, 'Mon', '6', 'ME8681', ' ', NULL, 0),
(343, 7, 8, 'Mon', '7', 'ME8681', '', NULL, 0),
(344, 7, 8, 'Mon', '8', 'ME8691', '', NULL, 0),
(345, 7, 8, 'Tue', '1', 'ME8691', '', NULL, 0),
(346, 7, 8, 'Tue', '2', 'ME8693', '', NULL, 0),
(347, 7, 8, 'Tue', '3', 'ME8693', '', NULL, 0),
(348, 7, 8, 'Tue', '4', 'ME8692', '', NULL, 0),
(349, 7, 8, 'Tue', '5', 'ME8692', '', NULL, 0),
(350, 7, 8, 'Tue', '6', 'ME8694', '', NULL, 0),
(351, 7, 8, 'Tue', '7', 'ME8694', '', NULL, 0),
(352, 7, 8, 'Tue', '8', 'ME8693', '', NULL, 0),
(353, 7, 8, 'Wed', '1', 'ME8693', '', NULL, 0),
(354, 7, 8, 'Wed', '2', 'ME8692', '', NULL, 0),
(355, 7, 8, 'Wed', '3', 'ME8692', '', NULL, 0),
(356, 7, 8, 'Wed', '4', 'ME8694', '', NULL, 0),
(357, 7, 8, 'Wed', '5', 'ME8682', '', NULL, 0),
(358, 7, 8, 'Wed', '6', 'ME8682', '', NULL, 0),
(359, 7, 8, 'Wed', '7', 'ME8682', '', NULL, 0),
(360, 7, 8, 'Wed', '8', 'ME8692', '', NULL, 0),
(361, 7, 8, 'Thu', '1', 'ME8692', '', NULL, 0),
(362, 7, 8, 'Thu', '2', 'ME8694', '', NULL, 0),
(363, 7, 8, 'Thu', '3', 'ME8694', '', NULL, 0),
(364, 7, 8, 'Thu', '4', 'ME8695', '', NULL, 0),
(365, 7, 8, 'Thu', '5', 'ME8695', '', NULL, 0),
(366, 7, 8, 'Thu', '6', 'ME8651', '', NULL, 0),
(367, 7, 8, 'Thu', '7', 'ME8651', '', NULL, 0),
(368, 7, 8, 'Thu', '8', 'ME8694', '', NULL, 0),
(369, 7, 8, 'Fri', '1', 'ME8694', '', NULL, 0),
(370, 7, 8, 'Fri', '2', 'ME8695', '', NULL, 0),
(371, 7, 8, 'Fri', '3', 'ME8695', '', NULL, 0),
(372, 7, 8, 'Fri', '4', 'ME8651', '', NULL, 0),
(373, 7, 8, 'Fri ', '5', 'HS8581', '', NULL, 0),
(374, 7, 8, 'Fri', '6', 'HS8581', '', NULL, 0),
(375, 7, 8, 'Fri', '7', 'HS8581', '', NULL, 0),
(376, 7, 8, 'Fri', '8', 'ME8695', '', NULL, 0),
(377, 7, 8, 'Sat', '1', 'ME8695', '', NULL, 0),
(378, 7, 8, 'Sat', '2', 'ME8651', '', NULL, 0),
(379, 7, 8, 'Sat', '3', 'ME8651', '', NULL, 0),
(380, 7, 8, 'Sat', '4', 'ME8691', '', NULL, 0),
(381, 7, 8, 'Sat', '5', 'ME8691', '', NULL, 0),
(382, 7, 8, 'Sat', '6', 'ME8693', '', NULL, 0),
(383, 7, 8, 'Sat', '7', 'ME8693', '', NULL, 0),
(384, 7, 8, 'Sat', '8', 'ME8651', '', NULL, 0),
(385, 20, 9, 'Mon', '1', 'CE8601', ' ', NULL, 0),
(386, 20, 9, 'Mon', '2', 'CE8602', ' ', NULL, 0),
(387, 20, 9, 'Mon', '3', 'CE8602', ' ', NULL, 0),
(388, 20, 9, 'Mon', '4', 'CE8604', ' ', NULL, 0),
(389, 20, 9, 'Mon', '5', 'CE8604', ' ', NULL, 0),
(390, 20, 9, 'Mon', '6', 'CE8611', ' ', NULL, 0),
(391, 20, 9, 'Mon', '7', 'CE8611', '  ', NULL, 0),
(392, 20, 9, 'Mon', '8', 'CE8602', ' ', NULL, 0),
(393, 20, 9, 'Tue', '1', 'CE8602', ' ', NULL, 0),
(394, 20, 9, 'Tue', '2', 'CE8604', ' ', NULL, 0),
(395, 20, 9, 'Tue', '3', 'CE8604', ' ', NULL, 0),
(396, 20, 9, 'Tue', '4', 'CE8603', ' ', NULL, 0),
(397, 20, 9, 'Tue', '5', 'CE8603', ' ', NULL, 0),
(398, 20, 9, 'Tue', '6', 'EN8592', ' ', NULL, 0),
(399, 20, 9, 'Tue', '7', 'EN8592', ' ', NULL, 0),
(400, 20, 9, 'Tue', '8', 'CE8604', ' ', NULL, 0),
(401, 20, 9, 'Wed', '1', 'CE8604', ' ', NULL, 0),
(402, 20, 9, 'Wed', '2', 'CE8603', ' ', NULL, 0),
(403, 20, 9, 'Wed', '3', 'CE8603', ' ', NULL, 0),
(404, 20, 9, 'Wed', '4', 'EN8592', ' ', NULL, 0),
(405, 20, 9, 'Wed', '5', 'CE8612', ' ', NULL, 0),
(406, 20, 9, 'Wed', '6', 'CE8612', ' ', NULL, 0),
(407, 20, 9, 'Wed', '7', 'CE8612', ' ', NULL, 0),
(408, 20, 9, 'Wed', '8', 'CE8603', ' ', NULL, 0),
(409, 20, 9, 'Thu', '1', 'CE8603', ' ', NULL, 0),
(410, 20, 9, 'Thu', '2', 'EN8592', ' ', NULL, 0),
(411, 20, 9, 'Thu', '3', 'EN8592', ' ', NULL, 0),
(412, 20, 9, 'Thu', '4', 'CE8613', ' ', NULL, 0),
(413, 20, 9, 'Thu', '5', 'CE8613', ' ', NULL, 0),
(414, 20, 9, 'Thu', '6', 'CE8601', ' ', NULL, 0),
(415, 20, 9, 'Thu', '7', 'CE8601', ' ', NULL, 0),
(416, 20, 9, 'Thu', '8', 'EN8592', ' ', NULL, 0),
(417, 20, 9, 'Fri', '1', 'EN8592', ' ', NULL, 0),
(418, 20, 9, 'Fri', '2', 'CE8613', ' ', NULL, 0),
(419, 20, 9, 'Fri', '3', 'CE8613', ' ', NULL, 0),
(420, 20, 9, 'Fri', '4', 'CE8601', ' ', NULL, 0),
(421, 20, 9, 'Fri ', '5', 'CE8581', ' ', NULL, 0),
(422, 20, 9, 'Fri', '6', 'CE8581', ' ', NULL, 0),
(423, 20, 9, 'Fri', '7', 'CE8581', ' ', NULL, 0),
(424, 20, 9, 'Fri', '8', 'CE8613', ' ', NULL, 0),
(425, 20, 9, 'Sat', '1', 'CE8613', ' ', NULL, 0),
(426, 20, 9, 'Sat', '2', 'CE8601', ' ', NULL, 0),
(427, 20, 9, 'Sat', '3', 'CE8601', ' ', NULL, 0),
(428, 20, 9, 'Sat', '4', 'CE8602', ' ', NULL, 0),
(429, 20, 9, 'Sat', '5', 'CE8602', ' ', NULL, 0),
(430, 20, 9, 'Sat', '6', 'CE8604', ' ', NULL, 0),
(431, 20, 9, 'Sat', '7', 'CE8604', ' ', NULL, 0),
(432, 20, 9, 'Sat', '8', 'CE8601', ' ', NULL, 0),
(433, 8, 10, 'Mon', '1', 'CE3401', ' ', NULL, 0),
(434, 8, 10, 'Mon', '2', 'CE3402', ' ', NULL, 0),
(435, 8, 10, 'Mon', '3', 'CE3402', ' ', NULL, 0),
(436, 8, 10, 'Mon', '4', 'CE3403', ' ', NULL, 0),
(437, 8, 10, 'Mon', '5', 'CE3403', ' ', NULL, 0),
(438, 8, 10, 'Mon', '6', 'CE3404', ' ', NULL, 0),
(439, 8, 10, 'Mon', '7', 'CE3404', '', NULL, 0),
(440, 8, 10, 'Mon', '8', 'CE3402', '', NULL, 0),
(441, 8, 10, 'Tue', '1', 'CE3402', '', NULL, 0),
(442, 8, 10, 'Tue', '2', 'CE3403', '', NULL, 0),
(443, 8, 10, 'Tue', '3', 'CE3403', '', NULL, 0),
(444, 8, 10, 'Tue', '4', 'CE3404', '', NULL, 0),
(445, 8, 10, 'Tue', '5', 'CE8411', '', NULL, 0),
(446, 8, 10, 'Tue', '6', 'CE8411', '', NULL, 0),
(447, 8, 10, 'Tue', '7', 'CE8411', '', NULL, 0),
(448, 8, 10, 'Tue', '8', 'CE3403', '', NULL, 0),
(449, 8, 10, 'Wed', '1', 'CE3403', '', NULL, 0),
(450, 8, 10, 'Wed', '2', 'CE3404', '', NULL, 0),
(451, 8, 10, 'Wed', '3', 'CE3404', '', NULL, 0),
(452, 8, 10, 'Wed', '4', 'CE3405', '', NULL, 0),
(453, 8, 10, 'Wed', '5', 'CE3405', '', NULL, 0),
(454, 8, 10, 'Wed', '6', 'GE3451', '', NULL, 0),
(455, 8, 10, 'Wed', '7', 'GE3451', '', NULL, 0),
(456, 8, 10, 'Wed', '8', 'CE3404', '', NULL, 0),
(457, 8, 10, 'Thu', '1', 'CE3404', '', NULL, 0),
(458, 8, 10, 'Thu', '2', 'CE3405', '', NULL, 0),
(459, 8, 10, 'Thu', '3', 'CE3405', '', NULL, 0),
(460, 8, 10, 'Thu', '4', 'GE3451', '', NULL, 0),
(461, 8, 10, 'Thu', '5', 'CE3412', '', NULL, 0),
(462, 8, 10, 'Thu', '6', 'CE3412', '', NULL, 0),
(463, 8, 10, 'Thu', '7', 'CE3412', '', NULL, 0),
(464, 8, 10, 'Thu', '8', 'CE3405', '', NULL, 0),
(465, 8, 10, 'Fri', '1', 'CE3405', '', NULL, 0),
(466, 8, 10, 'Fri', '2', 'CE3451', '', NULL, 0),
(467, 8, 10, 'Fri', '3', 'CE3451', '', NULL, 0),
(468, 8, 10, 'Fri', '4', 'CE3401', '', NULL, 0),
(469, 8, 10, 'Fri ', '5', 'CS3401', '', NULL, 0),
(470, 8, 10, 'Fri', '6', 'CE3402', '', NULL, 0),
(471, 8, 10, 'Fri', '7', 'CE3402', '', NULL, 0),
(472, 8, 10, 'Fri', '8', 'GE3451', '', NULL, 0),
(473, 8, 10, 'Sat', '1', 'GE3451', '', NULL, 0),
(474, 8, 10, 'Sat', '2', 'CE3401', '', NULL, 0),
(475, 8, 10, 'Sat', '3', 'CE3401', '', NULL, 0),
(476, 8, 10, 'Sat', '4', 'CE3402', '', NULL, 0),
(477, 8, 10, 'Sat', '5', 'GE3413', '', NULL, 0),
(478, 8, 10, 'Sat', '6', 'GE3413', '', NULL, 0),
(479, 8, 10, 'Sat', '7', 'GE3413', '', NULL, 0),
(480, 8, 10, 'Sat', '8', 'CE3401', '', NULL, 0),
(481, 6, 11, 'Mon', '1', 'MBA101', ' ', NULL, 0),
(482, 6, 11, 'Mon', '2', 'MBA102', ' ', NULL, 0),
(483, 6, 11, 'Mon', '3', 'MBA103', ' ', NULL, 0),
(484, 6, 11, 'Mon', '4', 'MBA102', ' ', NULL, 0),
(485, 6, 11, 'Tue', '1', 'MBA102', '', NULL, 0),
(486, 6, 11, 'Tue', '2', 'MBA107', '', NULL, 0),
(487, 6, 11, 'Tue', '3', 'MBA107', '', NULL, 0),
(488, 6, 11, 'Tue', '4', 'MBA103', '', NULL, 0),
(489, 6, 11, 'Wed', '1', 'MBA103', '', NULL, 0),
(490, 6, 11, 'Wed', '2', 'MBA104', '', NULL, 0),
(491, 6, 11, 'Wed', '3', 'MBA105', '', NULL, 0),
(492, 6, 11, 'Wed', '4', 'MBA104', '', NULL, 0),
(493, 6, 11, 'Thu', '1', 'MBA104', '', NULL, 0),
(494, 6, 11, 'Thu', '2', 'MBA108', '', NULL, 0),
(495, 6, 11, 'Thu', '3', 'MBA108', '', NULL, 0),
(496, 6, 11, 'Thu', '4', 'MBA105', '', NULL, 0),
(497, 6, 11, 'Fri', '1', 'MBA105', '', NULL, 0),
(498, 6, 11, 'Fri', '2', 'MBA106', '', NULL, 0),
(499, 6, 11, 'Fri', '3', 'MBA101', '', NULL, 0),
(500, 6, 11, 'Fri', '4', 'MBA106', '', NULL, 0),
(501, 6, 11, 'Sat', '1', 'MBA106', '', NULL, 0),
(502, 6, 11, 'Sat', '2', 'MBA102', '', NULL, 0),
(503, 6, 11, 'Sat', '3', 'MBA103', '', NULL, 0),
(504, 6, 11, 'Sat', '4', 'MBA101', '', NULL, 0);

-- --------------------------------------------------------

--
-- Table structure for table `erp_tt_type`
--

CREATE TABLE `erp_tt_type` (
  `type_id` bigint(20) NOT NULL,
  `type_title` varchar(30) NOT NULL,
  `type_hours` int(10) NOT NULL
) ENGINE=InnoDB DEFAULT CHARSET=utf8mb4 COLLATE=utf8mb4_general_ci;

--
-- Dumping data for table `erp_tt_type`
--

INSERT INTO `erp_tt_type` (`type_id`, `type_title`, `type_hours`) VALUES
(1, 'General', 8),
(2, 'MBA', 4);

--
-- Indexes for dumped tables
--

--
-- Indexes for table `erp_attendance`
--
ALTER TABLE `erp_attendance`
  ADD PRIMARY KEY (`att_id`);

--
-- Indexes for table `erp_createexam`
--
ALTER TABLE `erp_createexam`
  ADD PRIMARY KEY (`ce_id`);

--
-- Indexes for table `erp_exam`
--
ALTER TABLE `erp_exam`
  ADD PRIMARY KEY (`exam_id`);

--
-- Indexes for table `erp_fees`
--
ALTER TABLE `erp_fees`
  ADD PRIMARY KEY (`fee_id`);

--
-- Indexes for table `erp_login`
--
ALTER TABLE `erp_login`
  ADD PRIMARY KEY (`log_id`);

--
-- Indexes for table `erp_mark`
--
ALTER TABLE `erp_mark`
  ADD PRIMARY KEY (`mark_id`);

--
-- Indexes for table `erp_schedule`
--
ALTER TABLE `erp_schedule`
  ADD PRIMARY KEY (`sc_id`);

--
-- Indexes for table `erp_timetable`
--
ALTER TABLE `erp_timetable`
  ADD PRIMARY KEY (`tt_id`);

--
-- AUTO_INCREMENT for dumped tables
--

--
-- AUTO_INCREMENT for table `erp_attendance`
--
ALTER TABLE `erp_attendance`
  MODIFY `att_id` bigint(20) NOT NULL AUTO_INCREMENT COMMENT 'attendance id', AUTO_INCREMENT=1001;

--
-- AUTO_INCREMENT for table `erp_createexam`
--
ALTER TABLE `erp_createexam`
  MODIFY `ce_id` bigint(20) NOT NULL AUTO_INCREMENT COMMENT 'Create Exam id', AUTO_INCREMENT=183;

--
-- AUTO_INCREMENT for table `erp_exam`
--
ALTER TABLE `erp_exam`
  MODIFY `exam_id` bigint(30) NOT NULL AUTO_INCREMENT COMMENT 'Exam Id', AUTO_INCREMENT=593;

--
-- AUTO_INCREMENT for table `erp_fees`
--
ALTER TABLE `erp_fees`
  MODIFY `fee_id` bigint(20) NOT NULL AUTO_INCREMENT COMMENT 'fees id', AUTO_INCREMENT=97;

--
-- AUTO_INCREMENT for table `erp_mark`
--
ALTER TABLE `erp_mark`
  MODIFY `mark_id` bigint(20) NOT NULL AUTO_INCREMENT COMMENT 'Mark id', AUTO_INCREMENT=163;

--
-- AUTO_INCREMENT for table `erp_schedule`
--
ALTER TABLE `erp_schedule`
  MODIFY `sc_id` bigint(30) NOT NULL AUTO_INCREMENT COMMENT 'scedule id', AUTO_INCREMENT=13;

--
-- AUTO_INCREMENT for table `erp_timetable`
--
ALTER TABLE `erp_timetable`
  MODIFY `tt_id` int(200) NOT NULL AUTO_INCREMENT COMMENT 'timetable_id (autu_increment)', AUTO_INCREMENT=505;
COMMIT;

/*!40101 SET CHARACTER_SET_CLIENT=@OLD_CHARACTER_SET_CLIENT */;
/*!40101 SET CHARACTER_SET_RESULTS=@OLD_CHARACTER_SET_RESULTS */;
/*!40101 SET COLLATION_CONNECTION=@OLD_COLLATION_CONNECTION */;
